sort_key,en,pos,level,band,stage_range,ja,source
1,not,adv,A1,1,1,〜でない,cefrj
2,just,adv,A1,1,1,ちょうど、ただ〜だけ,cefrj
3,like,verb,A1,1,1,好む、好きだ,cefrj
4,about,adv,A1,1,1,〜について、約,cefrj
5,out,adv,A1,1,1,外へ、外に,cefrj
6,when,adv,A1,1,1,〜するとき、いつ,cefrj
7,no,adv,A1,1,1,少しの〜もない、いいえ,cefrj
8,there,adv,A1,1,1,そこに、あそこに,cefrj
9,time,noun,A1,1,1,時間、時,cefrj
10,get,verb,A1,1,1,手に入れる、なる,cefrj
11,new,adj,A1,1,1,新しい、新任の,cefrj
12,people,noun,A1,1,1,人々、国民,cefrj
13,how,adv,A1,1,1,どのように、どれほど,cefrj
14,also,adv,A1,1,1,〜もまた、さらに,cefrj
15,now,adv,A1,1,1,今、現在は,cefrj
16,good,adj,A1,1,1,よい、優れた,cefrj
17,only,adj,A1,1,1,〜だけ、ただ〜のみ,cefrj
18,first,adj,A1,1,1,最初の、第1の,cefrj
19,know,verb,A1,1,1,知っている、わかる,cefrj
20,see,verb,A1,1,1,見る、会う,cefrj
21,make,verb,A1,1,1,作る、〜にする,cefrj
22,think,verb,A1,1,1,思う、考える,cefrj
23,then,adv,A1,1,1,その時、それから,cefrj
24,back,adv,A1,1,1,後ろへ、戻って,cefrj
25,want,verb,A1,1,1,欲しい、〜したい,cefrj
26,go,verb,A1,1,1,行く、進む,cefrj
27,well,adj,A1,1,1,上手に、十分に,cefrj
28,way,noun,A1,1,1,道、方法,cefrj
29,much,adv,A1,1,1,たくさんの、多量の,cefrj
30,very,adv,A1,1,1,とても、大変,cefrj
31,where,adv,A1,1,1,どこに、どこで,cefrj
32,may,noun,A1,1,1,〜かもしれない,cefrj
33,here,adv,A1,1,1,ここに、ここで,cefrj
34,really,adv,A1,1,1,本当に、実に,cefrj
35,right,adj,A1,1,1,正しい、右の,cefrj
36,work,noun,A1,1,1,仕事、働く,cefrj
37,year,noun,A1,1,1,年、1年,cefrj
38,day,noun,A1,1,1,日、1日,cefrj
39,too,adv,A1,1,1,〜もまた、あまりに,cefrj
40,before,adv,A1,1,1,〜の前に,cefrj
41,off,adj,A1,1,1,離れて、休みで,cefrj
42,why,adv,A1,1,1,なぜ、どうして,cefrj
43,still,adj,A1,1,1,まだ、依然として,cefrj
44,take,verb,A1,1,1,連れて行く、取る,cefrj
45,never,adv,A1,1,1,決して〜ない,cefrj
46,life,noun,A1,1,1,生活、生命,cefrj
47,say,verb,A1,1,1,言う、述べる,cefrj
48,world,noun,A1,1,1,世界、世間,cefrj
49,down,adv,A1,1,1,下に、下がって,cefrj
50,great,adj,A1,1,1,偉大な、すばらしい,cefrj
51,best,adj,A1,1,1,最もよい、最高の,cefrj+ai
52,love,noun,A1,1,1,愛する、大好きだ,cefrj
53,man,noun,A1,1,1,男性、人,cefrj
54,home,noun,A1,1,1,家庭、家へ,cefrj
55,long,adj,A1,1,1,長い、長く,cefrj
56,look,noun,A1,1,1,見る、〜に見える,cefrj
57,use,verb,A1,1,1,使う、利用する,cefrj
58,same,adj,A1,1,1,同じ、同一の,cefrj
59,both,adv,A1,1,1,両方の、双方,cefrj
60,come,verb,A1,1,1,来る、やって来る,cefrj
61,always,adv,A1,1,1,いつも、常に,cefrj
62,better,adj,A1,1,1,よりよい,cefrj+ai
63,find,verb,A1,1,1,見つける、気づく,cefrj
64,help,verb,A1,1,1,助ける、役立つ,cefrj
65,high,adj,A1,1,1,高い、高度な,cefrj
66,little,adj,A1,1,1,小さい、ほとんどない,cefrj
67,old,adj,A1,1,1,古い、年をとった,cefrj
68,own,adj,A1,1,1,自分自身の、所有する,cefrj
69,game,noun,A1,1,1,競技、試合,cefrj
70,thing,noun,A1,1,1,もの、こと,cefrj
71,give,verb,A1,1,1,与える、あげる,cefrj
72,house,noun,A1,1,1,家、住宅,cefrj
73,place,noun,A1,1,1,場所、位置,cefrj
74,school,noun,A1,1,1,学校、学派,cefrj
75,again,adv,A1,1,1,再び、もう一度,cefrj
76,mr,noun,A1,1,1,〜さん（男性）、〜氏,cefrj+ai
77,end,noun,A1,1,1,終わり、結末,cefrj
78,show,verb,A1,1,1,見せる、示す,cefrj
79,big,adj,A1,1,1,大きい、重大な,cefrj
80,feel,verb,A1,1,1,感じる、気がする,cefrj
81,sure,adj,A1,1,1,確信して、確実な,cefrj
82,team,noun,A1,1,1,チーム、共同作業班,cefrj
83,family,noun,A1,1,1,家族、家庭,cefrj
84,keep,verb,A1,1,1,保つ、続ける,cefrj
85,please,adv,A1,1,1,どうぞ、喜ばせる,cefrj
86,put,verb,A1,1,1,置く、入れる,cefrj
87,money,noun,A1,1,1,お金、金銭,cefrj
88,free,adj,A1,1,1,自由な、無料の,cefrj
89,second,adj,A1,1,1,第2の、秒,cefrj
90,away,adv,A1,1,1,離れて、去って,cefrj
91,left,adj,A1,1,1,左の、左側に,cefrj
92,number,noun,A1,1,1,数、番号,cefrj
93,city,noun,A1,1,1,市、都市,cefrj
94,lot,adv,A1,1,1,たくさんのこと、土地,cefrj
95,name,noun,A1,1,1,名前、名付ける,cefrj
96,night,noun,A1,1,1,夜、晩,cefrj
97,play,noun,A1,1,1,遊ぶ、演奏する,cefrj
98,let,verb,A1,1,1,〜させる、許す,cefrj
99,real,adj,A1,1,1,本物の、真実の,cefrj
100,different,adj,A1,1,1,違った、異なる,cefrj
101,set,verb,A1,1,1,置く、設定する,cefrj
102,group,noun,A1,1,1,集団、グループ,cefrj
103,top,noun,A1,1,1,頂上、最高の,cefrj
104,business,noun,A1,1,1,事業、職業,cefrj
105,care,noun,A1,1,1,気にする、世話をする,cefrj
106,start,noun,A1,1,1,始まる、始める,cefrj
107,week,noun,A1,1,1,週、1週間,cefrj
108,already,adv,A1,1,1,すでに、もう,cefrj
109,case,noun,A1,1,1,場合、事件,cefrj
110,person,noun,A1,1,1,人、人間,cefrj
111,today,adv,A1,1,1,今日、現在,cefrj
112,change,noun,A1,1,1,変える、変わる,cefrj
113,full,adj,A1,1,1,満ちた、完全な,cefrj
114,live,verb,A1,1,1,住む、生きる,cefrj
115,point,noun,A1,1,1,要点、指さす,cefrj
116,read,verb,A1,1,1,読む、読書する,cefrj
117,yet,adv,A1,1,1,まだ、しかしながら,cefrj
118,bad,adj,A1,1,1,悪い、下手の,cefrj
119,hard,adj,A1,1,1,固い、熱心に,cefrj
120,mean,verb,A1,1,1,意味する、意図する,cefrj
121,once,adv,A1,1,1,一度、かつて,cefrj
122,tell,verb,A1,1,1,伝える、教える,cefrj
123,music,noun,A1,1,1,音楽、楽曲,cefrj
124,stop,noun,A1,1,1,止める、止まる,cefrj
125,water,noun,A1,1,1,水、水をやる,cefrj
126,believe,verb,A1,1,1,信じる、確信する,cefrj
127,call,noun,A1,1,1,呼ぶ、電話する,cefrj
128,head,noun,A1,1,1,頭、向かう,cefrj
129,small,adj,A1,1,1,小さい、わずかな,cefrj
130,white,adj,A1,1,1,白い、白色,cefrj
131,job,noun,A1,1,1,仕事、職,cefrj
132,side,noun,A1,1,1,側、側面,cefrj
133,try,noun,A1,1,1,試す、努力する,cefrj
134,yes,adv,A1,1,1,はい、そうです,cefrj
135,later,adv,A1,1,1,後で,cefrj+ai
136,line,noun,A1,1,1,線、列,cefrj
137,order,noun,A1,1,1,順序、注文する,cefrj
138,party,noun,A1,1,1,政党、パーティー,cefrj
139,run,noun,A1,1,1,走る、経営する,cefrj
140,open,adj,A1,1,1,開いた、開く,cefrj
141,thank,verb,A1,1,1,感謝する、礼を言う,cefrj
142,black,adj,A1,1,1,黒い、暗黒の,cefrj
143,following,adj,A1,1,1,次の、以下の,cefrj+ai
144,together,adv,A1,1,1,一緒に、共に,cefrj
145,war,noun,A1,1,1,戦争、戦い,cefrj
146,car,noun,A1,1,1,車、自動車,cefrj
147,face,noun,A1,1,1,顔、直面する,cefrj
148,kind,noun,A1,1,1,種類、親切な,cefrj
149,maybe,adv,A1,1,1,たぶん、もしかして,cefrj
150,story,noun,A1,1,1,物語、話,cefrj
151,course,noun,A1,1,1,進路、講座,cefrj
152,health,noun,A1,1,1,健康、健康状態,cefrj
153,hope,noun,A1,1,1,望む、希望,cefrj
154,important,adj,A1,1,1,重要な、大切な,cefrj
155,news,noun,A1,1,1,知らせ、ニュース,cefrj
156,book,noun,A1,1,1,本、予約する,cefrj
157,early,adv,A1,1,1,早い、早く,cefrj
158,information,noun,A1,1,1,情報、案内,cefrj
159,post,noun,A1,1,1,郵便、柱,cefrj
160,thanks,noun,A1,1,1,感謝、ありがとう,cefrj+ai
161,video,noun,A1,1,1,映像、ビデオ,cefrj
162,young,adj,A1,1,1,若い、幼い,cefrj
163,ago,adv,A1,1,1,前に、以前に,cefrj
164,social,adj,A1,1,1,社会の、社交的な,cefrj
165,talk,verb,A1,1,1,話す、しゃべる,cefrj
166,half,noun,A1,1,1,半分、2分の1,cefrj
167,hand,noun,A1,1,1,手、渡す,cefrj
168,mind,noun,A1,1,1,心、気にする,cefrj
169,often,adv,A1,1,1,しばしば、よく,cefrj
170,become,verb,A1,1,1,〜になる,cefrj
171,body,noun,A1,1,1,身体、肉体,cefrj
172,food,noun,A1,1,1,食べ物、食糧,cefrj
173,guy,noun,A1,1,1,男、やつ,cefrj
174,office,noun,A1,1,1,事務所、会社,cefrj
175,pay,noun,A1,1,1,支払う、代金,cefrj
176,problem,noun,A1,1,1,問題、課題,cefrj
177,true,adj,A1,1,1,真実の、本当の,cefrj
178,almost,adv,A1,1,1,ほとんど、ほぼ,cefrj
179,history,noun,A1,1,1,歴史、履歴,cefrj
180,large,adj,A1,1,1,大きい、大規模な,cefrj
181,room,noun,A1,1,1,部屋、空間,cefrj
182,win,verb,A1,1,1,勝つ、勝ち取る,cefrj
183,wrong,adj,A1,1,1,間違った、不適切な,cefrj
184,along,adv,A1,1,1,〜に沿って,cefrj
185,else,adv,A1,1,1,そのほかに,cefrj
186,girl,noun,A1,1,1,少女、女の子,cefrj
187,matter,noun,A1,1,1,事柄、重要である,cefrj
188,pretty,adj,A1,1,1,かわいい、かなり,cefrj
189,remember,verb,A1,1,1,覚えている、思い出す,cefrj
190,friend,noun,A1,1,1,友人、友達,cefrj
191,nice,adj,A1,1,1,すてきな、親切な,cefrj
192,class,noun,A1,1,1,授業、階級,cefrj
193,close,adj,A1,1,1,近い、閉める,cefrj
194,idea,noun,A1,1,1,考え、アイデア,cefrj
195,past,adv,A1,1,1,過去、過ぎ去った,cefrj
196,due,adj,A1,1,1,予定された、期日の,cefrj
197,happy,adj,A1,1,1,幸せな、うれしい,cefrj
198,move,noun,A1,1,1,動く、引っ越す,cefrj
199,question,noun,A1,1,1,質問、疑問,cefrj
200,wait,verb,A1,1,1,待つ、待機する,cefrj
201,woman,noun,A1,1,1,女性、婦人,cefrj
202,ask,verb,A1,1,1,尋ねる、頼む,cefrj
203,late,adj,A1,1,1,遅れた、遅い,cefrj
204,leave,verb,A1,1,1,去る、残す,cefrj
205,saw,noun,A1,1,1,のこぎり,cefrj+ai
206,special,adj,A1,1,1,特別な、専門の,cefrj
207,watch,noun,A1,1,1,見る、見守る,cefrj
208,either,adv,A1,1,1,どちらか一方の,cefrj
209,future,noun,A1,1,1,未来、将来,cefrj
210,light,adj,A1,1,1,光、明るい,cefrj
211,morning,noun,A1,1,1,朝、午前,cefrj
212,short,adj,A1,1,1,短い、背が低い,cefrj
213,stay,verb,A1,1,1,とどまる、滞在する,cefrj
214,age,noun,A1,1,1,年齢、時代,cefrj
215,buy,verb,A1,1,1,買う、購入する,cefrj
216,reason,noun,A1,1,1,理由、理性,cefrj
217,red,adj,A1,1,1,赤い、赤色,cefrj
218,soon,adv,A1,1,1,すぐに、間もなく,cefrj
219,turn,noun,A1,1,1,曲がる、順番,cefrj
220,check,noun,A1,1,1,調べる、照合する,cefrj
221,form,noun,A1,1,1,形、記入用紙,cefrj
222,heart,noun,A1,1,1,心臓、心,cefrj
223,child,noun,A1,1,1,子ども,cefrj
224,fire,noun,A1,1,1,火、火事,cefrj
225,fun,adj,A1,1,1,楽しみ、おもしろい,cefrj
226,living,adj,A1,1,1,生きている、現存の,cefrj+ai
227,phone,noun,A1,1,1,電話、電話をかける,cefrj
228,art,noun,A1,1,1,芸術、美術,cefrj
229,behind,adv,A1,1,1,〜の後ろに,cefrj
230,building,noun,A1,1,1,建物、ビル,cefrj+ai
231,easy,adj,A1,1,1,簡単な、容易な,cefrj
232,plan,noun,A1,1,1,計画、計画する,cefrj
233,front,adj,A1,1,1,正面、前部,cefrj
234,list,noun,A1,1,1,表、一覧表,cefrj
235,ready,adj,A1,1,1,準備ができた,cefrj
236,son,noun,A1,1,1,息子、男児,cefrj
237,street,noun,A1,1,1,通り、街路,cefrj
238,bring,verb,A1,1,1,持ってくる、連れてくる,cefrj
239,college,noun,A1,1,1,大学、単科大学,cefrj
240,example,noun,A1,1,1,例、手本,cefrj
241,meet,verb,A1,1,1,会う、満たす,cefrj
242,program,noun,A1,1,1,番組、計画,cefrj
243,type,noun,A1,1,1,型、種類,cefrj
244,baby,noun,A1,1,1,赤ん坊、赤ちゃん,cefrj
245,father,noun,A1,1,1,父、父親,cefrj
246,march,noun,A1,1,1,行進する、進軍,cefrj
247,song,noun,A1,1,1,歌、楽曲,cefrj
248,study,verb,A1,1,1,勉強する、研究する,cefrj
249,word,noun,A1,1,1,言葉、単語,cefrj
250,action,noun,A1,1,1,行動、活動,cefrj
251,month,noun,A1,1,1,月、1か月,cefrj
252,outside,adv,A1,1,1,外に、外部の,cefrj
253,self,noun,A1,1,1,自己、自身,cefrj
254,board,noun,A1,1,1,板、委員会,cefrj
255,cut,verb,A1,1,1,切る、削減する,cefrj
256,field,noun,A1,1,1,野原、分野,cefrj
257,moment,noun,A1,1,1,瞬間、時,cefrj
258,mother,noun,A1,1,1,母、母親,cefrj
259,town,noun,A1,1,1,町、都会,cefrj
260,fight,noun,A1,1,1,戦う、格闘する,cefrj
261,fine,adj,A1,1,1,元気な、罰金,cefrj
262,hear,verb,A1,1,1,聞く、聞こえる,cefrj
263,price,noun,A1,1,1,価格、値段,cefrj
264,summer,noun,A1,1,1,夏、夏季,cefrj
265,wife,noun,A1,1,1,妻、女房,cefrj
266,beautiful,adj,A1,1,1,美しい、見事な,cefrj
267,date,noun,A1,1,1,日付、デート,cefrj
268,miss,noun,A1,1,1,逃す、寂しく思う,cefrj
269,site,noun,A1,1,1,敷地、ウェブサイト,cefrj
270,strong,adj,A1,1,1,強い、丈夫な,cefrj
271,june,noun,A1,1,1,6月,cefrj+ai
272,period,noun,A1,1,1,期間、時代,cefrj
273,above,adv,A1,1,1,〜の上に,cefrj
274,club,noun,A1,1,1,同好会、クラブ,cefrj
275,personal,adj,A1,1,1,個人的な、個人の,cefrj
276,share,verb,A1,1,1,共有する、分け合う,cefrj
277,tv,noun,A1,1,1,テレビ,cefrj+ai
278,april,noun,A1,1,1,4月,cefrj+ai
279,happen,verb,A1,1,1,起こる、生じる,cefrj
280,hold,noun,A1,1,1,持つ、開催する,cefrj
281,player,noun,A1,1,1,選手、演奏者,cefrj
282,star,noun,A1,1,1,星、恒星,cefrj
283,test,noun,A1,1,1,試験、検査する,cefrj
284,break,verb,A1,1,1,壊す、休憩,cefrj
285,event,noun,A1,1,1,出来事、行事,cefrj
286,hour,noun,A1,1,1,時間、1時間,cefrj
287,middle,adj,A1,1,1,真ん中、中間の,cefrj
288,present,noun,A1,1,1,出席して、現在の,cefrj
289,result,noun,A1,1,1,結果、生じる,cefrj
290,sorry,adj,A1,1,1,申し訳なく思う,cefrj
291,wish,noun,A1,1,1,望む、願う,cefrj
292,answer,noun,A1,1,1,答え、答える,cefrj
293,boy,noun,A1,1,1,少年、男の子,cefrj
294,design,noun,A1,1,1,設計する、デザイン,cefrj
295,gold,adj,A1,1,1,金、金色,cefrj
296,guess,verb,A1,1,1,推測する、言い当てる,cefrj
297,july,noun,A1,1,1,7月,cefrj+ai
298,king,noun,A1,1,1,王、国王,cefrj
299,learn,verb,A1,1,1,学ぶ、習得する,cefrj
300,alone,adv,A1,1,1,ただ1人で、孤独な,cefrj
301,bank,noun,A1,1,1,銀行、土手,cefrj
302,church,noun,A1,1,1,教会、聖堂,cefrj
303,hot,adj,A1,1,1,熱い、暑い,cefrj
304,movie,noun,A1,1,1,映画,cefrj
305,park,noun,A1,1,1,公園、駐車する,cefrj
306,role,noun,A1,1,1,役割、役柄,cefrj
307,cool,adj,A1,1,1,涼しい、かっこいい,cefrj
308,ground,noun,A1,1,1,地面、土地,cefrj
309,meeting,noun,A1,1,1,会議、会合,cefrj+ai
310,september,noun,A1,1,1,9月,cefrj+ai
311,usually,adv,A1,1,1,ふつうは、普段は,cefrj
312,ok,adj,A1,1,1,大丈夫な、よい,cefrj+ai
313,reading,noun,A1,1,1,読書,cefrj+ai
314,save,verb,A1,1,1,救う、節約する,cefrj
315,stand,noun,A1,1,1,立つ、我慢する,cefrj
316,blue,adj,A1,1,1,青い、憂うつな,cefrj
317,drive,noun,A1,1,1,運転する、追いやる,cefrj
318,eat,verb,A1,1,1,食べる、食事する,cefrj
319,fast,adj,A1,1,1,速い、速く,cefrj
320,feeling,noun,A1,1,1,感情、気持ち,cefrj+ai
321,green,adj,A1,1,1,緑色の、未熟な,cefrj
322,match,noun,A1,1,1,一致する、試合,cefrj
323,picture,noun,A1,1,1,写真、絵,cefrj
324,size,noun,A1,1,1,大きさ、寸法,cefrj
325,step,verb,A1,1,1,歩み、階段の段,cefrj
326,key,adj,A1,1,1,鍵、手がかり,cefrj
327,mom,noun,A1,1,1,お母さん、ママ,cefrj
328,page,noun,A1,1,1,ページ,cefrj
329,review,noun,A1,1,1,再検討、論評する,cefrj
330,science,noun,A1,1,1,科学、理科,cefrj
331,brother,noun,A1,1,1,兄、弟,cefrj
332,character,noun,A1,1,1,性格、登場人物,cefrj
333,cup,noun,A1,1,1,茶わん、カップ,cefrj
334,football,noun,A1,1,1,サッカー、フットボール,cefrj
335,october,noun,A1,1,1,10月,cefrj+ai
336,vote,noun,A1,1,1,投票する、投票,cefrj
337,august,noun,A1,1,1,8月,cefrj+ai
338,dog,noun,A1,1,1,犬,cefrj
339,language,noun,A1,1,1,言語、言葉,cefrj
340,november,noun,A1,1,1,11月,cefrj+ai
341,stage,noun,A1,1,1,段階、舞台,cefrj
342,add,verb,A1,1,1,加える、足す,cefrj
343,article,noun,A1,1,1,記事、品物,cefrj
344,enjoy,verb,A1,1,1,楽しむ,cefrj
345,january,noun,A1,1,1,1月,cefrj+ai
346,kill,verb,A1,1,1,殺す、命を奪う,cefrj
347,poor,adj,A1,1,1,貧しい、不十分な,cefrj
348,technology,noun,A1,1,1,科学技術,cefrj
349,code,noun,A1,1,1,暗号、法規,cefrj
350,cover,noun,A1,1,1,覆う、カバーする,cefrj
351,door,noun,A1,1,1,ドア、扉,cefrj
352,foreign,adj,A1,1,1,外国の、異質の,cefrj
353,hair,noun,A1,1,1,髪、毛,cefrj
354,pick,verb,A1,1,1,選ぶ、摘む,cefrj
355,sign,noun,A1,1,1,兆候、署名する,cefrj
356,super,adj,A1,1,1,超、最高の,cefrj
357,walk,noun,A1,1,1,歩く、散歩する,cefrj
358,bed,noun,A1,1,1,ベッド、寝床,cefrj
359,daughter,noun,A1,1,1,娘,cefrj
360,december,noun,A1,1,1,12月,cefrj+ai
361,difficult,adj,A1,1,1,難しい、困難な,cefrj
362,hospital,noun,A1,1,1,病院,cefrj
363,paper,noun,A1,1,1,紙、新聞,cefrj
364,forget,verb,A1,1,1,忘れる、思い落とす,cefrj
365,goal,noun,A1,1,1,目標、得点,cefrj
366,internet,noun,A1,1,1,インターネット,cefrj+ai
367,listen,verb,A1,1,1,耳を傾ける、聞く,cefrj
368,practice,noun,A1,1,1,練習、実践する,cefrj
369,sea,noun,A1,1,1,海、海洋,cefrj
370,sir,noun,A1,1,1,お客様、先生,cefrj
371,below,adv,A1,1,1,〜より下に,cefrj
372,sleep,verb,A1,1,1,眠る、睡眠,cefrj
373,table,noun,A1,1,1,テーブル、表,cefrj
374,ball,noun,A1,1,1,ボール、球,cefrj
375,box,noun,A1,1,1,箱、小箱,cefrj
376,build,verb,A1,1,1,建てる、建設する,cefrj
377,card,noun,A1,1,1,カード、トランプ,cefrj
378,dark,adj,A1,1,1,暗い、濃い,cefrj
379,note,noun,A1,1,1,覚え書き、注意する,cefrj
380,piece,noun,A1,1,1,破片、作品,cefrj
381,straight,adv,A1,1,1,まっすぐな、直接の,cefrj
382,visit,noun,A1,1,1,訪問する、訪れる,cefrj
383,wall,noun,A1,1,1,壁、城壁,cefrj
384,culture,noun,A1,1,1,文化、教養,cefrj
385,february,noun,A1,1,1,2月,cefrj+ai
386,officer,noun,A1,1,1,将校、公務員,cefrj
387,river,noun,A1,1,1,川、河川,cefrj
388,speak,verb,A1,1,1,話す、演説する,cefrj
389,tonight,adv,A1,1,1,今夜、今晩,cefrj
390,write,verb,A1,1,1,書く、手紙を書く,cefrj
391,album,noun,A1,1,1,アルバム、曲集,cefrj
392,cold,adj,A1,1,1,冷たい、風邪,cefrj
393,eye,noun,A1,1,1,目、視力,cefrj
394,funny,adj,A1,1,1,おかしい、こっけいな,cefrj
395,peace,noun,A1,1,1,平和、安らぎ,cefrj
396,store,noun,A1,1,1,店、蓄える,cefrj
397,student,noun,A1,1,1,学生、生徒,cefrj
398,tomorrow,adv,A1,1,1,明日、未来,cefrj
399,brown,adj,A1,1,1,茶色の、褐色,cefrj
400,difference,noun,A1,1,1,違い、相違点,cefrj
401,island,noun,A1,1,1,島、島根,cefrj
402,radio,noun,A1,1,1,ラジオ、無線,cefrj
403,station,noun,A1,1,1,駅、部署,cefrj
404,focus,verb,A1,1,1,集中させる、焦点,cefrj
405,husband,noun,A1,1,1,夫,cefrj
406,ice,noun,A1,1,1,氷、氷水,cefrj
407,interesting,adj,A1,1,1,おもしろい、興味深い,cefrj+ai
408,join,verb,A1,1,1,参加する、加わる,cefrj
409,message,noun,A1,1,1,伝言、メッセージ,cefrj
410,quickly,adv,A1,1,1,速く、すぐに,cefrj
411,section,noun,A1,1,1,部分、部門,cefrj
412,travel,verb,A1,1,1,旅行する、進む,cefrj
413,drop,verb,A1,1,1,落とす、落ちる,cefrj
414,fair,adj,A1,1,1,公平な、見本市,cefrj
415,kid,noun,A1,1,1,子ども、冗談を言う,cefrj
416,sale,noun,A1,1,1,販売、特売,cefrj
417,welcome,verb,A1,1,1,歓迎される、ようこそ,cefrj
418,minute,noun,A1,1,1,分、少しの間,cefrj
419,sell,verb,A1,1,1,売る、販売する,cefrj
420,agree,verb,A1,1,1,同意する、賛成する,cefrj
421,clean,adj,A1,1,1,きれいな、掃除する,cefrj
422,computer,noun,A1,1,1,コンピューター,cefrj
423,favorite,adj,A1,1,1,お気に入りの、大好きな,cefrj
424,photo,noun,A1,1,1,写真,cefrj
425,spend,verb,A1,1,1,費やす、過ごす,cefrj
426,sun,noun,A1,1,1,太陽、日光,cefrj
427,coach,noun,A1,1,1,指導員、客車,cefrj
428,collection,noun,A1,1,1,収集物、集めること,cefrj
429,friday,noun,A1,1,1,金曜日,cefrj+ai
430,heavy,adj,A1,1,1,重い、激しい,cefrj
431,subject,noun,A1,1,1,科目、主題,cefrj
432,train,noun,A1,1,1,列車、訓練する,cefrj
433,dad,noun,A1,1,1,お父さん、パパ,cefrj
434,hotel,noun,A1,1,1,ホテル、旅館,cefrj
435,interested,adj,A1,1,1,興味がある,cefrj+ai
436,judge,verb,A1,1,1,判断する、裁判官,cefrj
437,lady,noun,A1,1,1,婦人、女性,cefrj
438,leader,noun,A1,1,1,指導者、首領,cefrj
439,letter,noun,A1,1,1,手紙、文字,cefrj
440,sister,noun,A1,1,1,姉、妹,cefrj
441,bar,noun,A1,1,1,棒、酒場,cefrj
442,brain,noun,A1,1,1,脳、頭脳,cefrj
443,floor,noun,A1,1,1,床、階,cefrj
444,hurt,verb,A1,1,1,痛む、傷つける,cefrj
445,rule,noun,A1,1,1,規則、支配する,cefrj
446,successful,adj,A1,1,1,成功した、上首尾の,cefrj
447,dance,noun,A1,1,1,踊る、ダンス,cefrj
448,ship,noun,A1,1,1,船、発送する,cefrj
449,weekend,noun,A1,1,1,週末,cefrj
450,band,noun,A1,1,1,楽団、ひも,cefrj
451,beach,noun,A1,1,1,浜辺、海辺,cefrj
452,fan,noun,A1,1,1,愛好者、うちわ,cefrj
453,imagine,verb,A1,1,1,想像する、心に描く,cefrj
454,spring,noun,A1,1,1,春、泉,cefrj
455,sunday,noun,A1,1,1,日曜日,cefrj+ai
456,wear,verb,A1,1,1,身につけている、着る,cefrj
457,address,noun,A1,1,2,住所、演説する,cefrj
458,choose,verb,A1,1,2,選ぶ、選択する,cefrj
459,color,noun,A1,1,2,色、色彩,cefrj
460,dream,noun,A1,1,2,夢、夢を見る,cefrj
461,finish,noun,A1,1,2,終える、終わる,cefrj
462,luck,noun,A1,1,2,幸運、巡り合わせ,cefrj
463,rich,adj,A1,1,2,裕福な、豊富な,cefrj
464,sweet,adj,A1,1,2,甘い、心地よい,cefrj
465,touch,noun,A1,1,2,触れる、感動させる,cefrj
466,yesterday,adv,A1,1,2,昨日,cefrj
467,closed,adj,A1,1,2,閉まった、閉じた,cefrj+ai
468,doctor,noun,A1,1,2,医者、博士,cefrj
469,drink,noun,A1,1,2,飲む、飲み物,cefrj
470,fish,noun,A1,1,2,魚、魚を釣る,cefrj
471,glad,adj,A1,1,2,うれしい、喜んで,cefrj
472,grow,verb,A1,1,2,成長する、育てる,cefrj
473,machine,noun,A1,1,2,機械、器械,cefrj
474,sit,verb,A1,1,2,座る、腰掛ける,cefrj
475,trip,noun,A1,1,2,旅行、つまずく,cefrj
476,carry,verb,A1,1,2,運ぶ、携帯する,cefrj
477,mrs,noun,A1,1,2,〜夫人、〜さん（既婚女性）,cefrj+ai
478,smith,noun,A1,1,2,かじ屋,cefrj+ai
479,spot,noun,A1,1,2,場所、斑点,cefrj
480,winter,noun,A1,1,2,冬、冬季,cefrj
481,block,noun,A1,1,2,塊、ふさぐ,cefrj
482,broken,adj,A1,1,2,壊れた,cefrj+ai
483,shop,noun,A1,1,2,店、買い物をする,cefrj
484,sick,adj,A1,1,2,病気の、吐き気がする,cefrj
485,teacher,noun,A1,1,2,先生、教師,cefrj
486,camera,noun,A1,1,2,カメラ、写真機,cefrj
487,catch,noun,A1,1,2,捕まえる、間に合う,cefrj
488,hall,noun,A1,1,2,玄関、大広間,cefrj
489,pop,noun,A1,1,2,ポピュラー音楽、飛び出る,cefrj
490,saturday,noun,A1,1,2,土曜日,cefrj+ai
491,weather,noun,A1,1,2,天気、気候,cefrj
492,activity,noun,A1,1,2,活動、行動,cefrj
493,coffee,noun,A1,1,2,コーヒー,cefrj
494,evening,noun,A1,1,2,晩、夕方,cefrj
495,interview,noun,A1,1,2,面接、会見する,cefrj
496,library,noun,A1,1,2,図書館、書斎,cefrj
497,fat,adj,A1,1,2,太った、脂肪,cefrj
498,glass,noun,A1,1,2,ガラス、コップ,cefrj
499,mobile,noun,A1,1,2,移動式の、可動の,cefrj
500,ride,noun,A1,1,2,乗る、乗車,cefrj
501,slow,adj,A1,1,2,遅い、ゆっくりした,cefrj
502,speech,noun,A1,1,2,演説、スピーチ,cefrj
503,tree,noun,A1,1,2,木、樹木,cefrj
504,wonderful,adj,A1,1,2,素晴らしい、素敵な,cefrj
505,airport,noun,A1,1,2,空港,cefrj+ai
506,begin,verb,A1,1,2,始まる、始める,cefrj
507,bottom,noun,A1,1,2,底、最下部,cefrj
508,famous,adj,A1,1,2,有名な、高名な,cefrj
509,partner,noun,A1,1,2,共同経営者、配偶者,cefrj
510,sad,adj,A1,1,2,悲しい、憂うつな,cefrj
511,wind,noun,A1,1,2,風、巻きつく,cefrj
512,worry,noun,A1,1,2,心配する、悩ます,cefrj
513,bus,noun,A1,1,2,バス,cefrj
514,mouth,noun,A1,1,2,口、口元,cefrj
515,owner,noun,A1,1,2,所有者、持ち主,cefrj
516,smart,adj,A1,1,2,頭が良い、利口な,cefrj
517,throw,noun,A1,1,2,投げる、放り投げる,cefrj
518,hill,noun,A1,1,2,丘、坂道,cefrj
519,push,verb,A1,1,2,押す、強く迫る,cefrj
520,rose,noun,A1,1,2,バラ、ばら,cefrj
521,seat,noun,A1,1,2,座席、席,cefrj
522,animal,noun,A1,1,2,動物、獣,cefrj
523,draw,verb,A1,1,2,描く、引く,cefrj
524,memory,noun,A1,1,2,記憶、思い出,cefrj
525,ring,verb,A1,1,2,指輪、鳴る,cefrj
526,grade,noun,A1,1,2,学年、成績,cefrj
527,healthy,adj,A1,1,2,健康な、健全な,cefrj
528,monday,noun,A1,1,2,月曜日,cefrj+ai
529,stone,noun,A1,1,2,石、小石,cefrj
530,window,noun,A1,1,2,窓、窓口,cefrj
531,bag,noun,A1,1,2,かばん、袋,cefrj
532,camp,noun,A1,1,2,野営地、キャンプする,cefrj
533,correct,adj,A1,1,2,正しい、訂正する,cefrj
534,television,noun,A1,1,2,テレビ、テレビ放送,cefrj
535,cat,noun,A1,1,2,猫,cefrj
536,dinner,noun,A1,1,2,夕食、晩餐,cefrj
537,gift,noun,A1,1,2,贈り物、才能,cefrj
538,birth,noun,A1,1,2,誕生、出産,cefrj
539,bridge,noun,A1,1,2,橋、架け橋,cefrj
540,copy,noun,A1,1,2,写し、複写する,cefrj
541,dear,adj,A1,1,2,親愛なる、大切な,cefrj
542,garden,noun,A1,1,2,庭、庭園,cefrj
543,lucky,adj,A1,1,2,幸運な、ついてる,cefrj
544,apple,noun,A1,1,2,りんご,cefrj
545,birthday,noun,A1,1,2,誕生日,cefrj+ai
546,dress,noun,A1,1,2,ドレス、服を着る,cefrj
547,horse,noun,A1,1,2,馬,cefrj
548,map,noun,A1,1,2,地図、案内図,cefrj
549,wake,noun,A1,1,2,目覚める、起こす,cefrj
550,busy,adj,A1,1,2,忙しい、にぎやかな,cefrj
551,conversation,noun,A1,1,2,会話、談話,cefrj
552,corner,noun,A1,1,2,角、隅,cefrj
553,driver,noun,A1,1,2,運転手、御者,cefrj
554,farm,noun,A1,1,2,農場、耕作地,cefrj
555,file,noun,A1,1,2,ファイル、とじ込み帳,cefrj
556,fly,noun,A1,1,2,飛ぶ、飛行する,cefrj
557,surprise,noun,A1,1,2,驚き、驚かせる,cefrj
558,dry,adj,A1,1,2,乾いた、乾燥した,cefrj
559,excited,adj,A1,1,2,わくわくした、興奮した,cefrj+ai
560,lovely,adj,A1,1,2,愛らしい、美しい,cefrj
561,magazine,noun,A1,1,2,雑誌、定期刊行物,cefrj
562,arm,noun,A1,1,2,腕、武器,cefrj
563,excellent,adj,A1,1,2,優れた、優秀な,cefrj
564,medicine,noun,A1,1,2,薬、医学,cefrj
565,mountain,noun,A1,1,2,山、山岳,cefrj
566,sport,noun,A1,1,2,スポーツ、競技,cefrj
567,tea,noun,A1,1,2,お茶、紅茶,cefrj
568,afternoon,noun,A1,1,2,午後、昼下がり,cefrj
569,clothes,noun,A1,1,2,衣服、着物,cefrj
570,festival,noun,A1,1,2,祭り、祝祭,cefrj
571,flat,noun,A1,1,2,平らな、平たい,cefrj
572,hello,noun,A1,1,2,こんにちは、もしもし,cefrj
573,kick,noun,A1,1,2,蹴る、キックする,cefrj
574,mail,noun,A1,1,2,郵便、手紙,cefrj
575,pair,noun,A1,1,2,一対、ペア,cefrj
576,plane,noun,A1,1,2,飛行機、平面,cefrj
577,prince,noun,A1,1,2,王子,cefrj+ai
578,quarter,noun,A1,1,2,4分の1、15分,cefrj
579,sky,noun,A1,1,2,空、天空,cefrj
580,bear,noun,A1,1,2,耐える、産む,cefrj
581,boat,noun,A1,1,2,小舟、ボート,cefrj
582,rain,noun,A1,1,2,雨、雨が降る,cefrj
583,terrible,adj,A1,1,2,恐ろしい、ひどい,cefrj
584,tired,adj,A1,1,2,疲れた,cefrj+ai
585,warm,adj,A1,1,2,暖かい、温かい,cefrj
586,afraid,adj,A1,1,2,恐れて、心配して,cefrj
587,moon,noun,A1,1,2,月、衛星,cefrj
588,chair,noun,A1,1,2,いす、司会を務める,cefrj
589,expensive,adj,A1,1,2,高価な、値段の高い,cefrj
590,jump,verb,A1,1,2,跳ぶ、跳び上がる,cefrj
591,survey,noun,A1,1,2,調査、見渡す,cefrj
592,writer,noun,A1,1,2,作家、著者,cefrj
593,yellow,adj,A1,1,2,黄色い、黄色,cefrj
594,email,noun,A1,1,2,電子メール,cefrj
595,exercise,verb,A1,1,2,運動、練習問題,cefrj
596,girlfriend,noun,A1,1,2,彼女、ガールフレンド,cefrj+ai
597,restaurant,noun,A1,1,2,レストラン、料理店,cefrj
598,shopping,noun,A1,1,2,買い物,cefrj+ai
599,sugar,noun,A1,1,2,砂糖,cefrj
600,drama,noun,A1,1,2,戯曲、演劇,cefrj
601,feed,noun,A1,1,2,餌を与える、養う,cefrj
602,pool,noun,A1,1,2,水たまり、プール,cefrj
603,smoke,noun,A1,1,2,煙、喫煙する,cefrj
604,teach,verb,A1,1,2,教える、授業をする,cefrj
605,angry,adj,A1,1,2,怒った、腹を立てた,cefrj
606,discuss,verb,A1,1,2,話し合う、議論する,cefrj
607,everywhere,adv,A1,1,2,どこでも、至る所に,cefrj
608,hole,noun,A1,1,2,穴、割れ目,cefrj
609,holiday,noun,A1,1,2,休日、祝日,cefrj
610,laugh,verb,A1,1,2,笑う、声を立てて笑う,cefrj
611,leg,noun,A1,1,2,脚、足,cefrj
612,lunch,noun,A1,1,2,昼食、弁当,cefrj
613,milk,noun,A1,1,2,牛乳、ミルク,cefrj
614,snow,noun,A1,1,2,雪、雪が降る,cefrj
615,actor,noun,A1,1,2,俳優、役者,cefrj
616,cook,noun,A1,1,2,料理する、料理人,cefrj
617,cute,adj,A1,1,2,かわいい,cefrj+ai
618,kitchen,noun,A1,1,2,台所、キッチン,cefrj
619,quiet,adj,A1,1,2,静かな、穏やかな,cefrj
620,fill,verb,A1,1,2,満たす、いっぱいにする,cefrj
621,smile,noun,A1,1,2,ほほ笑む、笑顔,cefrj
622,strange,adj,A1,1,2,奇妙な、見知らぬ,cefrj
623,truck,noun,A1,1,2,トラック,cefrj
624,bird,noun,A1,1,2,鳥、鳥類,cefrj
625,bowl,noun,A1,1,2,深皿、ボウル,cefrj
626,chicken,noun,A1,1,2,鶏肉、ニワトリ,cefrj
627,false,adj,A1,1,2,誤った、偽りの,cefrj
628,meat,noun,A1,1,2,肉、食肉,cefrj
629,neck,noun,A1,1,2,首、襟首,cefrj
630,shirt,noun,A1,1,2,シャツ,cefrj
631,tuesday,noun,A1,1,2,火曜日,cefrj+ai
632,cream,noun,A1,1,2,クリーム、精華,cefrj
633,orange,adj,A1,1,2,オレンジ、オレンジ色,cefrj
634,thursday,noun,A1,1,2,木曜日,cefrj+ai
635,breakfast,noun,A1,1,2,朝食、朝ご飯,cefrj
636,bright,adj,A1,1,2,明るい、聡明な,cefrj
637,ticket,noun,A1,1,2,切符、チケット,cefrj
638,newspaper,noun,A1,1,2,新聞、新聞社,cefrj
639,painting,noun,A1,1,2,絵、絵をかくこと,cefrj+ai
640,row,noun,A1,1,2,列、並び,cefrj
641,bell,noun,A1,1,2,鐘、ベル,cefrj
642,blow,verb,A1,1,2,吹く、強打,cefrj
643,boyfriend,noun,A1,1,2,彼氏、ボーイフレンド,cefrj+ai
644,careful,adj,A1,1,2,注意深い、慎重な,cefrj
645,cry,noun,A1,1,2,泣く、叫ぶ,cefrj
646,dollar,noun,A1,1,2,ドル、1ドル,cefrj
647,wednesday,noun,A1,1,2,水曜日,cefrj+ai
648,flag,noun,A1,1,2,旗、国旗,cefrj
649,guest,noun,A1,1,2,来客、ゲスト,cefrj
650,kiss,noun,A1,1,2,キスする、口づけ,cefrj
651,sentence,noun,A1,1,2,文、判決,cefrj
652,bottle,noun,A1,1,2,瓶、ボトル,cefrj
653,cheese,noun,A1,1,2,チーズ,cefrj
654,fruit,noun,A1,1,2,果物、成果,cefrj
655,item,noun,A1,1,2,品目、項目,cefrj
656,parent,noun,A1,1,2,親、両親の片方,cefrj
657,pleasure,noun,A1,1,2,喜び、楽しみ,cefrj
658,t-shirt,noun,A1,1,2,Tシャツ,cefrj+ai
659,tight,adj,A1,1,2,きつい、引き締まった,cefrj
660,yard,noun,A1,1,2,庭、ヤード,cefrj
661,basketball,noun,A1,1,2,バスケットボール,cefrj+ai
662,button,noun,A1,1,2,ボタン,cefrj
663,describe,verb,A1,1,2,描写する、説明する,cefrj
664,excuse,noun,A1,1,2,許す、言い訳,cefrj
665,tool,noun,A1,1,2,道具、工具,cefrj
666,turkey,noun,A1,1,2,七面鳥,cefrj+ai
667,circle,noun,A1,1,2,円、輪,cefrj
668,concert,noun,A1,1,2,演奏会、コンサート,cefrj
669,dirty,adj,A1,1,2,汚れた、不潔な,cefrj
670,factory,noun,A1,1,2,工場、製造所,cefrj
671,noise,noun,A1,1,2,物音、騒音,cefrj
672,rice,noun,A1,1,2,米、ご飯,cefrj
673,baseball,noun,A1,1,2,野球,cefrj+ai
674,bathroom,noun,A1,1,2,浴室、トイレ,cefrj+ai
675,exciting,adj,A1,1,2,わくわくさせる,cefrj+ai
676,hide,verb,A1,1,2,隠す、隠れる,cefrj
677,sight,noun,A1,1,2,視力、光景,cefrj
678,sing,verb,A1,1,2,歌う、さえずる,cefrj
679,bike,noun,A1,1,2,自転車、バイク,cefrj
680,cake,noun,A1,1,2,ケーキ、洋菓子,cefrj
681,contest,noun,A1,1,2,競技会、争う,cefrj
682,hat,noun,A1,1,2,帽子,cefrj
683,princess,noun,A1,1,2,王女、お姫様,cefrj+ai
684,paint,noun,A1,1,2,塗る、絵の具で描く,cefrj
685,pink,adj,A1,1,2,ピンク色の、桃色,cefrj
686,singer,noun,A1,1,2,歌手、声楽家,cefrj
687,smoking,noun,A1,1,2,喫煙,cefrj+ai
688,tall,adj,A1,1,2,背が高い、高い,cefrj
689,cap,noun,A1,1,2,帽子、ふた,cefrj
690,nose,noun,A1,1,2,鼻、嗅覚,cefrj
691,bread,noun,A1,1,2,パン、食糧,cefrj
692,dancing,noun,A1,1,2,ダンス、踊り,cefrj+ai
693,engineer,noun,A1,1,2,技師、技術者,cefrj
694,shoulder,noun,A1,1,2,肩、担う,cefrj
695,shower,noun,A1,1,2,にわか雨、シャワー,cefrj
696,tower,noun,A1,1,2,塔、タワー,cefrj
697,wheel,noun,A1,1,2,車輪、ハンドル,cefrj
698,celebrate,verb,A1,1,2,祝う、記念する,cefrj
699,chocolate,noun,A1,1,2,チョコレート,cefrj
700,repeat,verb,A1,1,2,繰り返す、復唱する,cefrj
701,smell,noun,A1,1,2,においがする、嗅ぐ,cefrj
702,topic,noun,A1,1,2,話題、題目,cefrj
703,guitar,noun,A1,1,2,ギター,cefrj
704,meal,noun,A1,1,2,食事、1食分の料理,cefrj
705,pants,noun,A1,1,2,ズボン、パンツ,cefrj+ai
706,pocket,noun,A1,1,2,ポケット、懐,cefrj
707,soccer,noun,A1,1,2,サッカー,cefrj+ai
708,bone,noun,A1,1,2,骨、骨格,cefrj
709,everyday,adj,A1,1,2,毎日の、日常の,cefrj
710,fishing,noun,A1,1,2,釣り,cefrj+ai
711,lesson,noun,A1,1,2,授業、教訓,cefrj
712,thin,adj,A1,1,2,薄い、やせた,cefrj
713,bedroom,noun,A1,1,2,寝室、ベッドルーム,cefrj
714,carefully,adv,A1,1,2,注意深く、入念に,cefrj
715,cloud,noun,A1,1,2,雲、曇り,cefrj
716,egg,noun,A1,1,2,卵、たまご,cefrj
717,thick,adj,A1,1,2,厚い、太い,cefrj
718,wash,noun,A1,1,2,洗う、洗濯する,cefrj
719,gray,adj,A1,1,2,灰色の、薄暗い,cefrj
720,hungry,adj,A1,1,2,空腹の、おなかがすいた,cefrj+ai
721,math,noun,A1,1,2,数学,cefrj+ai
722,olympics,noun,A1,1,2,オリンピック,cefrj+ai
723,palace,noun,A1,1,2,宮殿,cefrj+ai
724,pet,noun,A1,1,2,ペット,cefrj+ai
725,temple,noun,A1,1,2,寺、神殿,cefrj+ai
726,uncle,noun,A1,1,2,叔父、伯父,cefrj
727,bath,noun,A1,1,2,入浴、風呂,cefrj
728,ideal,adj,A1,1,2,理想的な、理想,cefrj
729,boring,adj,A1,1,2,退屈な、つまらない,cefrj+ai
730,clock,noun,A1,1,2,時計、掛け時計,cefrj
731,desk,noun,A1,1,2,机、案内所,cefrj
732,ear,noun,A1,1,2,耳、聴力,cefrj
733,pizza,noun,A1,1,2,ピザ,cefrj+ai
734,swimming,noun,A1,1,2,水泳,cefrj+ai
735,worker,noun,A1,1,2,労働者、働く人,cefrj
736,flower,noun,A1,1,2,花、開花する,cefrj
737,ghost,noun,A1,1,2,幽霊,cefrj
738,skill,noun,A1,1,2,腕前、熟練,cefrj
739,solve,verb,A1,1,2,解決する、解く,cefrj
740,ugly,adj,A1,1,2,醜い、見苦しい,cefrj
741,cousin,noun,A1,1,2,いとこ,cefrj
742,knife,noun,A1,1,2,ナイフ、包丁,cefrj
743,mum,noun,A1,1,2,お母さん、ママ,cefrj+ai
744,telephone,noun,A1,1,2,電話、電話機,cefrj
745,butter,noun,A1,1,2,バター,cefrj+ai
746,nurse,noun,A1,1,2,看護師、介抱する,cefrj
747,pray,verb,A1,1,2,祈る、願う,cefrj
748,vacation,noun,A1,1,2,休暇、休み,cefrj+ai
749,bye,noun,A1,1,2,さようなら,cefrj+ai
750,arrive,verb,A1,1,2,到着する、届く,cefrj
751,grass,noun,A1,1,2,草、芝生,cefrj
752,pen,noun,A1,1,2,ペン、筆記具,cefrj
753,collect,verb,A1,1,2,集める、収集する,cefrj
754,cop,noun,A1,1,2,おまわりさん、警官,cefrj+ai
755,introduce,verb,A1,1,2,紹介する、導入する,cefrj
756,spell,noun,A1,1,2,つづる、呪文,cefrj
757,coat,noun,A1,1,2,上着、コート,cefrj
758,daddy,noun,A1,1,2,パパ、お父さん,cefrj+ai
759,juice,noun,A1,1,2,ジュース,cefrj+ai
760,tube,noun,A1,1,2,管、チューブ,cefrj
761,reporter,noun,A1,1,2,記者、報道記者,cefrj
762,tennis,noun,A1,1,2,テニス,cefrj
763,theater,noun,A1,1,2,劇場、映画館,cefrj
764,delicious,adj,A1,1,2,とてもおいしい,cefrj+ai
765,glasses,noun,A1,1,2,めがね,cefrj+ai
766,reader,noun,A1,1,2,読者、読本,cefrj
767,sum,noun,A1,1,2,合計、金額,cefrj
768,elementary,adj,A1,1,2,初等の,cefrj
769,knee,noun,A1,1,2,ひざ,cefrj
770,shake,noun,A1,1,2,振る、揺れる,cefrj
771,jacket,noun,A1,1,2,上着、ジャケット,cefrj
772,purple,noun,A1,1,2,紫,cefrj+ai
773,mouse,noun,A1,1,2,ネズミ、マウス,cefrj
774,piano,noun,A1,1,2,ピアノ,cefrj
775,toilet,noun,A1,1,2,トイレ、便器,cefrj+ai
776,bat,noun,A1,1,2,バット,cefrj
777,tiger,noun,A1,1,2,トラ,cefrj+ai
778,toy,noun,A1,1,2,おもちゃ、玩具,cefrj
779,beef,noun,A1,1,2,牛肉,cefrj+ai
780,candy,noun,A1,1,2,あめ、キャンディー,cefrj+ai
781,celebration,noun,A1,1,2,祝賀会、称賛,cefrj
782,jet,noun,A1,1,2,ジェット機,cefrj+ai
783,opera,noun,A1,1,2,歌劇、オペラ,cefrj
784,autumn,noun,A1,1,2,秋,cefrj
785,breathe,verb,A1,1,2,呼吸する、息をする,cefrj
786,lion,noun,A1,1,2,ライオン,cefrj+ai
787,lonely,adj,A1,1,2,寂しい、孤独な,cefrj+ai
788,poem,noun,A1,1,2,詩、韻文,cefrj
789,rude,adj,A1,1,2,失礼な、無礼な,cefrj+ai
790,grandfather,noun,A1,1,2,祖父,cefrj+ai
791,habit,noun,A1,1,2,習慣、癖,cefrj
792,lazy,adj,A1,1,2,怠惰な、怠けた,cefrj
793,shoe,noun,A1,1,2,靴、履物,cefrj
794,spy,noun,A1,1,2,スパイ,cefrj+ai
795,brush,noun,A1,1,2,ブラシ、磨く,cefrj
796,snake,noun,A1,1,2,ヘビ,cefrj
797,strict,adj,A1,1,2,厳格な、厳密な,cefrj
798,suggestion,noun,A1,1,2,提案、ほのめかし,cefrj
799,climb,noun,A1,1,2,登る、よじ登る,cefrj
800,dig,noun,A1,1,2,掘る、探求する,cefrj
801,fever,noun,A1,1,2,熱,cefrj
802,handsome,adj,A1,1,2,ハンサムな、かっこいい,cefrj+ai
803,leaf,noun,A1,1,2,葉,cefrj
804,clever,adj,A1,1,2,利口な,cefrj
805,dish,noun,A1,1,2,皿、料理,cefrj
806,scientist,noun,A1,1,2,科学者,cefrj
807,swim,noun,A1,1,2,泳ぐ、水泳する,cefrj
808,pollution,noun,A1,1,2,公害、汚染,cefrj
809,corn,noun,A1,1,2,トウモロコシ,cefrj+ai
810,poster,noun,A1,1,2,ポスター,cefrj
811,sheep,noun,A1,1,2,羊,cefrj
812,taxi,noun,A1,1,2,タクシー,cefrj
813,garbage,noun,A1,1,2,生ごみ、ごみ,cefrj+ai
814,cinema,noun,A1,1,2,映画、映画館,cefrj
815,couch,noun,A1,1,2,長いす、ソファー,cefrj+ai
816,grammar,noun,A1,1,2,文法、文法書,cefrj
817,rat,noun,A1,1,2,ドブネズミ、裏切り者,cefrj
818,aunt,noun,A1,1,2,叔母、伯母,cefrj
819,shy,adj,A1,1,2,恥ずかしがりの、内気な,cefrj+ai
820,sunshine,noun,A1,1,2,日なた、日の光,cefrj+ai
821,classroom,noun,A1,1,2,教室,cefrj
822,farmer,noun,A1,1,2,農民、農業経営者,cefrj
823,salad,noun,A1,1,2,サラダ,cefrj+ai
824,soup,noun,A1,1,2,スープ,cefrj+ai
825,awake,adj,A1,1,2,目が覚めて,cefrj+ai
826,blank,adj,A1,1,2,空白,cefrj
827,cow,noun,A1,1,2,雌牛、ウシ,cefrj
828,grandmother,noun,A1,1,2,祖母、おばあさん,cefrj
829,hurry,noun,A1,1,2,急ぐ、急がせる,cefrj
830,pig,noun,A1,1,2,豚,cefrj
831,zoo,noun,A1,1,2,動物園,cefrj+ai
832,homework,noun,A1,1,2,宿題,cefrj
833,sandwich,noun,A1,1,2,サンドイッチ,cefrj+ai
834,jewelry,noun,A1,1,2,宝石類、アクセサリー,cefrj+ai
835,drum,noun,A1,1,2,太鼓、ドラム,cefrj+ai
836,grandma,noun,A1,1,2,おばあちゃん,cefrj+ai
837,neighbor,noun,A1,1,2,隣人、近所の人,cefrj
838,potato,noun,A1,1,2,ジャガイモ,cefrj
839,bee,noun,A1,1,2,ハチ、ミツバチ,cefrj+ai
840,cafe,noun,A1,1,2,喫茶店、カフェ,cefrj+ai
841,jeans,noun,A1,1,2,ジーンズ,cefrj+ai
842,cartoon,noun,A1,1,2,漫画、アニメ,cefrj+ai
843,fairy,noun,A1,1,2,妖精,cefrj+ai
844,tooth,noun,A1,1,2,歯,cefrj
845,bucket,noun,A1,1,2,バケツ,cefrj
846,burger,noun,A1,1,2,バーガー,cefrj+ai
847,cookie,noun,A1,1,2,クッキー,cefrj+ai
848,monkey,noun,A1,1,2,サル,cefrj
849,sunny,adj,A1,1,2,晴れた、日当たりのよい,cefrj+ai
850,doll,noun,A1,1,2,人形,cefrj+ai
851,rabbit,noun,A1,1,2,ウサギ,cefrj+ai
852,subway,noun,A1,1,2,地下鉄,cefrj+ai
853,o'clock,adv,A1,1,2,〜時,cefrj+ai
854,cloth,noun,A1,1,2,布,cefrj+ai
855,paragraph,noun,A1,1,2,段落、節,cefrj
856,dictionary,noun,A1,1,2,辞書,cefrj
857,shelf,noun,A1,1,2,棚、棚板,cefrj
858,musician,noun,A1,1,2,音楽家、演奏家,cefrj
859,banana,noun,A1,1,2,バナナ,cefrj+ai
860,borrow,verb,A1,1,2,借りる、借用する,cefrj
861,bean,noun,A1,1,2,豆,cefrj+ai
862,bicycle,noun,A1,1,2,自転車,cefrj+ai
863,headache,noun,A1,1,2,頭痛,cefrj+ai
864,skirt,noun,A1,1,2,スカート、避ける,cefrj
865,lily,noun,A1,1,2,ユリ,cefrj+ai
866,pencil,noun,A1,1,2,鉛筆,cefrj+ai
867,hobby,noun,A1,1,2,趣味,cefrj+ai
868,towel,noun,A1,1,2,タオル,cefrj+ai
869,vegetable,noun,A1,1,2,野菜,cefrj
870,butterfly,noun,A1,1,2,チョウ,cefrj+ai
871,airplane,noun,A1,1,2,飛行機,cefrj
872,hometown,noun,A1,1,2,故郷、地元,cefrj+ai
873,frog,noun,A1,1,2,カエル,cefrj+ai
874,mommy,noun,A1,1,2,ママ,cefrj+ai
875,umbrella,noun,A1,1,2,かさ,cefrj+ai
876,surf,noun,A1,1,2,打ち寄せる波,cefrj+ai
877,tomato,noun,A1,1,2,トマト,cefrj+ai
878,volleyball,noun,A1,1,2,バレーボール,cefrj+ai
879,ruler,noun,A1,1,2,支配者、統治者,cefrj
880,merry,adj,A1,1,2,陽気な、楽しい,cefrj+ai
881,pardon,noun,A1,1,2,何とおっしゃいましたか？,cefrj
882,ribbon,noun,A1,1,2,リボン,cefrj+ai
883,sofa,noun,A1,1,2,ソファー,cefrj+ai
884,grandpa,noun,A1,1,2,おじいちゃん,cefrj+ai
885,picnic,noun,A1,1,2,ピクニック,cefrj+ai
886,sailor,noun,A1,1,2,船員、水兵,cefrj+ai
887,supermarket,noun,A1,1,2,スーパーマーケット,cefrj+ai
888,notebook,noun,A1,1,2,ノート,cefrj+ai
889,rainy,adj,A1,1,2,雨の、雨降りの,cefrj+ai
890,greet,verb,A1,1,2,挨拶する、出迎える,cefrj
891,nationality,noun,A1,1,2,国籍,cefrj+ai
892,grape,noun,A1,1,2,ブドウ,cefrj+ai
893,haircut,noun,A1,1,2,散髪,cefrj+ai
894,trousers,noun,A1,1,2,ズボン,cefrj+ai
895,yogurt,noun,A1,1,2,ヨーグルト,cefrj+ai
896,waiter,noun,A1,1,2,ウェイター,cefrj+ai
897,waitress,noun,A1,1,2,ウェイトレス,cefrj+ai
898,cloudy,adj,A1,1,2,曇った、曇りの,cefrj+ai
899,kite,noun,A1,1,2,たこ（凧）,cefrj+ai
900,vase,noun,A1,1,2,花びん,cefrj+ai
901,interviewer,noun,A1,1,2,面接する人,cefrj
902,foreigner,noun,A1,1,2,外国人,cefrj+ai
903,snowy,adj,A1,1,2,雪の降る、雪の多い,cefrj+ai
904,biscuit,noun,A1,1,2,ビスケット,cefrj+ai
905,hamburger,noun,A1,1,2,ハンバーガー,cefrj+ai
906,bookstore,noun,A1,1,2,書店、本屋,cefrj+ai
907,apron,noun,A1,1,2,エプロン,cefrj+ai
908,classmate,noun,A1,1,2,同級生、クラスメート,cefrj+ai
909,foggy,adj,A1,1,2,霧の深い,cefrj+ai
910,underline,noun,A1,1,2,下線,cefrj+ai
911,grandparent,noun,A1,1,2,祖父母,cefrj+ai
912,in,adv,A2,2,3,〜の中に、〜で,cefrj
913,it,noun,A2,2,3,それ,cefrj
914,on,adv,A2,2,3,〜の上に、〜について,cefrj
915,all,adv,A2,2,3,すべての、全部の,cefrj
916,so,adv,A2,2,3,とても、そのように,cefrj
917,can,noun,A2,2,3,〜できる、〜してもよい,cefrj
918,up,adv,A2,2,3,上に、上がって,cefrj
919,after,adv,A2,2,3,〜のあとに,cefrj
920,over,adv,A2,2,3,〜を越えて、〜の上に,cefrj
921,most,adv,A2,2,3,大部分の、最も,cefrj
922,even,adv,A2,2,3,〜でさえ、さらに,cefrj
923,need,verb,A2,2,3,必要とする,cefrj
924,being,noun,A2,2,3,存在、生き物,cefrj+ai
925,make-up,noun,A2,2,3,化粧,cefrj+ai
926,used,adj,A2,2,3,使用済みの、中古の,cefrj+ai
927,part,noun,A2,2,3,部分、役目,cefrj
928,state,noun,A2,2,3,状態、国家,cefrj
929,around,adv,A2,2,3,〜の周りに、およそ,cefrj
930,next,adv,A2,2,3,次の、隣の,cefrj
931,ever,adv,A2,2,3,かつて、今までに,cefrj
932,company,noun,A2,2,3,会社、仲間,cefrj
933,thought,noun,A2,2,3,考え、思考,cefrj+ai
934,however,adv,A2,2,3,しかしながら,cefrj
935,government,noun,A2,2,3,政府、政治,cefrj
936,public,noun,A2,2,3,公共の、一般の,cefrj
937,system,noun,A2,2,3,制度、仕組み,cefrj
938,enough,adv,A2,2,3,十分な、十分に,cefrj
939,support,noun,A2,2,3,支える、応援する,cefrj
940,power,noun,A2,2,3,力、権力,cefrj
941,national,adj,A2,2,3,国の、国民の,cefrj
942,far,adv,A2,2,3,遠くに、はるかに,cefrj
943,actually,adv,A2,2,3,実際に、実は,cefrj
944,less,adv,A2,2,3,より少ない,cefrj
945,country,noun,A2,2,3,国、田舎,cefrj
946,area,noun,A2,2,3,地域、面積,cefrj
947,good-looking,adj,A2,2,3,顔立ちのよい、美しい,cefrj+ai
948,law,noun,A2,2,3,法律、法,cefrj
949,whole,adj,A2,2,3,全体の、完全な,cefrj
950,local,adj,A2,2,3,地域の、地元の,cefrj
951,court,noun,A2,2,3,法廷、裁判所,cefrj
952,fact,noun,A2,2,3,事実、真相,cefrj
953,given,adj,A2,2,3,与えられた、決められた,cefrj+ai
954,level,noun,A2,2,3,水準、平らな,cefrj
955,single,adj,A2,2,3,ただ1つの、独身の,cefrj
956,control,noun,A2,2,3,支配する、管理する,cefrj
957,death,noun,A2,2,3,死、死亡,cefrj
958,south,adj,A2,2,3,南、南方,cefrj
959,lost,adj,A2,2,3,道に迷った、失われた,cefrj+ai
960,research,noun,A2,2,3,研究、調査する,cefrj
961,university,noun,A2,2,3,大学、総合大学,cefrj
962,air,noun,A2,2,3,空気、空中,cefrj
963,bit,noun,A2,2,3,少し、わずか,cefrj
964,hit,verb,A2,2,3,打つ、命中する,cefrj
965,probably,adv,A2,2,3,おそらく、たぶん,cefrj
966,understand,verb,A2,2,3,理解する、わかる,cefrj
967,yeah,adv,A2,2,3,うん、そうだ,cefrj
968,international,adj,A2,2,3,国際的な、国家間の,cefrj
969,possible,adj,A2,2,3,可能な、あり得る,cefrj
970,cause,verb,A2,2,3,引き起こす、原因,cefrj
971,human,adj,A2,2,3,人間の、人間,cefrj
972,north,adj,A2,2,3,北、北方,cefrj
973,low,adj,A2,2,3,低い、少ない,cefrj
974,police,noun,A2,2,3,警察、警官,cefrj
975,deal,noun,A2,2,3,扱う、取引,cefrj
976,rather,adv,A2,2,3,むしろ、かなり,cefrj
977,report,noun,A2,2,3,報告、報告する,cefrj
978,third,adj,A2,2,3,3番目の,cefrj+ai
979,further,adj,A2,2,3,さらなる、もっと遠い,cefrj
980,act,noun,A2,2,3,行動する、演じる,cefrj
981,major,adj,A2,2,3,主要な、専攻する,cefrj
982,right-hand,adj,A2,2,3,右側の、右手の,cefrj+ai
983,well-known,adj,A2,2,3,よく知られた、有名な,cefrj+ai
984,market,noun,A2,2,3,市場、市街,cefrj
985,political,adj,A2,2,3,政治の、政治的な,cefrj
986,quite,adv,A2,2,3,かなり、まったく,cefrj
987,west,adj,A2,2,3,西、西方,cefrj
988,education,noun,A2,2,3,教育,cefrj
989,final,adj,A2,2,3,最後の、最終的な,cefrj
990,experience,noun,A2,2,3,経験、体験する,cefrj
991,chance,noun,A2,2,3,機会、偶然,cefrj
992,across,adv,A2,2,3,〜を横切って,cefrj
993,clear,adj,A2,2,3,明らかな、晴れた,cefrj
994,cost,noun,A2,2,3,費用、費用がかかる,cefrj
995,instead,adv,A2,2,3,その代わりに,cefrj
996,road,noun,A2,2,3,道路、道,cefrj
997,force,noun,A2,2,3,力、強いる,cefrj
998,issue,noun,A2,2,3,問題、発行する,cefrj
999,running,noun,A2,2,3,ランニング、走ること,cefrj+ai
1000,space,noun,A2,2,3,宇宙、空間,cefrj
1001,land,verb,A2,2,3,土地、着陸する,cefrj
1002,shot,noun,A2,2,3,発射、シュート,cefrj
1003,account,noun,A2,2,3,口座、説明する,cefrj
1004,especially,adv,A2,2,3,特に、とりわけ,cefrj
1005,include,verb,A2,2,3,含む、含める,cefrj
1006,position,noun,A2,2,3,位置、立場,cefrj
1007,record,verb,A2,2,3,記録、記録する,cefrj
1008,similar,adj,A2,2,3,似ている、類似した,cefrj
1009,common,adj,A2,2,3,共通の、普通の,cefrj
1010,film,noun,A2,2,3,映画、フィルム,cefrj
1011,lead,noun,A2,2,3,導く、案内する,cefrj
1012,left-hand,adj,A2,2,3,左側の、左手の,cefrj+ai
1013,likely,adj,A2,2,3,ありそうな、たぶん,cefrj
1014,military,adj,A2,2,3,軍隊の、軍事的な,cefrj
1015,perfect,adj,A2,2,3,完全な、完璧な,cefrj
1016,center,noun,A2,2,3,中心、中央,cefrj
1017,couple,noun,A2,2,3,一組、夫婦,cefrj
1018,dead,adj,A2,2,3,死んだ、機能停止した,cefrj
1019,inside,adv,A2,2,3,内側に、内部に,cefrj
1020,online,adj,A2,2,3,オンラインの、接続された,cefrj
1021,private,adj,A2,2,3,私的な、民間の,cefrj
1022,return,noun,A2,2,3,戻る、返す,cefrj
1023,sense,noun,A2,2,3,感覚、意味,cefrj
1024,view,noun,A2,2,3,眺め、意見,cefrj
1025,member,noun,A2,2,3,一員、会員,cefrj
1026,training,noun,A2,2,3,訓練、トレーニング,cefrj+ai
1027,finally,adv,A2,2,3,ついに、最後に,cefrj
1028,interest,noun,A2,2,3,興味、利子,cefrj
1029,society,noun,A2,2,3,社会、団体,cefrj
1030,average,adj,A2,2,3,平均、平均の,cefrj
1031,certain,adj,A2,2,3,確信して、特定の,cefrj
1032,east,adj,A2,2,3,東、東洋,cefrj
1033,medical,adj,A2,2,3,医学の、医療の,cefrj
1034,original,adj,A2,2,3,独創的な、最初の,cefrj
1035,performance,noun,A2,2,3,公演、成果,cefrj
1036,bill,noun,A2,2,3,請求書、紙幣,cefrj
1037,director,noun,A2,2,3,監督、重役,cefrj
1038,exactly,adv,A2,2,3,正確に、ちょうど,cefrj
1039,provide,verb,A2,2,3,提供する、供給する,cefrj
1040,sound,noun,A2,2,3,音、〜に聞こえる,cefrj
1041,source,noun,A2,2,3,源、情報源,cefrj
1042,value,noun,A2,2,3,価値、大切にする,cefrj
1043,evidence,noun,A2,2,3,証拠、根拠,cefrj
1044,follow,verb,A2,2,3,従う、ついて行く,cefrj
1045,official,adj,A2,2,3,公式の、役人,cefrj
1046,production,noun,A2,2,3,生産、製造,cefrj
1047,rate,noun,A2,2,3,割合、料金,cefrj
1048,round,adv,A2,2,3,丸い、円形,cefrj
1049,stuff,noun,A2,2,3,持ち物、詰め込む,cefrj
1050,fall,verb,A2,2,3,落ちる、転ぶ,cefrj
1051,model,noun,A2,2,3,模型、模範,cefrj
1052,trust,verb,A2,2,3,信用する、信頼,cefrj
1053,forward,adv,A2,2,3,前方へ、進んで,cefrj
1054,range,noun,A2,2,3,範囲、及ぶ,cefrj
1055,trade,noun,A2,2,3,貿易、取引する,cefrj
1056,attention,noun,A2,2,3,注意、注目,cefrj
1057,hate,verb,A2,2,3,ひどく嫌う、憎む,cefrj
1058,natural,adj,A2,2,3,自然の、当然の,cefrj
1059,quality,noun,A2,2,3,質、品質,cefrj
1060,send,verb,A2,2,3,送る、届ける,cefrj
1061,style,noun,A2,2,3,型、様式,cefrj
1062,blood,noun,A2,2,3,血、血液,cefrj
1063,complete,adj,A2,2,3,完全な、完成させる,cefrj
1064,oil,noun,A2,2,3,油、石油,cefrj
1065,title,noun,A2,2,3,題名、表題,cefrj
1066,attack,noun,A2,2,3,攻撃する、襲う,cefrj
1067,perhaps,adv,A2,2,3,おそらく、たぶん,cefrj
1068,release,noun,A2,2,3,解放する、公開する,cefrj
1069,situation,noun,A2,2,3,状況、事態,cefrj
1070,website,noun,A2,2,3,ウェブサイト,cefrj
1071,choice,noun,A2,2,3,選択、選んだもの,cefrj
1072,continue,verb,A2,2,3,続く、続ける,cefrj
1073,increase,verb,A2,2,3,増える、増やす,cefrj
1074,lose,verb,A2,2,3,失う、負ける,cefrj
1075,seem,verb,A2,2,3,〜のように思われる,cefrj
1076,simple,adj,A2,2,3,簡単な、質素な,cefrj
1077,simply,adv,A2,2,3,単に、まったく,cefrj
1078,staff,noun,A2,2,3,職員、スタッフ,cefrj
1079,crazy,adj,A2,2,3,熱中して、狂気の,cefrj
1080,daily,adj,A2,2,3,毎日の、日々の,cefrj
1081,die,verb,A2,2,3,死ぬ、枯れる,cefrj
1082,figure,noun,A2,2,3,数字、姿,cefrj
1083,modern,adj,A2,2,3,現代の、近代的な,cefrj
1084,popular,adj,A2,2,3,人気のある、大衆的な,cefrj
1085,safe,adj,A2,2,3,安全な、金庫,cefrj
1086,voice,noun,A2,2,3,声、音声,cefrj
1087,writing,noun,A2,2,3,書くこと、文章,cefrj+ai
1088,earth,noun,A2,2,3,地球、大地,cefrj
1089,success,noun,A2,2,3,成功、好結果,cefrj
1090,base,noun,A2,2,3,土台、基礎,cefrj
1091,deep,adv,A2,2,3,深い、深刻な,cefrj
1092,mark,noun,A2,2,3,印、採点する,cefrj
1093,missing,adj,A2,2,3,行方不明の、欠けている,cefrj+ai
1094,offer,noun,A2,2,3,申し出る、提供する,cefrj
1095,pass,noun,A2,2,3,通過する、手渡す,cefrj
1096,professional,adj,A2,2,3,専門的な、本職の,cefrj
1097,truth,noun,A2,2,3,真実、真相,cefrj
1098,recent,adj,A2,2,3,最近の、近ごろの,cefrj
1099,married,adj,A2,2,3,結婚している,cefrj+ai
1100,response,noun,A2,2,3,応答、反応,cefrj
1101,rock,noun,A2,2,3,岩、揺れ動く,cefrj
1102,specific,adj,A2,2,3,明確な、特定の,cefrj
1103,century,noun,A2,2,3,世紀、100年間,cefrj
1104,create,verb,A2,2,3,創造する、創り出す,cefrj
1105,effect,noun,A2,2,3,効果、影響,cefrj
1106,recently,adv,A2,2,3,最近、近ごろ,cefrj
1107,track,noun,A2,2,3,小道、線路,cefrj
1108,weight,noun,A2,2,3,重さ、体重,cefrj
1109,addition,noun,A2,2,3,追加、足し算,cefrj
1110,ahead,adv,A2,2,3,前方へ、先に,cefrj
1111,allow,verb,A2,2,3,許す、許可する,cefrj
1112,association,noun,A2,2,3,協会、連想,cefrj
1113,capital,noun,A2,2,3,首都、資本,cefrj
1114,committee,noun,A2,2,3,委員会,cefrj
1115,double,adj,A2,2,3,2倍の、二重の,cefrj
1116,expect,verb,A2,2,3,予期する、期待する,cefrj
1117,gas,noun,A2,2,3,気体、ガソリン,cefrj
1118,half-price,adj,A2,2,3,半額の,cefrj+ai
1119,normal,adj,A2,2,3,通常の、正常な,cefrj
1120,population,noun,A2,2,3,人口、住民数,cefrj
1121,pressure,noun,A2,2,3,圧力、重圧,cefrj
1122,text,noun,A2,2,3,本文、教科書,cefrj
1123,beginning,noun,A2,2,3,始まり、初め,cefrj+ai
1124,certainly,adv,A2,2,3,確かに、もちろん,cefrj
1125,credit,noun,A2,2,3,信用、功績,cefrj
1126,cross,noun,A2,2,3,横切る、交差する,cefrj
1127,female,adj,A2,2,3,女性の、雌の,cefrj
1128,nearly,adv,A2,2,3,ほぼ、もう少しで,cefrj
1129,speed,noun,A2,2,3,速度、急速さ,cefrj
1130,consider,verb,A2,2,3,よく考える、みなす,cefrj
1131,contact,noun,A2,2,3,接触、連絡を取る,cefrj
1132,tour,noun,A2,2,3,旅行、見学する,cefrj
1133,additional,adj,A2,2,3,追加の、付加的な,cefrj
1134,extra,adj,A2,2,3,余分の、特別な,cefrj
1135,nature,noun,A2,2,3,自然、本質,cefrj
1136,quick,adj,A2,2,3,素早い、迅速な,cefrj
1137,significant,adj,A2,2,3,重要な、重大な,cefrj
1138,episode,noun,A2,2,3,挿話、出来事,cefrj
1139,manager,noun,A2,2,3,経営者、部長,cefrj
1140,scene,noun,A2,2,3,場面、景色,cefrj
1141,statement,noun,A2,2,3,声明、記述,cefrj
1142,ability,noun,A2,2,3,能力、才能,cefrj
1143,gun,noun,A2,2,3,銃、鉄砲,cefrj
1144,knowledge,noun,A2,2,3,知識、情報,cefrj
1145,search,noun,A2,2,3,捜す、捜索,cefrj
1146,wide,adj,A2,2,3,幅の広い、広範囲な,cefrj
1147,author,noun,A2,2,3,著者、作家,cefrj
1148,claim,verb,A2,2,3,主張する、要求する,cefrj
1149,developed,adj,A2,2,3,発達した、先進の,cefrj+ai
1150,fear,noun,A2,2,3,恐れ、恐れる,cefrj
1151,fit,adj,A2,2,3,適合する、合う,cefrj
1152,material,noun,A2,2,3,材料、原料,cefrj
1153,opportunity,noun,A2,2,3,機会、好機,cefrj
1154,product,noun,A2,2,3,製品、産物,cefrj
1155,regular,adj,A2,2,3,規則的な、定期的な,cefrj
1156,secretary,noun,A2,2,3,秘書、長官,cefrj
1157,unit,noun,A2,2,3,単位、構成単位,cefrj
1158,anymore,adv,A2,2,3,もはや〜ない,cefrj
1159,degree,noun,A2,2,3,程度、学位,cefrj
1160,image,noun,A2,2,3,画像、印象,cefrj
1161,opinion,noun,A2,2,3,意見、見解,cefrj
1162,physical,adj,A2,2,3,身体の、物質的な,cefrj
1163,pro,noun,A2,2,3,玄人、賛成論,cefrj
1164,reach,verb,A2,2,3,達する、手を伸ばす,cefrj
1165,seriously,adv,A2,2,3,真剣に、ひどく,cefrj
1166,direction,noun,A2,2,3,方向、指示,cefrj
1167,wonder,verb,A2,2,3,〜かしらと思う、驚嘆,cefrj
1168,worst,adj,A2,2,3,最も悪い、最悪の,cefrj+ai
1169,cash,noun,A2,2,3,現金、現金化する,cefrj
1170,clearly,adv,A2,2,3,はっきりと、明らかに,cefrj
1171,effort,noun,A2,2,3,努力、取り組み,cefrj
1172,impact,noun,A2,2,3,影響、影響を与える,cefrj
1173,lack,noun,A2,2,3,不足、欠いている,cefrj
1174,latest,adj,A2,2,3,最新の、最近の,cefrj+ai
1175,secret,noun,A2,2,3,秘密、秘訣,cefrj
1176,senior,adj,A2,2,3,年上の、上級の,cefrj
1177,anyway,adv,A2,2,3,とにかく、いずれにせよ,cefrj
1178,competition,noun,A2,2,3,競争、競技会,cefrj
1179,direct,adj,A2,2,3,直接の、指揮する,cefrj
1180,easily,adv,A2,2,3,容易に、簡単に,cefrj
1181,necessary,adj,A2,2,3,必要な、不可欠な,cefrj
1182,doubt,noun,A2,2,3,疑い、疑う,cefrj
1183,notice,noun,A2,2,3,気づく、通知,cefrj
1184,basic,adj,A2,2,3,基本的な、基礎の,cefrj
1185,captain,noun,A2,2,3,船長、キャプテン,cefrj+ai
1186,crime,noun,A2,2,3,犯罪、罪,cefrj
1187,explain,verb,A2,2,3,説明する、弁明する,cefrj
1188,fully,adv,A2,2,3,十分に、完全に,cefrj
1189,male,noun,A2,2,3,男性の、雄の,cefrj
1190,plant,noun,A2,2,3,植物、工場,cefrj
1191,worse,adj,A2,2,3,より悪い,cefrj+ai
1192,advice,noun,A2,2,3,助言、忠告,cefrj
1193,award,noun,A2,2,3,賞、授与する,cefrj
1194,challenge,noun,A2,2,3,試練、挑戦する,cefrj
1195,nation,noun,A2,2,3,国家、国民,cefrj
1196,purpose,noun,A2,2,3,目的、意図,cefrj
1197,agency,noun,A2,2,3,代理店、機関,cefrj
1198,avoid,verb,A2,2,3,避ける、回避する,cefrj
1199,coast,noun,A2,2,3,海岸、沿岸,cefrj
1200,drug,noun,A2,2,3,薬品、薬物,cefrj
1201,meaning,noun,A2,2,3,意味,cefrj+ai
1202,therefore,adv,A2,2,3,したがって、それゆえに,cefrj
1203,truly,adv,A2,2,3,本当に、真実に,cefrj
1204,condition,noun,A2,2,3,状態、条件,cefrj
1205,flight,noun,A2,2,3,飛行、定期航空便,cefrj
1206,freedom,noun,A2,2,3,自由、解放,cefrj
1207,heat,noun,A2,2,3,熱、暑さ,cefrj
1208,murder,noun,A2,2,3,殺人、殺害する,cefrj
1209,queen,noun,A2,2,3,女王,cefrj+ai
1210,walking,noun,A2,2,3,歩くこと、散歩,cefrj+ai
1211,accept,verb,A2,2,3,受け入れる、受託する,cefrj
1212,appear,verb,A2,2,3,現れる、〜のように見える,cefrj
1213,attempt,noun,A2,2,3,試み、試みる,cefrj
1214,exchange,noun,A2,2,3,交換する、両替する,cefrj
1215,powerful,adj,A2,2,3,強力な、権力のある,cefrj
1216,receive,verb,A2,2,3,受け取る、受ける,cefrj
1217,royal,adj,A2,2,3,王の、国王の,cefrj
1218,screen,noun,A2,2,3,画面、仕切り,cefrj
1219,serve,verb,A2,2,3,仕える、食事を出す,cefrj
1220,traffic,noun,A2,2,3,交通、通行量,cefrj
1221,lie,verb,A2,2,3,横たわる、うそをつく,cefrj
1222,solution,noun,A2,2,3,解決策、解答,cefrj
1223,square,adj,A2,2,3,正方形、広場,cefrj
1224,structure,noun,A2,2,3,構造、建造物,cefrj
1225,traditional,adj,A2,2,3,伝統的な、従来の,cefrj
1226,twice,adv,A2,2,3,2度、2倍,cefrj
1227,brand,noun,A2,2,3,銘柄、ブランド,cefrj
1228,cent,noun,A2,2,3,セント、100分の1ドル,cefrj
1229,count,verb,A2,2,3,数える、重要である,cefrj
1230,fresh,adj,A2,2,3,新鮮な、生き生きした,cefrj
1231,lake,noun,A2,2,3,湖、湖沼,cefrj
1232,mostly,adv,A2,2,3,大部分は、主として,cefrj
1233,realize,verb,A2,2,3,悟る、実現する,cefrj
1234,remain,verb,A2,2,3,とどまる、〜のままでいる,cefrj
1235,scale,noun,A2,2,3,規模、尺度,cefrj
1236,separate,adj,A2,2,3,分かれた、切り離す,cefrj
1237,wedding,noun,A2,2,3,結婚式,cefrj+ai
1238,budget,noun,A2,2,3,予算、経費,cefrj
1239,click,verb,A2,2,3,鳴る、クリックする,cefrj
1240,fashion,noun,A2,2,3,流行、ファッション,cefrj
1241,feature,noun,A2,2,3,特徴、呼び物,cefrj
1242,generation,noun,A2,2,3,世代、同世代の人々,cefrj
1243,metal,noun,A2,2,3,金属、合金,cefrj
1244,pull,verb,A2,2,3,引く、引っ張る,cefrj
1245,target,noun,A2,2,3,標的、目標にする,cefrj
1246,village,noun,A2,2,3,村、村落,cefrj
1247,agent,noun,A2,2,3,代理人、仲介者,cefrj
1248,apply,verb,A2,2,3,申し込む、適用する,cefrj
1249,enter,verb,A2,2,3,入る、入学する,cefrj
1250,silver,adj,A2,2,3,銀、銀色,cefrj
1251,spread,noun,A2,2,3,広げる、広がる,cefrj
1252,adult,adj,A2,2,3,大人、成人,cefrj
1253,apparently,adv,A2,2,3,どうやら、見たところ,cefrj
1254,chairman,noun,A2,2,3,議長、会長,cefrj
1255,method,noun,A2,2,3,方法、方式,cefrj
1256,strength,noun,A2,2,3,力、強さ,cefrj
1257,wild,adj,A2,2,3,野生の、乱暴な,cefrj
1258,winner,noun,A2,2,3,勝者、受賞者,cefrj
1259,dangerous,adj,A2,2,3,危険な、危ない,cefrj
1260,extremely,adv,A2,2,3,極めて、非常に,cefrj
1261,handle,noun,A2,2,3,扱う、取っ手,cefrj
1262,improve,verb,A2,2,3,向上させる、改善する,cefrj
1263,indeed,adv,A2,2,3,実に、本当に,cefrj
1264,negative,adj,A2,2,3,否定的な、消極的な,cefrj
1265,prevent,verb,A2,2,3,防ぐ、妨げる,cefrj
1266,trouble,noun,A2,2,3,困難、トラブル,cefrj
1267,advantage,noun,A2,2,3,有利な点、長所,cefrj
1268,apart,adv,A2,2,3,離れて、別れて,cefrj
1269,decide,verb,A2,2,3,決める、決心する,cefrj
1270,function,verb,A2,2,3,機能、働く,cefrj
1271,impossible,adj,A2,2,3,不可能な、無理な,cefrj
1272,influence,noun,A2,2,3,影響、影響を及ぼす,cefrj
1273,produce,verb,A2,2,3,生産する、作り出す,cefrj
1274,shut,verb,A2,2,3,閉める、閉まる,cefrj
1275,wood,noun,A2,2,3,木材、森,cefrj
1276,background,noun,A2,2,3,背景、生い立ち,cefrj
1277,host,noun,A2,2,3,主催者、主人,cefrj
1278,labor,noun,A2,2,3,労働、労働者,cefrj
1279,patient,noun,A2,2,3,患者、我慢強い,cefrj
1280,possibly,adv,A2,2,3,もしかすると、到底,cefrj
1281,software,noun,A2,2,3,ソフトウェア,cefrj
1282,alive,adj,A2,2,3,生きて、元気で,cefrj
1283,boss,noun,A2,2,3,上司、親方,cefrj
1284,magic,adj,A2,2,3,魔法、手品,cefrj
1285,net,adj,A2,2,3,網、正味の,cefrj
1286,request,noun,A2,2,3,頼み、要請する,cefrj
1287,beauty,noun,A2,2,3,美しさ、美人,cefrj
1288,develop,verb,A2,2,3,発展する、開発する,cefrj
1289,fix,noun,A2,2,3,修理する、固定する,cefrj
1290,frank,adj,A2,2,3,率直な,cefrj+ai
1291,raise,verb,A2,2,3,上げる、育てる,cefrj
1292,roll,noun,A2,2,3,転がる、巻いたもの,cefrj
1293,suggest,verb,A2,2,3,提案する、暗示する,cefrj
1294,youth,noun,A2,2,3,若さ、青春時代,cefrj
1295,appreciate,verb,A2,2,3,感謝する、正当に評価する,cefrj
1296,forever,adv,A2,2,3,永遠に、絶えず,cefrj
1297,mad,adj,A2,2,3,怒った、狂気の,cefrj
1298,somewhere,adv,A2,2,3,どこかに、どこかで,cefrj
1299,strategy,noun,A2,2,3,戦略、方策,cefrj
1300,web,noun,A2,2,3,クモの巣、網の目,cefrj
1301,wine,noun,A2,2,3,ワイン、ぶどう酒,cefrj
1302,audience,noun,A2,2,3,聴衆、観客,cefrj
1303,bay,noun,A2,2,3,湾,cefrj+ai
1304,description,noun,A2,2,3,描写、説明,cefrj
1305,exist,verb,A2,2,3,存在する、生存する,cefrj
1306,guard,noun,A2,2,3,守る、警備員,cefrj
1307,mention,noun,A2,2,3,言及する、口にする,cefrj
1308,shoot,verb,A2,2,3,撃つ、シュートする,cefrj
1309,assistant,adj,A2,2,3,助手、補佐官,cefrj
1310,classic,adj,A2,2,3,古典の、典型的な,cefrj
1311,electric,adj,A2,2,3,電気の、電動の,cefrj
1312,emergency,noun,A2,2,3,緊急事態、非常時,cefrj
1313,ill,adj,A2,2,3,病気の、悪い,cefrj
1314,plenty,noun,A2,2,3,豊富さ、多量,cefrj
1315,proper,adj,A2,2,3,適切な、ふさわしい,cefrj
1316,shape,noun,A2,2,3,形、体調,cefrj
1317,useful,adj,A2,2,3,役に立つ、便利な,cefrj
1318,valley,noun,A2,2,3,谷、渓谷,cefrj
1319,zone,noun,A2,2,3,地帯、区域,cefrj
1320,accident,noun,A2,2,3,事故、偶然の出来事,cefrj
1321,advanced,adj,A2,2,3,進んだ、上級の,cefrj+ai
1322,anywhere,adv,A2,2,3,どこかに、どこにも,cefrj
1323,cheap,adj,A2,2,3,安価な、安っぽい,cefrj
1324,discussion,noun,A2,2,3,討論、話し合い,cefrj
1325,fantastic,adj,A2,2,3,素晴らしい、空想的な,cefrj
1326,mix,verb,A2,2,3,混ぜる、混ざる,cefrj
1327,museum,noun,A2,2,3,博物館、美術館,cefrj
1328,path,noun,A2,2,3,小道、進路,cefrj
1329,promise,noun,A2,2,3,約束する、約束,cefrj
1330,beer,noun,A2,2,3,ビール,cefrj
1331,crowd,noun,A2,2,3,群衆、混雑する,cefrj
1332,forest,noun,A2,2,3,森林、森,cefrj
1333,intelligence,noun,A2,2,3,知能、情報,cefrj
1334,suit,noun,A2,2,3,適する、スーツ,cefrj
1335,appearance,noun,A2,2,3,外見、出現,cefrj
1336,behavior,noun,A2,2,3,行動、振る舞い,cefrj
1337,honor,noun,A2,2,3,名誉、栄誉を授ける,cefrj
1338,native,adj,A2,2,3,母国の、出身の,cefrj
1339,ray,noun,A2,2,3,光線,cefrj
1340,ancient,adj,A2,2,3,古代の、大昔の,cefrj
1341,communication,noun,A2,2,3,意思疎通、伝達,cefrj
1342,download,verb,A2,2,3,ダウンロードする,cefrj+ai
1343,ending,noun,A2,2,3,終わり、結末,cefrj+ai
1344,express,noun,A2,2,3,表現する、急行,cefrj
1345,hero,noun,A2,2,3,英雄、主人公,cefrj
1346,illegal,adj,A2,2,3,違法の、非合法の,cefrj
1347,joke,noun,A2,2,3,冗談、からかい,cefrj
1348,planet,noun,A2,2,3,惑星,cefrj
1349,soft,adj,A2,2,3,柔らかい、穏やかな,cefrj
1350,surprised,adj,A2,2,3,驚いた,cefrj+ai
1351,appropriate,adj,A2,2,3,適切な、ふさわしい,cefrj
1352,golden,adj,A2,2,3,金色の、素晴らしい,cefrj
1353,lawyer,noun,A2,2,3,弁護士、法律家,cefrj
1354,mistake,noun,A2,2,3,間違い、誤り,cefrj
1355,ms,noun,A2,2,3,〜さん（女性）,cefrj+ai
1356,schedule,noun,A2,2,3,予定、日程表,cefrj
1357,scientific,adj,A2,2,3,科学の、科学的な,cefrj
1358,comfortable,adj,A2,2,3,快適な、心地よい,cefrj
1359,concern,noun,A2,2,3,心配、関心事,cefrj
1360,max,noun,A2,2,3,最大、最大限,cefrj+ai
1361,pack,noun,A2,2,3,荷造りする、詰め込む,cefrj
1362,perform,verb,A2,2,3,演じる、成し遂げる,cefrj
1363,storm,noun,A2,2,3,嵐、暴風雨,cefrj
1364,strike,noun,A2,2,3,打つ、襲う,cefrj
1365,weak,adj,A2,2,3,弱い、かすかな,cefrj
1366,apartment,noun,A2,2,3,アパート、共同住宅,cefrj
1367,chain,noun,A2,2,3,鎖、連鎖,cefrj
1368,chapter,noun,A2,2,3,章、区切り,cefrj
1369,journey,noun,A2,2,3,旅、旅行,cefrj
1370,split,adj,A2,2,3,分割する、割れる,cefrj
1371,task,noun,A2,2,3,任務、仕事,cefrj
1372,argument,noun,A2,2,3,議論、口論,cefrj
1373,debate,noun,A2,2,3,討論、議論する,cefrj
1374,escape,noun,A2,2,3,逃げる、逃れる,cefrj
1375,fault,noun,A2,2,3,欠点、責任,cefrj
1376,talent,noun,A2,2,3,才能、特技,cefrj
1377,temperature,noun,A2,2,3,温度、気温,cefrj
1378,basically,adv,A2,2,3,基本的に、要するに,cefrj
1379,besides,adv,A2,2,3,〜のほかに、それに加えて,cefrj
1380,blame,verb,A2,2,3,非難する、責任を負わせる,cefrj
1381,context,noun,A2,2,3,文脈、背景,cefrj
1382,display,noun,A2,2,3,展示する、表示する,cefrj
1383,novel,noun,A2,2,3,小説、斬新な,cefrj
1384,slowly,adv,A2,2,3,ゆっくりと、遅く,cefrj
1385,stadium,noun,A2,2,3,スタジアム,cefrj
1386,worried,adj,A2,2,3,心配した,cefrj+ai
1387,editor,noun,A2,2,3,編集者,cefrj
1388,kingdom,noun,A2,2,3,王国,cefrj+ai
1389,opposite,adj,A2,2,3,反対の、向かい側の,cefrj
1390,unfortunately,adv,A2,2,3,残念ながら、不幸にも,cefrj
1391,usual,adj,A2,2,3,いつもの、通常の,cefrj
1392,wave,noun,A2,2,3,手を振る、波,cefrj
1393,customer,noun,A2,2,3,顧客、客,cefrj
1394,fail,verb,A2,2,3,失敗する、落ちる,cefrj
1395,familiar,adj,A2,2,3,よく知られた、親しい,cefrj
1396,id,noun,A2,2,3,身分証明書,cefrj+ai
1397,perfectly,adv,A2,2,3,完璧に、完全に,cefrj
1398,seek,verb,A2,2,3,捜し求める、追求する,cefrj
1399,upset,adj,A2,2,3,動揺させる、覆す,cefrj
1400,creative,adj,A2,2,3,創造的な、独創的な,cefrj
1401,educational,adj,A2,2,3,教育の、教育的な,cefrj
1402,entertainment,noun,A2,2,3,娯楽、もてなし,cefrj
1403,mainly,adv,A2,2,3,主に、大部分は,cefrj
1404,salt,noun,A2,2,3,塩、食塩,cefrj
1405,armed,adj,A2,2,3,武装した,cefrj+ai
1406,danger,noun,A2,2,3,危険、脅威,cefrj
1407,empty,adj,A2,2,3,空の、空虚な,cefrj
1408,gender,noun,A2,2,3,性、性別,cefrj
1409,pacific,adj,A2,2,3,太平洋の,cefrj+ai
1410,singing,noun,A2,2,3,歌うこと、歌,cefrj+ai
1411,admit,verb,A2,2,3,認める、入場を許可する,cefrj
1412,attitude,noun,A2,2,3,態度、姿勢,cefrj
1413,branch,noun,A2,2,3,枝、支店,cefrj
1414,drawing,noun,A2,2,3,絵、デッサン,cefrj+ai
1415,favor,noun,A2,2,3,好意、賛成する,cefrj
1416,frame,noun,A2,2,3,枠組み、骨組み,cefrj
1417,independence,noun,A2,2,3,独立、自立,cefrj
1418,load,noun,A2,2,3,荷物、積み込む,cefrj
1419,rent,noun,A2,2,3,賃料、賃貸しする,cefrj
1420,replace,verb,A2,2,3,取って代わる、交換する,cefrj
1421,represent,verb,A2,2,3,代表する、表す,cefrj
1422,achieve,verb,A2,2,3,達成する、成し遂げる,cefrj
1423,chat,verb,A2,2,3,雑談する、おしゃべり,cefrj
1424,chemical,adj,A2,2,3,化学の、化学物質,cefrj
1425,detail,noun,A2,2,3,詳細、細部,cefrj
1426,diet,noun,A2,2,3,食事、規定食,cefrj
1427,lane,noun,A2,2,3,車線、小道,cefrj+ai
1428,prefer,verb,A2,2,3,〜をより好む,cefrj
1429,unlike,adj,A2,2,3,〜と違って,cefrj
1430,weekly,adj,A2,2,3,毎週の、週刊の,cefrj
1431,crown,noun,A2,2,3,王冠,cefrj+ai
1432,expert,noun,A2,2,3,専門家、熟練者,cefrj
1433,golf,noun,A2,2,3,ゴルフ,cefrj
1434,grace,noun,A2,2,3,優雅さ、気品,cefrj+ai
1435,importance,noun,A2,2,3,重要性、重大さ,cefrj
1436,latter,adv,A2,2,3,後者の,cefrj
1437,brilliant,adj,A2,2,3,光り輝く、素晴らしい,cefrj
1438,error,noun,A2,2,3,誤り、過失,cefrj
1439,expression,noun,A2,2,3,表現、表情,cefrj
1440,joy,noun,A2,2,3,喜び、うれしさ,cefrj
1441,manner,noun,A2,2,3,方法、礼儀作法,cefrj
1442,personality,noun,A2,2,3,個性、人格,cefrj
1443,plate,noun,A2,2,3,皿、平板,cefrj
1444,prepare,verb,A2,2,3,準備する、用意する,cefrj
1445,roof,noun,A2,2,3,屋根、屋上,cefrj
1446,tip,noun,A2,2,3,助言、先端,cefrj
1447,advertising,noun,A2,2,3,広告,cefrj+ai
1448,championship,noun,A2,2,3,選手権、優勝,cefrj
1449,heavily,adv,A2,2,3,重く、大量に,cefrj
1450,manage,verb,A2,2,3,管理する、やり遂げる,cefrj
1451,print,verb,A2,2,3,印刷する、出版する,cefrj
1452,quit,verb,A2,2,3,やめる,cefrj+ai
1453,wet,adj,A2,2,3,湿った、ぬれた,cefrj
1454,widely,adv,A2,2,3,広く、広範囲に,cefrj
1455,worldwide,adv,A2,2,3,世界中で,cefrj+ai
1456,anniversary,noun,A2,2,3,記念日,cefrj+ai
1457,attractive,adj,A2,2,3,魅力的な、人を引きつける,cefrj
1458,burn,noun,A2,2,3,燃える、燃やす,cefrj
1459,hardly,adv,A2,2,3,ほとんど〜ない,cefrj
1460,pc,noun,A2,2,3,パソコン,cefrj+ai
1461,raw,adj,A2,2,3,生の、加工されていない,cefrj
1462,sample,noun,A2,2,3,標本、見本,cefrj
1463,unknown,adj,A2,2,3,知られていない、未知の,cefrj
1464,automatically,adv,A2,2,3,自動的に、無意識に,cefrj
1465,battery,noun,A2,2,3,電池、バッテリー,cefrj+ai
1466,chest,noun,A2,2,3,胸、大箱,cefrj
1467,destroy,verb,A2,2,3,破壊する、台無しにする,cefrj
1468,license,verb,A2,2,3,免許証、許可する,cefrj
1469,pilot,noun,A2,2,3,操縦士、パイロット,cefrj
1470,principal,adj,A2,2,3,主要な、校長,cefrj
1471,regularly,adv,A2,2,3,定期的に、規則正しく,cefrj
1472,survive,verb,A2,2,3,生き残る、生き延びる,cefrj
1473,campus,noun,A2,2,3,キャンパス,cefrj
1474,childhood,noun,A2,2,3,子ども時代、幼少期,cefrj
1475,fee,noun,A2,2,3,謝礼、入場料,cefrj
1476,lock,noun,A2,2,3,鍵をかける、錠,cefrj
1477,musical,adj,A2,2,3,音楽の、ミュージカル,cefrj
1478,organized,adj,A2,2,3,整理された、組織的な,cefrj+ai
1479,plastic,adj,A2,2,3,プラスチック、合成樹脂,cefrj
1480,tie,noun,A2,2,3,結ぶ、ネクタイ,cefrj
1481,wealth,noun,A2,2,3,富、財産,cefrj
1482,wise,adj,A2,2,3,賢い、賢明な,cefrj
1483,aged,adj,A2,2,3,〜歳の、年老いた,cefrj+ai
1484,fairly,adv,A2,2,3,かなり、公平に,cefrj
1485,graduate,verb,A2,2,3,卒業する、卒業生,cefrj
1486,inner,adj,A2,2,3,内部の、精神の,cefrj
1487,operate,verb,A2,2,3,作動する、手術する,cefrj
1488,permission,noun,A2,2,3,許可、承諾,cefrj
1489,reply,noun,A2,2,3,返答する、返事,cefrj
1490,tradition,noun,A2,2,3,伝統、慣習,cefrj
1491,appointment,noun,A2,2,3,約束、指名,cefrj
1492,bush,noun,A2,2,3,低木、茂み,cefrj+ai
1493,gallery,noun,A2,2,3,美術品陳列室、画廊,cefrj
1494,highway,noun,A2,2,3,幹線道路、高速道路,cefrj+ai
1495,inch,noun,A2,2,3,インチ,cefrj
1496,junior,adj,A2,2,3,年下の、後輩の、年少者,cefrj
1497,olympic,adj,A2,2,3,オリンピックの,cefrj+ai
1498,pride,noun,A2,2,3,誇り、自負,cefrj
1499,speaker,noun,A2,2,3,話し手、演説者,cefrj
1500,tone,noun,A2,2,4,口調、音調,cefrj
1501,earn,verb,A2,2,4,稼ぐ、獲得する,cefrj
1502,rush,noun,A2,2,4,急ぐ、突進する,cefrj
1503,trick,noun,A2,2,4,策略、手品,cefrj
1504,audio,adj,A2,2,4,音声の,cefrj
1505,chart,noun,A2,2,4,図表、海図,cefrj
1506,confused,adj,A2,2,4,混乱した、困惑した,cefrj+ai
1507,gate,noun,A2,2,4,門、出入り口,cefrj
1508,harm,verb,A2,2,4,害、損害を与える,cefrj
1509,killer,noun,A2,2,4,殺人者,cefrj+ai
1510,mirror,noun,A2,2,4,鏡、映し出す,cefrj
1511,strongly,adv,A2,2,4,強く、激しく,cefrj
1512,adventure,noun,A2,2,4,冒険、思いがけない体験,cefrj
1513,argue,verb,A2,2,4,議論する、主張する,cefrj
1514,awful,adj,A2,2,4,ひどい、恐ろしい,cefrj
1515,contrast,noun,A2,2,4,対比、対照をなす,cefrj
1516,elsewhere,adv,A2,2,4,どこか他のところで,cefrj
1517,establish,verb,A2,2,4,設立する、確立する,cefrj
1518,loose,adj,A2,2,4,ゆるい、解き放たれた,cefrj
1519,shock,noun,A2,2,4,衝撃、ショックを与える,cefrj
1520,silence,noun,A2,2,4,沈黙、静寂,cefrj
1521,soldier,noun,A2,2,4,兵士、軍人,cefrj
1522,violent,adj,A2,2,4,暴力的な、激しい,cefrj
1523,angel,noun,A2,2,4,天使,cefrj+ai
1524,bonus,noun,A2,2,4,ボーナス、賞与,cefrj
1525,castle,noun,A2,2,4,城、城郭,cefrj
1526,compare,verb,A2,2,4,比較する、比べる,cefrj
1527,cooking,noun,A2,2,4,料理,cefrj+ai
1528,encourage,verb,A2,2,4,勇気づける、励ます,cefrj
1529,mystery,noun,A2,2,4,謎、神秘,cefrj
1530,photography,noun,A2,2,4,写真撮影,cefrj+ai
1531,rating,noun,A2,2,4,評価、格付け,cefrj+ai
1532,refer,verb,A2,2,4,言及する、参照する,cefrj
1533,successfully,adv,A2,2,4,首尾よく、成功裡に,cefrj
1534,unusual,adj,A2,2,4,珍しい、普通でない,cefrj
1535,badly,adv,A2,2,4,ひどく、下手に,cefrj
1536,deeply,adv,A2,2,4,深く、痛切に,cefrj
1537,explanation,noun,A2,2,4,説明、解明,cefrj
1538,fiction,noun,A2,2,4,小説、作り話,cefrj
1539,happiness,noun,A2,2,4,幸福、幸運,cefrj
1540,mood,noun,A2,2,4,気分、機嫌,cefrj
1541,pleased,adj,A2,2,4,喜んだ、満足した,cefrj+ai
1542,retired,adj,A2,2,4,引退した、退職した,cefrj+ai
1543,shadow,noun,A2,2,4,影、陰影,cefrj
1544,tape,noun,A2,2,4,テープ、録音する,cefrj
1545,commitment,noun,A2,2,4,献身、公約,cefrj
1546,confident,adj,A2,2,4,自信がある、確信して,cefrj
1547,custom,noun,A2,2,4,慣習、習慣,cefrj
1548,helpful,adj,A2,2,4,役に立つ、助けになる,cefrj
1549,horror,noun,A2,2,4,恐怖、ホラー,cefrj+ai
1550,reveal,verb,A2,2,4,明らかにする、漏らす,cefrj
1551,romantic,adj,A2,2,4,ロマンチックな、空想的な,cefrj
1552,alright,adj,A2,2,4,申し分ない、大丈夫な,cefrj
1553,architecture,noun,A2,2,4,建築、建築様式,cefrj
1554,belt,noun,A2,2,4,ベルト、帯,cefrj
1555,comic,adj,A2,2,4,喜劇の、こっけいな,cefrj+ai
1556,diamond,noun,A2,2,4,ダイヤモンド,cefrj+ai
1557,disappointed,adj,A2,2,4,がっかりした,cefrj+ai
1558,dressed,adj,A2,2,4,服を着た,cefrj+ai
1559,hockey,noun,A2,2,4,ホッケー,cefrj+ai
1560,kit,noun,A2,2,4,道具一式、キット,cefrj+ai
1561,nervous,adj,A2,2,4,神経質な、緊張して,cefrj
1562,stomach,noun,A2,2,4,胃、おなか,cefrj
1563,dust,noun,A2,2,4,ほこり、ちり,cefrj
1564,inspiration,noun,A2,2,4,ひらめき、刺激,cefrj+ai
1565,remote,adj,A2,2,4,遠く離れた、へんぴな,cefrj
1566,repair,noun,A2,2,4,修理する、修復する,cefrj
1567,root,noun,A2,2,4,根、根本,cefrj
1568,steal,verb,A2,2,4,盗む、盗取する,cefrj
1569,annoying,adj,A2,2,4,うっとうしい、迷惑な,cefrj+ai
1570,delay,noun,A2,2,4,遅らせる、延期,cefrj
1571,desert,noun,A2,2,4,砂漠、見捨てる,cefrj
1572,downtown,adv,A2,2,4,繁華街へ、中心街で,cefrj+ai
1573,marry,verb,A2,2,4,結婚する,cefrj
1574,rugby,noun,A2,2,4,ラグビー,cefrj+ai
1575,sake,noun,A2,2,4,利益、目的,cefrj
1576,smooth,adj,A2,2,4,滑らかな、円滑な,cefrj
1577,string,noun,A2,2,4,ひも、糸,cefrj
1578,sudden,adj,A2,2,4,突然の、不意の,cefrj
1579,abroad,adv,A2,2,4,外国へ、海外に,cefrj
1580,bench,noun,A2,2,4,ベンチ,cefrj+ai
1581,bother,verb,A2,2,4,悩ます、わざわざ〜する,cefrj
1582,citizen,noun,A2,2,4,市民、国民,cefrj
1583,cricket,noun,A2,2,4,クリケット、コオロギ,cefrj+ai
1584,discover,verb,A2,2,4,発見する、見出す,cefrj
1585,entrance,noun,A2,2,4,入り口、入場,cefrj
1586,friendship,noun,A2,2,4,友情、友好関係,cefrj
1587,medal,noun,A2,2,4,メダル,cefrj+ai
1588,pan,noun,A2,2,4,フライパン、平なべ,cefrj+ai
1589,reflect,verb,A2,2,4,反射する、反映する,cefrj
1590,shell,noun,A2,2,4,貝殻、砲弾,cefrj
1591,silly,adj,A2,2,4,愚かな、ばかげた,cefrj
1592,belong,verb,A2,2,4,所属する、属する,cefrj
1593,passenger,noun,A2,2,4,乗客、旅客,cefrj
1594,suitable,adj,A2,2,4,適した、ふさわしい,cefrj
1595,exhibition,noun,A2,2,4,展覧会、展示,cefrj
1596,honey,noun,A2,2,4,はちみつ,cefrj+ai
1597,hunter,noun,A2,2,4,狩人、ハンター,cefrj+ai
1598,regret,verb,A2,2,4,後悔する、残念に思う,cefrj
1599,remind,verb,A2,2,4,思い出させる、気づかせる,cefrj
1600,seed,noun,A2,2,4,種、種子,cefrj
1601,summary,noun,A2,2,4,要約、概略,cefrj
1602,asleep,adj,A2,2,4,眠って,cefrj+ai
1603,automatic,adj,A2,2,4,自動の,cefrj+ai
1604,landscape,noun,A2,2,4,風景、景色,cefrj
1605,roughly,adv,A2,2,4,おおよそ、粗雑に,cefrj
1606,script,noun,A2,2,4,台本、脚本,cefrj+ai
1607,banking,noun,A2,2,4,銀行業,cefrj+ai
1608,fancy,adj,A2,2,4,高級な、空想する,cefrj
1609,grateful,adj,A2,2,4,感謝している、ありがたい,cefrj
1610,indicate,verb,A2,2,4,示す、指し示す,cefrj
1611,knock,noun,A2,2,4,ノックする、叩く,cefrj
1612,leather,noun,A2,2,4,革、革製品,cefrj
1613,rob,verb,A2,2,4,奪う、強盗する,cefrj+ai
1614,tear,noun,A2,2,4,涙、引き裂く,cefrj
1615,terrorist,adj,A2,2,4,テロリスト,cefrj
1616,flood,noun,A2,2,4,洪水、押し寄せる,cefrj
1617,instant,adj,A2,2,4,即座の、インスタントの,cefrj+ai
1618,liberty,noun,A2,2,4,自由,cefrj+ai
1619,progressive,adj,A2,2,4,進歩的な,cefrj
1620,brave,adj,A2,2,4,勇敢な,cefrj+ai
1621,column,noun,A2,2,4,円柱、コラム欄,cefrj
1622,difficulty,noun,A2,2,4,困難、難しさ,cefrj
1623,greatly,adv,A2,2,4,大いに、大層,cefrj
1624,pretend,verb,A2,2,4,〜のふりをする,cefrj
1625,robin,noun,A2,2,4,コマドリ,cefrj+ai
1626,shore,noun,A2,2,4,岸、海岸,cefrj
1627,trap,noun,A2,2,4,わな、閉じ込める,cefrj
1628,uniform,adj,A2,2,4,制服、一様な,cefrj
1629,wooden,adj,A2,2,4,木製の、ぎこちない,cefrj
1630,complaint,noun,A2,2,4,苦情、不平,cefrj
1631,fighter,noun,A2,2,4,戦う人、戦闘機,cefrj+ai
1632,romance,noun,A2,2,4,恋愛、ロマンス,cefrj+ai
1633,bite,noun,A2,2,4,かむ、刺す,cefrj
1634,explore,verb,A2,2,4,探検する、調査する,cefrj
1635,midnight,noun,A2,2,4,真夜中、夜の12時,cefrj+ai
1636,ruin,verb,A2,2,4,台無しにする、破滅,cefrj
1637,slave,noun,A2,2,4,奴隷,cefrj
1638,symbol,noun,A2,2,4,象徴、記号,cefrj
1639,affair,noun,A2,2,4,出来事、事件,cefrj
1640,calendar,noun,A2,2,4,カレンダー,cefrj+ai
1641,fortune,noun,A2,2,4,富、運命,cefrj
1642,invite,verb,A2,2,4,招待する、招く,cefrj
1643,partly,adv,A2,2,4,一部分は、部分的に,cefrj
1644,physically,adv,A2,2,4,肉体的に、身体上,cefrj
1645,sauce,noun,A2,2,4,ソース,cefrj+ai
1646,slide,noun,A2,2,4,滑る、滑り台,cefrj
1647,wisdom,noun,A2,2,4,知恵,cefrj
1648,fool,noun,A2,2,4,愚か者、ばか者,cefrj
1649,furniture,noun,A2,2,4,家具,cefrj
1650,intelligent,adj,A2,2,4,知能の高い、頭のよい,cefrj+ai
1651,lifestyle,noun,A2,2,4,ライフスタイル、生活様式,cefrj
1652,mall,noun,A2,2,4,モール,cefrj
1653,overseas,adv,A2,2,4,海外へ、海外の,cefrj
1654,relax,verb,A2,2,4,くつろぐ、緩める,cefrj
1655,succeed,verb,A2,2,4,成功する、継承する,cefrj
1656,alarm,noun,A2,2,4,警報、警報器,cefrj
1657,globe,noun,A2,2,4,地球、地球儀,cefrj+ai
1658,peaceful,adj,A2,2,4,平和な、穏やかな,cefrj+ai
1659,photographer,noun,A2,2,4,写真家、カメラマン,cefrj+ai
1660,stranger,noun,A2,2,4,見知らぬ人、不慣れな人,cefrj
1661,surprising,adj,A2,2,4,驚くべき,cefrj+ai
1662,tap,noun,A2,2,4,軽くたたく、蛇口,cefrj
1663,acceptable,adj,A2,2,4,受諾できる、容認できる,cefrj
1664,passage,noun,A2,2,4,通路、一節,cefrj
1665,tune,noun,A2,2,4,旋律、調律する,cefrj
1666,exam,noun,A2,2,4,試験、検査,cefrj
1667,instrument,noun,A2,2,4,器具、楽器,cefrj
1668,lover,noun,A2,2,4,愛好家、恋人,cefrj
1669,menu,noun,A2,2,4,献立表、メニュー,cefrj
1670,panic,noun,A2,2,4,恐慌、パニック,cefrj
1671,pursue,verb,A2,2,4,追求する、追いかける,cefrj
1672,enormous,adj,A2,2,4,莫大な、巨大な,cefrj
1673,garage,noun,A2,2,4,車庫、ガレージ,cefrj+ai
1674,screw,noun,A2,2,4,ねじ,cefrj+ai
1675,artificial,adj,A2,2,4,人工の,cefrj
1676,gather,verb,A2,2,4,集める、集まる,cefrj
1677,chef,noun,A2,2,4,料理長、シェフ,cefrj+ai
1678,complain,verb,A2,2,4,不平を言う、抗議する,cefrj
1679,differently,adv,A2,2,4,異なって、別に,cefrj
1680,essay,noun,A2,2,4,随筆、小論文,cefrj
1681,maker,noun,A2,2,4,製造業者、製作者,cefrj
1682,photograph,noun,A2,2,4,写真、撮影する,cefrj
1683,cruise,noun,A2,2,4,船旅、クルーズ,cefrj+ai
1684,imagination,noun,A2,2,4,想像力、空想,cefrj
1685,pleasant,adj,A2,2,4,心地よい、快適な,cefrj
1686,portrait,noun,A2,2,4,肖像画、人物写真,cefrj
1687,correctly,adv,A2,2,4,正しく,cefrj
1688,duck,noun,A2,2,4,アヒル、カモ,cefrj+ai
1689,fence,noun,A2,2,4,囲い、柵,cefrj
1690,gradually,adv,A2,2,4,徐々に、次第に,cefrj
1691,sink,noun,A2,2,4,沈む、流し台,cefrj
1692,bored,adj,A2,2,4,退屈した,cefrj+ai
1693,bug,noun,A2,2,4,虫、不具合,cefrj+ai
1694,communicate,verb,A2,2,4,伝達する、意思疎通する,cefrj
1695,depend,verb,A2,2,4,頼る、依存する,cefrj
1696,occupation,noun,A2,2,4,職業、占有,cefrj
1697,tourist,noun,A2,2,4,観光客、旅行者,cefrj
1698,coin,noun,A2,2,4,硬貨、コイン,cefrj
1699,sandy,adj,A2,2,4,砂の、砂だらけの,cefrj+ai
1700,uncomfortable,adj,A2,2,4,心地よくない、窮屈な,cefrj+ai
1701,clue,noun,A2,2,4,手がかり,cefrj
1702,heating,noun,A2,2,4,暖房,cefrj+ai
1703,oak,noun,A2,2,4,オーク、カシ,cefrj+ai
1704,runner,noun,A2,2,4,走者、ランナー,cefrj+ai
1705,sadly,adv,A2,2,4,悲しそうに、残念ながら,cefrj+ai
1706,soap,noun,A2,2,4,せっけん,cefrj+ai
1707,unnecessary,adj,A2,2,4,不必要な,cefrj+ai
1708,dam,noun,A2,2,4,ダム,cefrj+ai
1709,gentle,adj,A2,2,4,優しい、穏やかな,cefrj
1710,jam,noun,A2,2,4,ジャム、渋滞,cefrj+ai
1711,mysterious,adj,A2,2,4,不思議な、なぞの,cefrj+ai
1712,shine,verb,A2,2,4,輝く、光る,cefrj
1713,treasure,noun,A2,2,4,宝物、財宝,cefrj+ai
1714,unfair,adj,A2,2,4,不公平な,cefrj+ai
1715,apologize,verb,A2,2,4,謝る、謝罪する,cefrj
1716,creature,noun,A2,2,4,生き物、被造物,cefrj
1717,shade,noun,A2,2,4,陰、日よけ,cefrj
1718,convenient,adj,A2,2,4,便利な、都合のよい,cefrj+ai
1719,earthquake,noun,A2,2,4,地震,cefrj+ai
1720,elderly,adj,A2,2,4,年配の、初老の,cefrj
1721,embarrassing,adj,A2,2,4,恥ずかしい、気まずい,cefrj+ai
1722,quietly,adv,A2,2,4,静かに、そっと,cefrj
1723,wallet,noun,A2,2,4,財布,cefrj+ai
1724,logical,adj,A2,2,4,論理的な,cefrj
1725,pepper,noun,A2,2,4,コショウ、ピーマン,cefrj+ai
1726,pile,noun,A2,2,4,積み重ね、山,cefrj
1727,scream,noun,A2,2,4,悲鳴を上げる、絶叫,cefrj
1728,sweat,verb,A2,2,4,汗をかく,cefrj+ai
1729,teenage,adj,A2,2,4,10代の,cefrj+ai
1730,bend,verb,A2,2,4,曲げる、曲がる,cefrj
1731,fascinating,adj,A2,2,4,魅力的な、とてもおもしろい,cefrj+ai
1732,hip-hop,noun,A2,2,4,ヒップホップ,cefrj+ai
1733,lip,noun,A2,2,4,唇,cefrj
1734,precise,adj,A2,2,4,正確な、精密な,cefrj
1735,ski,noun,A2,2,4,スキー、スキーをする,cefrj
1736,washing-up,noun,A2,2,4,皿洗い,cefrj+ai
1737,climbing,noun,A2,2,4,登山、クライミング,cefrj+ai
1738,divide,verb,A2,2,4,分ける、分割する,cefrj
1739,ham,noun,A2,2,4,ハム,cefrj+ai
1740,rap,noun,A2,2,4,ラップ（音楽）,cefrj+ai
1741,athlete,noun,A2,2,4,運動選手、アスリート,cefrj
1742,freeze,verb,A2,2,4,凍る、凍結する,cefrj
1743,happily,adv,A2,2,4,楽しそうに、幸せに,cefrj+ai
1744,harmony,noun,A2,2,4,調和、ハーモニー,cefrj+ai
1745,noon,noun,A2,2,4,正午,cefrj+ai
1746,nowadays,adv,A2,2,4,近ごろは、今日では,cefrj
1747,stamp,noun,A2,2,4,切手、印,cefrj
1748,belly,noun,A2,2,4,おなか、腹,cefrj+ai
1749,cycling,noun,A2,2,4,サイクリング,cefrj+ai
1750,lemon,noun,A2,2,4,レモン,cefrj+ai
1751,pour,verb,A2,2,4,注ぐ、どしゃ降りに降る,cefrj
1752,publish,verb,A2,2,4,出版する、発表する,cefrj
1753,advise,verb,A2,2,4,助言する、忠告する,cefrj
1754,anxious,adj,A2,2,4,心配して、切望して,cefrj
1755,diary,noun,A2,2,4,日記,cefrj
1756,disagree,verb,A2,2,4,反対する、一致しない,cefrj
1757,disappear,verb,A2,2,4,消える、見えなくなる,cefrj
1758,drill,noun,A2,2,4,ドリル、反復練習,cefrj+ai
1759,euro,noun,A2,2,4,ユーロ,cefrj+ai
1760,hug,verb,A2,2,4,抱きしめる,cefrj+ai
1761,importantly,adv,A2,2,4,重要なことには,cefrj
1762,indoor,adj,A2,2,4,屋内の,cefrj+ai
1763,meter,noun,A2,2,4,計量器、メーター,cefrj
1764,statue,noun,A2,2,4,像,cefrj+ai
1765,teenager,noun,A2,2,4,10代の若者,cefrj
1766,bride,noun,A2,2,4,花嫁,cefrj+ai
1767,elephant,noun,A2,2,4,ゾウ,cefrj+ai
1768,predict,verb,A2,2,4,予言する、予測する,cefrj
1769,adjust,verb,A2,2,4,調整する、慣れる,cefrj
1770,basket,noun,A2,2,4,かご,cefrj+ai
1771,blanket,noun,A2,2,4,毛布,cefrj+ai
1772,concentrate,verb,A2,2,4,集中する、集める,cefrj
1773,consequence,noun,A2,2,4,結果、重大さ,cefrj
1774,continent,noun,A2,2,4,大陸,cefrj
1775,curse,noun,A2,2,4,のろい、悪口,cefrj+ai
1776,toe,noun,A2,2,4,足の指、つま先,cefrj+ai
1777,cheer,verb,A2,2,4,応援する、声援を送る,cefrj+ai
1778,cigarette,noun,A2,2,4,紙巻きタバコ,cefrj
1779,fried,adj,A2,2,4,油で揚げた、いためた,cefrj+ai
1780,rope,noun,A2,2,4,ロープ,cefrj
1781,shout,noun,A2,2,4,叫ぶ、怒鳴る,cefrj
1782,unhappy,adj,A2,2,4,不幸な、不満な,cefrj+ai
1783,beg,verb,A2,2,4,頼み込む、物ごいする,cefrj+ai
1784,lamp,noun,A2,2,4,電気スタンド、ランプ,cefrj+ai
1785,oven,noun,A2,2,4,オーブン,cefrj+ai
1786,retire,verb,A2,2,4,退職する、引退する,cefrj
1787,rhythm,noun,A2,2,4,リズム,cefrj
1788,slim,adj,A2,2,4,ほっそりした,cefrj+ai
1789,someday,adv,A2,2,4,いつか,cefrj+ai
1790,blonde,adj,A2,2,4,金髪の,cefrj+ai
1791,invention,noun,A2,2,4,発明、発明品,cefrj+ai
1792,soda,noun,A2,2,4,炭酸飲料、ソーダ,cefrj+ai
1793,container,noun,A2,2,4,容器,cefrj
1794,fork,noun,A2,2,4,フォーク,cefrj+ai
1795,harvest,noun,A2,2,4,収穫,cefrj
1796,junk,noun,A2,2,4,がらくた,cefrj+ai
1797,pill,noun,A2,2,4,錠剤、薬,cefrj+ai
1798,semester,noun,A2,2,4,学期,cefrj
1799,convenience,noun,A2,2,4,便利さ、好都合,cefrj+ai
1800,disappointing,adj,A2,2,4,期待はずれの,cefrj+ai
1801,fridge,noun,A2,2,4,冷蔵庫（口語）,cefrj+ai
1802,creativity,noun,A2,2,4,創造力、独創性,cefrj+ai
1803,relaxed,adj,A2,2,4,くつろいだ、リラックスした,cefrj+ai
1804,visitor,noun,A2,2,4,訪問者、来客,cefrj
1805,camping,noun,A2,2,4,キャンプ,cefrj+ai
1806,chin,noun,A2,2,4,あご,cefrj+ai
1807,clerk,noun,A2,2,4,店員、事務員,cefrj+ai
1808,flour,noun,A2,2,4,小麦粉,cefrj+ai
1809,kindly,adj,A2,2,4,親切な、優しい,cefrj+ai
1810,slice,noun,A2,2,4,薄切り、1切れ,cefrj
1811,dancer,noun,A2,2,4,ダンサー、踊り手,cefrj+ai
1812,pal,noun,A2,2,4,仲よし、友達,cefrj+ai
1813,sailing,noun,A2,2,4,ヨット遊び、航海,cefrj+ai
1814,uncertain,adj,A2,2,4,不確かな、はっきりしない,cefrj+ai
1815,weigh,verb,A2,2,4,重さを量る、重さがある,cefrj
1816,crowded,adj,A2,2,4,混雑した,cefrj+ai
1817,organize,verb,A2,2,4,組織する、準備する,cefrj
1818,pity,noun,A2,2,4,残念なこと、哀れみ,cefrj+ai
1819,satisfy,verb,A2,2,4,満足させる、満たす,cefrj
1820,admire,verb,A2,2,4,感嘆する、称賛する,cefrj
1821,ankle,noun,A2,2,4,足首,cefrj+ai
1822,fortunately,adv,A2,2,4,幸いにも,cefrj+ai
1823,harmful,adj,A2,2,4,有害な,cefrj+ai
1824,robbery,noun,A2,2,4,強盗,cefrj+ai
1825,steak,noun,A2,2,4,ステーキ,cefrj+ai
1826,cheek,noun,A2,2,4,頬、ほっぺた,cefrj
1827,cooler,noun,A2,2,4,クーラーボックス,cefrj+ai
1828,curry,noun,A2,2,4,カレー,cefrj+ai
1829,prediction,noun,A2,2,4,予測,cefrj
1830,toast,noun,A2,2,4,トースト、乾杯,cefrj+ai
1831,bargain,noun,A2,2,4,バーゲン、 安売り,cefrj
1832,brake,noun,A2,2,4,ブレーキ,cefrj+ai
1833,businessman,noun,A2,2,4,実業家、ビジネスマン,cefrj+ai
1834,cab,noun,A2,2,4,タクシー,cefrj+ai
1835,elevator,noun,A2,2,4,エレベーター,cefrj+ai
1836,hike,noun,A2,2,4,徒歩旅行、ハイキング,cefrj+ai
1837,chess,noun,A2,2,4,チェス,cefrj
1838,consist,verb,A2,2,4,成り立つ、構成される,cefrj
1839,fare,noun,A2,2,4,運賃,cefrj+ai
1840,float,noun,A2,2,4,浮かぶ、漂う,cefrj
1841,oppose,verb,A2,2,4,反対する、敵対する,cefrj
1842,bloom,noun,A2,2,4,花、開花,cefrj+ai
1843,clown,noun,A2,2,4,ピエロ、道化師,cefrj+ai
1844,impress,verb,A2,2,4,感銘を与える、印象づける,cefrj
1845,painter,noun,A2,2,4,画家、ペンキ屋,cefrj+ai
1846,printer,noun,A2,2,4,印刷機、プリンター,cefrj
1847,reunion,noun,A2,2,4,再会、同窓会,cefrj+ai
1848,countryside,noun,A2,2,4,田舎、田園地帯,cefrj+ai
1849,garlic,noun,A2,2,4,ニンニク,cefrj+ai
1850,leisure,noun,A2,2,4,余暇、レジャー,cefrj
1851,lend,verb,A2,2,4,貸す、貸し出す,cefrj
1852,luckily,adv,A2,2,4,運よく,cefrj+ai
1853,pasta,noun,A2,2,4,パスタ,cefrj+ai
1854,polite,adj,A2,2,4,礼儀正しい、丁寧な,cefrj+ai
1855,receipt,noun,A2,2,4,領収書、レシート,cefrj+ai
1856,underwater,adj,A2,2,4,水中の,cefrj+ai
1857,ambition,noun,A2,2,4,野心、大きな夢,cefrj+ai
1858,bake,verb,A2,2,4,（オーブンで）焼く,cefrj+ai
1859,batch,noun,A2,2,4,一回分、一束,cefrj+ai
1860,wool,noun,A2,2,4,羊毛、ウール,cefrj+ai
1861,balloon,noun,A2,2,4,風船,cefrj+ai
1862,champagne,noun,A2,2,4,シャンパン,cefrj+ai
1863,cleaner,noun,A2,2,4,掃除機、清掃員,cefrj+ai
1864,fog,noun,A2,2,4,霧,cefrj+ai
1865,snack,noun,A2,2,4,軽食、おやつ,cefrj+ai
1866,bury,verb,A2,2,4,埋める、埋葬する,cefrj
1867,dislike,noun,A2,2,4,嫌うこと、嫌悪,cefrj+ai
1868,fry,noun,A2,2,4,揚げ物、フライ,cefrj+ai
1869,mosque,noun,A2,2,4,モスク,cefrj+ai
1870,onion,noun,A2,2,4,タマネギ,cefrj+ai
1871,spoon,noun,A2,2,4,スプーン,cefrj+ai
1872,thief,noun,A2,2,4,泥棒,cefrj+ai
1873,hiking,noun,A2,2,4,ハイキング、山歩き,cefrj+ai
1874,roast,verb,A2,2,4,（肉を）焼く、あぶる,cefrj+ai
1875,swallow,verb,A2,2,4,飲み込む,cefrj+ai
1876,upstairs,adv,A2,2,4,上の階へ、2階で,cefrj+ai
1877,breeze,noun,A2,2,4,そよ風,cefrj+ai
1878,dentist,noun,A2,2,4,歯医者,cefrj+ai
1879,endangered,adj,A2,2,4,絶滅の危機にある,cefrj+ai
1880,envelope,noun,A2,2,4,封筒、覆い,cefrj
1881,lively,adj,A2,2,4,生き生きした、活気のある,cefrj+ai
1882,sunlight,noun,A2,2,4,日光,cefrj+ai
1883,wheelchair,noun,A2,2,4,車いす,cefrj+ai
1884,bra,noun,A2,2,4,ブラジャー,cefrj+ai
1885,composer,noun,A2,2,4,作曲家,cefrj
1886,grandson,noun,A2,2,4,孫息子,cefrj+ai
1887,splash,verb,A2,2,4,はねかける,cefrj+ai
1888,advertisement,noun,A2,2,4,広告、宣伝,cefrj
1889,daylight,noun,A2,2,4,昼の光、日中,cefrj+ai
1890,envy,noun,A2,2,4,うらやましさ、ねたみ,cefrj+ai
1891,skating,noun,A2,2,4,スケート,cefrj+ai
1892,skiing,noun,A2,2,4,スキー,cefrj+ai
1893,spill,verb,A2,2,4,こぼす,cefrj+ai
1894,boil,verb,A2,2,4,沸かす、ゆでる,cefrj+ai
1895,dessert,noun,A2,2,4,デザート,cefrj+ai
1896,superstar,noun,A2,2,4,スーパースター,cefrj+ai
1897,quiz,noun,A2,2,4,小テスト、小テストをする,cefrj
1898,vocabulary,noun,A2,2,4,語彙,cefrj
1899,barber,noun,A2,2,4,理髪師、床屋,cefrj+ai
1900,colorful,adj,A2,2,4,色とりどりの、カラフルな,cefrj+ai
1901,psychologist,noun,A2,2,4,心理学者,cefrj
1902,sausage,noun,A2,2,4,ソーセージ,cefrj+ai
1903,unpleasant,adj,A2,2,4,不快な、いやな,cefrj+ai
1904,loudly,adv,A2,2,4,大声で,cefrj+ai
1905,playground,noun,A2,2,4,遊び場、運動場,cefrj+ai
1906,balcony,noun,A2,2,4,バルコニー,cefrj+ai
1907,disco,noun,A2,2,4,ディスコ,cefrj+ai
1908,drawer,noun,A2,2,4,引き出し,cefrj+ai
1909,sweater,noun,A2,2,4,セーター,cefrj+ai
1910,comparative,noun,A2,2,4,比較の,cefrj
1911,dinosaur,noun,A2,2,4,恐竜,cefrj+ai
1912,jelly,noun,A2,2,4,ゼリー,cefrj+ai
1913,softly,adv,A2,2,4,そっと、優しく,cefrj+ai
1914,symphony,noun,A2,2,4,交響曲,cefrj+ai
1915,textbook,noun,A2,2,4,教科書,cefrj
1916,gram,noun,A2,2,4,グラム,cefrj
1917,insect,noun,A2,2,4,昆虫,cefrj
1918,greedy,adj,A2,2,4,欲張りな,cefrj+ai
1919,perfume,noun,A2,2,4,香水,cefrj+ai
1920,pleasing,adj,A2,2,4,心地よい、満足のいく,cefrj+ai
1921,amusement,noun,A2,2,4,楽しみ、娯楽,cefrj+ai
1922,cereal,noun,A2,2,4,シリアル、穀物,cefrj+ai
1923,cola,noun,A2,2,4,コーラ,cefrj+ai
1924,folder,noun,A2,2,4,フォルダー,cefrj+ai
1925,frightened,adj,A2,2,4,おびえた,cefrj+ai
1926,overweight,adj,A2,2,4,太りすぎの,cefrj+ai
1927,policeman,noun,A2,2,4,警察官,cefrj+ai
1928,singular,adj,A2,2,4,単数の、並外れた,cefrj
1929,skate,noun,A2,2,4,スケート靴,cefrj+ai
1930,supper,noun,A2,2,4,夕食,cefrj+ai
1931,sweetheart,noun,A2,2,4,恋人、あなた（呼びかけ）,cefrj+ai
1932,thirsty,adj,A2,2,4,のどが渇いた,cefrj+ai
1933,violin,noun,A2,2,4,バイオリン,cefrj+ai
1934,chili,noun,A2,2,4,トウガラシ,cefrj+ai
1935,glove,noun,A2,2,4,手袋,cefrj+ai
1936,rumor,noun,A2,2,4,うわさ,cefrj+ai
1937,aisle,noun,A2,2,4,通路,cefrj+ai
1938,atom,noun,A2,2,4,原子,cefrj
1939,downstairs,adv,A2,2,4,下の階へ、階下で,cefrj+ai
1940,petrol,noun,A2,2,4,ガソリン,cefrj+ai
1941,sunglasses,noun,A2,2,4,サングラス,cefrj+ai
1942,surfing,noun,A2,2,4,サーフィン,cefrj+ai
1943,unhealthy,adj,A2,2,4,不健康な、体に悪い,cefrj+ai
1944,verb,noun,A2,2,4,動詞,cefrj
1945,disadvantage,noun,A2,2,4,不利な点,cefrj
1946,energetic,adj,A2,2,4,元気な、精力的な,cefrj+ai
1947,grilled,adj,A2,2,4,網焼きの、グリルした,cefrj+ai
1948,mug,noun,A2,2,4,マグカップ,cefrj+ai
1949,stove,noun,A2,2,4,コンロ、ストーブ,cefrj+ai
1950,crisp,noun,A2,2,4,ポテトチップス,cefrj+ai
1951,feather,noun,A2,2,4,羽、羽毛,cefrj+ai
1952,footballer,noun,A2,2,4,サッカー選手,cefrj+ai
1953,boiled,adj,A2,2,4,ゆでた,cefrj+ai
1954,clone,verb,A2,2,4,クローンを作る,cefrj
1955,scarf,noun,A2,2,4,スカーフ、マフラー,cefrj+ai
1956,scenery,noun,A2,2,4,景色、風景,cefrj+ai
1957,sleepy,adj,A2,2,4,眠い,cefrj+ai
1958,smoothly,adv,A2,2,4,なめらかに、順調に,cefrj+ai
1959,confuse,verb,A2,2,4,混乱させる、混同する,cefrj
1960,frightening,adj,A2,2,4,ぞっとする、恐ろしい,cefrj+ai
1961,noisy,adj,A2,2,4,やかましい、派手な,cefrj
1962,wander,verb,A2,2,4,さまよう、歩き回る,cefrj
1963,bulb,noun,A2,2,4,電球、球根,cefrj+ai
1964,forbid,verb,A2,2,4,禁じる,cefrj+ai
1965,pence,noun,A2,2,4,ペンス,cefrj+ai
1966,pronounce,verb,A2,2,4,発音する,cefrj
1967,seafood,noun,A2,2,4,海産物、シーフード,cefrj+ai
1968,spaghetti,noun,A2,2,4,スパゲッティ,cefrj+ai
1969,criticize,verb,A2,2,4,批判する、非難する,cefrj
1970,lyric,adj,A2,2,4,叙情的な,cefrj+ai
1971,mushroom,noun,A2,2,4,キノコ,cefrj+ai
1972,barbecue,noun,A2,2,4,バーベキュー,cefrj+ai
1973,carrot,noun,A2,2,4,ニンジン,cefrj+ai
1974,granny,noun,A2,2,4,おばあちゃん（くだけて）,cefrj+ai
1975,invade,verb,A2,2,4,侵入する,cefrj
1976,noun,noun,A2,2,4,名詞,cefrj
1977,refrigerator,noun,A2,2,4,冷蔵庫,cefrj+ai
1978,sock,noun,A2,2,4,靴下,cefrj+ai
1979,astronaut,noun,A2,2,4,宇宙飛行士,cefrj+ai
1980,granddaughter,noun,A2,2,4,孫娘,cefrj+ai
1981,orphan,noun,A2,2,4,孤児,cefrj+ai
1982,scissors,noun,A2,2,4,はさみ,cefrj+ai
1983,seaside,noun,A2,2,4,海辺、海岸,cefrj+ai
1984,shampoo,noun,A2,2,4,シャンプー,cefrj+ai
1985,silently,adv,A2,2,4,静かに、黙って,cefrj+ai
1986,inexpensive,adj,A2,2,4,値段の安い、手ごろな,cefrj+ai
1987,invent,verb,A2,2,4,発明する、考案する,cefrj
1988,traveler,noun,A2,2,4,旅行者,cefrj+ai
1989,windy,adj,A2,2,4,風の強い,cefrj+ai
1990,disturb,verb,A2,2,4,邪魔する、不安にする,cefrj
1991,impatient,adj,A2,2,4,いらいらした、せっかちな,cefrj+ai
1992,plural,noun,A2,2,4,複数の,cefrj
1993,suitcase,noun,A2,2,4,スーツケース,cefrj+ai
1994,pea,noun,A2,2,4,エンドウ豆,cefrj+ai
1995,amused,adj,A2,2,4,おもしろがった,cefrj+ai
1996,marvelous,adj,A2,2,4,驚くほどすばらしい,cefrj+ai
1997,playful,adj,A2,2,4,ふざけた、遊び好きの,cefrj+ai
1998,tidy,adj,A2,2,4,きちんとした、整頓された,cefrj+ai
1999,beginner,noun,A2,2,4,初心者,cefrj+ai
2000,comb,noun,A2,2,4,くし,cefrj+ai
2001,dishonest,adj,A2,2,4,不正直な、ずるい,cefrj+ai
2002,pronunciation,noun,A2,2,4,発音,cefrj+ai
2003,surname,noun,A2,2,4,名字、姓,cefrj+ai
2004,ancestor,noun,A2,2,4,祖先,cefrj
2005,cheque,noun,A2,2,4,小切手,cefrj+ai
2006,fisherman,noun,A2,2,4,漁師、釣り人,cefrj+ai
2007,unforgettable,adj,A2,2,4,忘れられない,cefrj+ai
2008,pear,noun,A2,2,4,洋ナシ,cefrj+ai
2009,annoy,verb,A2,2,4,いらいらさせる,cefrj+ai
2010,liter,noun,A2,2,4,リットル,cefrj
2011,motorway,noun,A2,2,4,高速道路,cefrj+ai
2012,tram,noun,A2,2,4,路面電車,cefrj+ai
2013,sew,verb,A2,2,4,縫う,cefrj+ai
2014,uneasy,adj,A2,2,4,不安な、落ち着かない,cefrj+ai
2015,cafeteria,noun,A2,2,4,食堂、カフェテリア,cefrj+ai
2016,cupboard,noun,A2,2,4,食器棚、戸棚,cefrj+ai
2017,lemonade,noun,A2,2,4,レモネード,cefrj+ai
2018,timetable,noun,A2,2,4,時刻表、時間割,cefrj+ai
2019,dizzy,adj,A2,2,4,めまいがする,cefrj+ai
2020,flea,noun,A2,2,4,ノミ,cefrj+ai
2021,handbag,noun,A2,2,4,ハンドバッグ,cefrj+ai
2022,handicapped,adj,A2,2,4,ハンディのある、障害を持つ,cefrj+ai
2023,cassette,noun,A2,2,4,カセット,cefrj+ai
2024,pilgrim,noun,A2,2,4,巡礼者,cefrj+ai
2025,toothbrush,noun,A2,2,4,歯ブラシ,cefrj+ai
2026,midday,noun,A2,2,4,真昼,cefrj+ai
2027,weep,noun,A2,2,4,泣くこと、ひと泣き,cefrj+ai
2028,spaceship,noun,A2,2,4,宇宙船,cefrj+ai
2029,sunflower,noun,A2,2,4,ヒマワリ,cefrj+ai
2030,learner,noun,A2,2,4,学習者,cefrj+ai
2031,recycle,verb,A2,2,4,再利用する、リサイクルする,cefrj+ai
2032,adjective,noun,A2,2,4,形容詞,cefrj+ai
2033,angrily,adv,A2,2,4,怒って,cefrj+ai
2034,cooker,noun,A2,2,4,調理器具、レンジ,cefrj+ai
2035,lunchtime,noun,A2,2,4,昼食時間、昼休み,cefrj+ai
2036,racket,noun,A2,2,4,ラケット、騒音,cefrj+ai
2037,roundabout,noun,A2,2,4,環状交差点、ロータリー,cefrj+ai
2038,melon,noun,A2,2,4,メロン,cefrj+ai
2039,weekday,noun,A2,2,4,平日,cefrj+ai
2040,headphone,noun,A2,2,4,ヘッドホン,cefrj+ai
2041,punctuation,noun,A2,2,4,句読点,cefrj+ai
2042,tights,noun,A2,2,4,タイツ,cefrj+ai
2043,badminton,noun,A2,2,4,バドミントン,cefrj+ai
2044,swimsuit,noun,A2,2,4,水着,cefrj+ai
2045,injure,verb,A2,2,4,痛める、傷つける,cefrj
2046,receptionist,noun,A2,2,4,受付係,cefrj+ai
2047,stair,noun,A2,2,4,階段の1段、階段,cefrj
2048,thunderstorm,noun,A2,2,4,雷雨,cefrj+ai
2049,unimportant,adj,A2,2,4,重要でない,cefrj+ai
2050,armchair,noun,A2,2,4,ひじかけいす,cefrj+ai
2051,kilometer,noun,A2,2,4,キロメートル,cefrj
2052,sleepless,adj,A2,2,4,眠れない,cefrj+ai
2053,laziness,noun,A2,2,4,怠けること、怠惰,cefrj+ai
2054,napkin,noun,A2,2,4,ナプキン,cefrj+ai
2055,skateboarding,noun,A2,2,4,スケートボード,cefrj+ai
2056,snowboarding,noun,A2,2,4,スノーボード,cefrj+ai
2057,tablespoon,noun,A2,2,4,大さじ,cefrj+ai
2058,sightseeing,noun,A2,2,4,観光,cefrj+ai
2059,grandchild,noun,A2,2,4,孫,cefrj+ai
2060,kilo,noun,A2,2,4,キロ,cefrj+ai
2061,bookshop,noun,A2,2,4,本屋,cefrj+ai
2062,earring,noun,A2,2,4,イヤリング、ピアス,cefrj+ai
2063,frighten,verb,A2,2,4,怖がらせる、脅かす,cefrj
2064,drugstore,noun,A2,2,4,ドラッグストア、薬局,cefrj+ai
2065,blackboard,noun,A2,2,4,黒板,cefrj+ai
2066,escalator,noun,A2,2,4,エスカレーター,cefrj+ai
2067,kilogram,noun,A2,2,4,キログラム,cefrj+ai
2068,chimpanzee,noun,A2,2,4,チンパンジー,cefrj+ai
2069,businesswoman,noun,A2,2,4,女性実業家,cefrj+ai
2070,guidebook,noun,A2,2,4,ガイドブック、案内書,cefrj+ai
2071,bookshelf,noun,A2,2,4,本棚,cefrj+ai
2072,centimeter,noun,A2,2,4,センチメートル,cefrj+ai
2073,pollute,verb,A2,2,4,汚染する,cefrj+ai
2074,brainstorm,noun,A2,2,4,ひらめき、アイデア出し,cefrj+ai
2075,terrify,verb,A2,2,4,ひどく怖がらせる,cefrj+ai
2076,chirp,noun,A2,2,4,さえずり,cefrj+ai
2077,superlative,noun,A2,2,4,最上級,cefrj+ai
2078,bookcase,noun,A2,2,4,本箱,cefrj+ai
2079,toothache,noun,A2,2,4,歯痛,cefrj+ai
2080,schoolwork,noun,A2,2,4,学校の勉強、学業,cefrj+ai
2081,granddad,noun,A2,2,4,おじいちゃん（くだけて）,cefrj+ai
2082,headteacher,noun,A2,2,4,校長,cefrj+ai
2083,raincoat,noun,A2,2,4,レインコート,cefrj+ai
2084,omelet,noun,A2,2,4,オムレツ,cefrj+ai
2085,policewoman,noun,A2,2,4,女性警察官,cefrj+ai
2086,stomachache,noun,A2,2,4,腹痛,cefrj+ai
2087,more,adv,B1,3,5,より多くの,cefrj
2088,through,adv,B1,3,5,〜を通って、〜によって,cefrj
2089,last,adv,B1,3,5,最後の、この前の,cefrj
2090,while,noun,B1,3,5,〜する間に、一方で,cefrj
2091,part-time,adj,B1,3,5,パートタイムの、非常勤の,cefrj+ai
2092,service,noun,B1,3,5,奉仕、公共事業,cefrj
2093,season,noun,B1,3,5,季節、時期,cefrj
2094,full-time,adj,B1,3,5,フルタイムの、常勤の,cefrj+ai
2095,general,adj,B1,3,5,一般的な、全般的な,cefrj
2096,president,noun,B1,3,5,大統領、社長,cefrj
2097,working,adj,B1,3,5,働いている、労働の,cefrj+ai
2098,least,adv,B1,3,5,最も少ない、最小の,cefrj
2099,able,adj,B1,3,5,〜できる、有能な,cefrj
2100,series,noun,B1,3,5,連続、シリーズ,cefrj
2101,check-in,noun,B1,3,5,搭乗手続き、チェックイン,cefrj+ai
2102,development,noun,B1,3,5,発達、発展,cefrj
2103,near,adj,B1,3,5,〜の近くに,cefrj
2104,available,adj,B1,3,5,利用できる、手に入る,cefrj
2105,former,adj,B1,3,5,前の、元の,cefrj
2106,sometimes,adv,B1,3,5,時々、たまに,cefrj
2107,current,adj,B1,3,5,現在の、流通している,cefrj
2108,process,noun,B1,3,5,過程、加工する,cefrj
2109,main,adj,B1,3,5,主要な、主な,cefrj
2110,department,noun,B1,3,5,部門、学部,cefrj
2111,rest,noun,B1,3,5,休息、残り,cefrj
2112,term,noun,B1,3,5,期間、専門用語,cefrj
2113,sex,noun,B1,3,5,性、性別,cefrj
2114,total,adj,B1,3,5,合計の、全体の,cefrj
2115,second-hand,adj,B1,3,5,中古の、また聞きの,cefrj+ai
2116,security,noun,B1,3,5,警備、安全,cefrj
2117,county,noun,B1,3,5,郡,cefrj
2118,hard-working,adj,B1,3,5,勤勉な、よく働く,cefrj+ai
2119,industry,noun,B1,3,5,産業、工業,cefrj
2120,out-of-date,adj,B1,3,5,古くなった、期限切れの,cefrj+ai
2121,up-to-date,adj,B1,3,5,最新式の、最新情報の,cefrj+ai
2122,policy,noun,B1,3,5,政策、方針,cefrj
2123,press,noun,B1,3,5,押す、報道機関,cefrj
2124,worth,adj,B1,3,5,〜の価値がある,cefrj
2125,face-to-face,adj,B1,3,5,面と向かっての、対面の,cefrj+ai
2126,relationship,noun,B1,3,5,関係、結びつき,cefrj
2127,tax,noun,B1,3,5,税金、重い負担,cefrj
2128,amount,noun,B1,3,5,量、総額,cefrj
2129,league,noun,B1,3,5,同盟、連盟,cefrj
2130,management,noun,B1,3,5,経営、管理,cefrj
2131,central,adj,B1,3,5,中心の、主要な,cefrj
2132,paid,adj,B1,3,5,有給の、支払われた,cefrj+ai
2133,various,adj,B1,3,5,さまざまな、多様な,cefrj
2134,chief,adj,B1,3,5,長、長官,cefrj
2135,property,noun,B1,3,5,財産、所有地,cefrj
2136,amazing,adj,B1,3,5,驚くべき、すごい,cefrj+ai
2137,economic,adj,B1,3,5,経済の、経済的な,cefrj
2138,involved,adj,B1,3,5,関わっている、関係して,cefrj+ai
2139,serious,adj,B1,3,5,深刻な、まじめな,cefrj
2140,decision,noun,B1,3,5,決断、決定,cefrj
2141,entire,adj,B1,3,5,全体の、完全な,cefrj
2142,written,adj,B1,3,5,書かれた、書面の,cefrj+ai
2143,council,noun,B1,3,5,議会、評議会,cefrj
2144,currently,adv,B1,3,5,現在、目下,cefrj
2145,election,noun,B1,3,5,選挙、当選,cefrj
2146,financial,adj,B1,3,5,財政上の、金融の,cefrj
2147,legal,adj,B1,3,5,合法の、法律の,cefrj
2148,race,noun,B1,3,5,競走、人種,cefrj
2149,union,noun,B1,3,5,労働組合、結合,cefrj
2150,career,noun,B1,3,5,経歴、職業,cefrj
2151,loss,noun,B1,3,5,損失、失うこと,cefrj
2152,army,noun,B1,3,5,陸軍、軍隊,cefrj
2153,huge,adj,B1,3,5,巨大な、莫大な,cefrj
2154,access,noun,B1,3,5,接近、利用する権利,cefrj
2155,risk,noun,B1,3,5,危険、冒険する,cefrj
2156,self-service,adj,B1,3,5,セルフサービスの,cefrj+ai
2157,district,noun,B1,3,5,地区、地方,cefrj
2158,percent,noun,B1,3,5,パーセント,cefrj
2159,growth,noun,B1,3,5,成長、発展,cefrj
2160,pain,noun,B1,3,5,痛み、苦痛,cefrj
2161,respect,noun,B1,3,5,尊敬する、尊重する,cefrj
2162,standard,noun,B1,3,5,基準、標準的な,cefrj
2163,charge,noun,B1,3,5,料金、請求する,cefrj
2164,hand-held,adj,B1,3,5,手で持てる、携帯用の,cefrj+ai
2165,limited,adj,B1,3,5,限られた,cefrj+ai
2166,network,noun,B1,3,5,放送網、網状組織,cefrj
2167,beat,verb,B1,3,5,打つ、打ち負かす,cefrj
2168,potential,noun,B1,3,5,潜在的な、可能性,cefrj
2169,treatment,noun,B1,3,5,治療、取り扱い,cefrj
2170,completely,adv,B1,3,5,完全に、全く,cefrj
2171,content,noun,B1,3,5,内容、満足した,cefrj
2172,individual,adj,B1,3,5,個々の、個人,cefrj
2173,leading,adj,B1,3,5,主要な、先頭の,cefrj+ai
2174,previous,adj,B1,3,5,前の、以前の,cefrj
2175,region,noun,B1,3,5,地域、地方,cefrj
2176,sort,noun,B1,3,5,種類、分類する,cefrj
2177,link,noun,B1,3,5,結びつき、つなぐ,cefrj
2178,next-door,adj,B1,3,5,隣の、隣家の,cefrj+ai
2179,positive,adj,B1,3,5,前向きな、積極的な,cefrj
2180,absolutely,adv,B1,3,5,絶対に、完全に,cefrj
2181,immediately,adv,B1,3,5,直ちに、すぐに,cefrj
2182,construction,noun,B1,3,5,建設、建造物,cefrj
2183,income,noun,B1,3,5,収入、所得,cefrj
2184,justice,noun,B1,3,5,正義、公正,cefrj
2185,movement,noun,B1,3,5,運動、動き,cefrj
2186,safety,noun,B1,3,5,安全、無事,cefrj
2187,definitely,adv,B1,3,5,絶対に、確かに,cefrj
2188,particularly,adv,B1,3,5,特に、とりわけ,cefrj
2189,generally,adv,B1,3,5,一般に、普通は,cefrj
2190,global,adj,B1,3,5,世界的な、地球規模の,cefrj
2191,annual,adj,B1,3,5,年1回の、例年の,cefrj
2192,battle,noun,B1,3,5,戦闘、戦い,cefrj
2193,insurance,noun,B1,3,5,保険、保険金,cefrj
2194,majority,noun,B1,3,5,大多数、過半数,cefrj
2195,opening,noun,B1,3,5,開始、開店,cefrj+ai
2196,sports,adj,B1,3,5,スポーツの,cefrj+ai
2197,stupid,adj,B1,3,5,愚かな、ばかな,cefrj
2198,active,adj,B1,3,5,活動的な、積極的な,cefrj
2199,administration,noun,B1,3,5,管理、行政,cefrj
2200,approach,noun,B1,3,5,近づく、接近方法,cefrj
2201,cancer,noun,B1,3,5,がん、悪性腫瘍,cefrj
2202,civil,adj,B1,3,5,市民の、民間の,cefrj
2203,defense,noun,B1,3,5,防衛、弁護,cefrj
2204,independent,adj,B1,3,5,独立した、自立した,cefrj
2205,awesome,adj,B1,3,5,すごい、最高の,cefrj+ai
2206,commercial,adj,B1,3,5,商業の、営利目的の,cefrj
2207,operation,noun,B1,3,5,手術、活動,cefrj
2208,organization,noun,B1,3,5,組織、団体,cefrj
2209,protect,verb,B1,3,5,保護する、守る,cefrj
2210,analysis,noun,B1,3,5,分析、解析,cefrj
2211,first-floor,adj,B1,3,5,1階の,cefrj+ai
2212,marriage,noun,B1,3,5,結婚、婚姻,cefrj
2213,skin,noun,B1,3,5,皮膚、肌,cefrj
2214,thus,adv,B1,3,5,それゆえに、このように,cefrj
2215,damage,noun,B1,3,5,損害、損害を与える,cefrj
2216,directly,adv,B1,3,5,直接に、直ちに,cefrj
2217,disease,noun,B1,3,5,病気、疾患,cefrj
2218,gay,adj,B1,3,5,同性愛の、陽気な,cefrj
2219,professor,noun,B1,3,5,教授,cefrj
2220,effective,adj,B1,3,5,効果的な、有効な,cefrj
2221,highly,adv,B1,3,5,大いに、高度に,cefrj
2222,reality,noun,B1,3,5,現実、真実,cefrj
2223,agreement,noun,B1,3,5,合意、協定,cefrj
2224,christian,adj,B1,3,5,キリスト教の,cefrj+ai
2225,comment,noun,B1,3,5,論評、論評する,cefrj
2226,equipment,noun,B1,3,5,設備、用具,cefrj
2227,eventually,adv,B1,3,5,結局は、最後には,cefrj
2228,holy,adj,B1,3,5,聖なる,cefrj+ai
2229,killing,noun,B1,3,5,殺害,cefrj+ai
2230,otherwise,adv,B1,3,5,さもなければ、別の方法で,cefrj
2231,responsible,adj,B1,3,5,責任がある,cefrj
2232,theory,noun,B1,3,5,理論、学説,cefrj
2233,cell,noun,B1,3,5,細胞、独房,cefrj
2234,economy,noun,B1,3,5,経済、節約,cefrj
2235,foot,noun,B1,3,5,足、歩み,cefrj
2236,mass,adj,B1,3,5,塊、集団,cefrj
2237,mission,noun,B1,3,5,使命、任務,cefrj
2238,politics,noun,B1,3,5,政治、政治学,cefrj
2239,status,noun,B1,3,5,地位、身分,cefrj
2240,application,noun,B1,3,5,応用、志願,cefrj
2241,complex,adj,B1,3,5,複雑な、複合体,cefrj
2242,location,noun,B1,3,5,位置、場所,cefrj
2243,channel,noun,B1,3,5,海峡、水路,cefrj
2244,distance,noun,B1,3,5,距離、遠方,cefrj
2245,finding,noun,B1,3,5,発見、調査結果,cefrj+ai
2246,northern,adj,B1,3,5,北の、北方の,cefrj
2247,protection,noun,B1,3,5,保護、防御,cefrj
2248,religious,adj,B1,3,5,宗教の、信仰深い,cefrj
2249,demand,noun,B1,3,5,需要、要求する,cefrj
2250,engine,noun,B1,3,5,機関、エンジン,cefrj
2251,southern,adj,B1,3,5,南の、南方の,cefrj
2252,critical,adj,B1,3,5,批判的な、重大な,cefrj
2253,digital,adj,B1,3,5,デジタルの、数字の,cefrj
2254,mental,adj,B1,3,5,精神の、知的な,cefrj
2255,score,noun,B1,3,5,得点、点数,cefrj
2256,surface,noun,B1,3,5,表面、外見,cefrj
2257,totally,adv,B1,3,5,完全に、全く,cefrj
2258,benefit,noun,B1,3,5,利益、恩恵を受ける,cefrj
2259,fund,noun,B1,3,5,資金、基金,cefrj
2260,hearing,noun,B1,3,5,聴覚、聞くこと,cefrj+ai
2261,authority,noun,B1,3,5,権力者、 権限者,cefrj
2262,basis,noun,B1,3,5,基礎、根拠,cefrj
2263,brand-new,adj,B1,3,5,真新しい,cefrj+ai
2264,dude,noun,B1,3,5,やつ、男,cefrj+ai
2265,foundation,noun,B1,3,5,土台、設立,cefrj
2266,gain,noun,B1,3,5,得る、増す,cefrj
2267,rise,noun,B1,3,5,上がる、昇る,cefrj
2268,soul,noun,B1,3,5,魂、霊魂,cefrj
2269,supply,noun,B1,3,5,供給、供給する,cefrj
2270,waste,adj,B1,3,5,無駄、浪費する,cefrj
2271,weird,adj,B1,3,5,奇妙な、風変わりな,cefrj
2272,artist,noun,B1,3,5,芸術家、画家,cefrj
2273,edition,noun,B1,3,5,版、発行物,cefrj
2274,engineering,noun,B1,3,5,工学,cefrj+ai
2275,institute,noun,B1,3,5,研究所、協会,cefrj+ai
2276,obviously,adv,B1,3,5,明らかに、明白に,cefrj
2277,option,noun,B1,3,5,選択肢、選択権,cefrj
2278,prison,noun,B1,3,5,刑務所、拘置所,cefrj
2279,bet,verb,B1,3,5,賭ける、確信する,cefrj
2280,firm,adj,B1,3,5,会社、堅い,cefrj
2281,spirit,noun,B1,3,5,精神、気迫,cefrj
2282,aware,adj,B1,3,5,気づいて、知って,cefrj
2283,eastern,adj,B1,3,5,東の、東方の,cefrj
2284,fifth,noun,B1,3,5,5番目、5分の1,cefrj+ai
2285,progress,noun,B1,3,5,進歩、前進する,cefrj
2286,proud,adj,B1,3,5,誇りに思う、自慢の,cefrj
2287,require,verb,B1,3,5,要求する、必要とする,cefrj
2288,van,noun,B1,3,5,有蓋ワゴン車、バン,cefrj
2289,concept,noun,B1,3,5,概念、考え方,cefrj
2290,journal,noun,B1,3,5,専門誌、日記,cefrj
2291,leadership,noun,B1,3,5,指導力、統率力,cefrj
2292,length,noun,B1,3,5,長さ、期間,cefrj
2293,prove,verb,B1,3,5,証明する、判明する,cefrj
2294,rare,adj,B1,3,5,珍しい、めったにない,cefrj
2295,setting,noun,B1,3,5,環境、背景,cefrj+ai
2296,ad,noun,B1,3,5,広告、宣伝,cefrj
2297,balance,noun,B1,3,5,釣り合い、均衡,cefrj
2298,connection,noun,B1,3,5,つながり、関係,cefrj
2299,fellow,noun,B1,3,5,仲間、同僚の,cefrj
2300,stick,verb,B1,3,5,突き刺す、くっつく,cefrj
2301,vehicle,noun,B1,3,5,乗り物、車両,cefrj
2302,volume,noun,B1,3,5,音量、容量,cefrj
2303,aid,noun,B1,3,5,援助、助け,cefrj
2304,concerned,adj,B1,3,5,心配して、関係している,cefrj+ai
2305,criminal,noun,B1,3,5,犯罪者、犯人,cefrj
2306,cultural,adj,B1,3,5,文化の、文化的な,cefrj
2307,guide,noun,B1,3,5,案内人、案内する,cefrj
2308,investigation,noun,B1,3,5,調査、捜査,cefrj
2309,responsibility,noun,B1,3,5,責任、義務,cefrj
2310,slightly,adv,B1,3,5,わずかに、少し,cefrj
2311,treat,noun,B1,3,5,扱う、治療する,cefrj
2312,unique,adj,B1,3,5,唯一の、特有の,cefrj
2313,variety,noun,B1,3,5,多様性、変化,cefrj
2314,violence,noun,B1,3,5,暴力、激しさ,cefrj
2315,edge,noun,B1,3,5,端、刃先,cefrj
2316,injury,noun,B1,3,5,負傷、傷害,cefrj
2317,iron,noun,B1,3,5,鉄、アイロン,cefrj
2318,prepared,adj,B1,3,5,準備ができた,cefrj+ai
2319,religion,noun,B1,3,5,宗教、信仰,cefrj
2320,blog,noun,B1,3,5,ブログ,cefrj
2321,democratic,adj,B1,3,5,民主的な、民主党の,cefrj
2322,honest,adj,B1,3,5,正直な、誠実な,cefrj
2323,nuclear,adj,B1,3,5,原子力の、核の,cefrj
2324,port,noun,B1,3,5,港、港湾,cefrj
2325,presence,noun,B1,3,5,存在、出席,cefrj
2326,reduce,verb,B1,3,5,減らす、縮小する,cefrj
2327,solid,adj,B1,3,5,固体の、頑丈な,cefrj
2328,stress,noun,B1,3,5,緊張、強調する,cefrj
2329,taste,noun,B1,3,5,味がする、味覚,cefrj
2330,victory,noun,B1,3,5,勝利、勝ち,cefrj
2331,entirely,adv,B1,3,5,全く、完全に,cefrj
2332,failure,noun,B1,3,5,失敗、不履行,cefrj
2333,fuel,noun,B1,3,5,燃料、あおる,cefrj
2334,initial,noun,B1,3,5,最初の、語頭の,cefrj
2335,massive,adj,B1,3,5,どっしりした、大規模な,cefrj
2336,regional,adj,B1,3,5,地域の、地方の,cefrj
2337,session,noun,B1,3,5,開会、期間,cefrj
2338,teaching,noun,B1,3,5,教えること、教え,cefrj+ai
2339,transfer,verb,B1,3,5,移す、転勤する,cefrj
2340,upper,adj,B1,3,5,上の、上位の,cefrj
2341,alternative,adj,B1,3,5,代案、二者択一の,cefrj
2342,capacity,noun,B1,3,5,収容能力、力量,cefrj
2343,climate,noun,B1,3,5,気候、風潮,cefrj
2344,duty,noun,B1,3,5,義務、職務,cefrj
2345,governor,noun,B1,3,5,知事、総督,cefrj
2346,industrial,adj,B1,3,5,産業の、工業の,cefrj
2347,joint,adj,B1,3,5,共同の、関節,cefrj
2348,remove,verb,B1,3,5,取り除く、解雇する,cefrj
2349,steel,noun,B1,3,5,鋼鉄、はがね,cefrj
2350,turning,noun,B1,3,5,曲がり角,cefrj+ai
2351,vice,adj,B1,3,5,悪徳、代理の,cefrj
2352,border,noun,B1,3,5,国境、境界,cefrj
2353,command,noun,B1,3,5,命令する、指揮する,cefrj
2354,dating,noun,B1,3,5,デート、交際,cefrj+ai
2355,enemy,noun,B1,3,5,敵、仇,cefrj
2356,ensure,verb,B1,3,5,確実にする、保証する,cefrj
2357,environmental,adj,B1,3,5,環境の、周囲の,cefrj
2358,limit,noun,B1,3,5,限度、制限する,cefrj
2359,ocean,noun,B1,3,5,大洋、海洋,cefrj
2360,proof,noun,B1,3,5,証拠、証明,cefrj
2361,debt,noun,B1,3,5,借金、負債,cefrj
2362,historical,adj,B1,3,5,歴史に関する、歴史上の,cefrj
2363,honestly,adv,B1,3,5,正直に,cefrj+ai
2364,launch,verb,B1,3,5,開始する、打ち上げる,cefrj
2365,minimum,adj,B1,3,5,最小の、最低限度,cefrj
2366,suddenly,adv,B1,3,5,突然に、急に,cefrj
2367,update,verb,B1,3,5,最新のものにする、更新,cefrj
2368,flow,noun,B1,3,5,流れる、流れ,cefrj
2369,stuck,adj,B1,3,5,動けない、行き詰まった,cefrj+ai
2370,transport,noun,B1,3,5,輸送、輸送機関,cefrj
2371,appeal,noun,B1,3,5,訴えかける、懇願する,cefrj
2372,device,noun,B1,3,5,装置、道具,cefrj
2373,entry,noun,B1,3,5,入場、記入,cefrj
2374,era,noun,B1,3,5,時代、年代,cefrj
2375,grant,noun,B1,3,5,授与する、認める,cefrj
2376,platform,noun,B1,3,5,演壇、プラットホーム,cefrj
2377,duty-free,adj,B1,3,5,免税の,cefrj+ai
2378,emotional,adj,B1,3,5,感情的な、感情の,cefrj
2379,internal,adj,B1,3,5,内部の、国内の,cefrj
2380,relatively,adv,B1,3,5,比較的、相対的に,cefrj
2381,studio,noun,B1,3,5,作業場、スタジオ,cefrj
2382,advance,verb,B1,3,5,前進する、進歩,cefrj
2383,confidence,noun,B1,3,5,自信、信頼,cefrj
2384,equal,adj,B1,3,5,等しい、平等な,cefrj
2385,fake,adj,B1,3,5,偽の、偽物の,cefrj+ai
2386,finance,verb,B1,3,5,財政、資金調達,cefrj
2387,identity,noun,B1,3,5,正体、身元,cefrj
2388,maintain,verb,B1,3,5,維持する、主張する,cefrj
2389,measure,noun,B1,3,5,測る、対策,cefrj
2390,numerous,adj,B1,3,5,多数の、たくさんの,cefrj
2391,approximately,adv,B1,3,5,およそ、ほぼ,cefrj
2392,conflict,noun,B1,3,5,対立、衝突する,cefrj
2393,distribution,noun,B1,3,5,配布、分布、流通,cefrj
2394,lay,verb,B1,3,5,置く、横たえる,cefrj
2395,properly,adv,B1,3,5,適切に、正しく,cefrj
2396,pure,adj,B1,3,5,純粋な、清潔な,cefrj
2397,secure,adj,B1,3,5,安全な、確保する,cefrj
2398,determine,verb,B1,3,5,決定する、決心する,cefrj
2399,experienced,adj,B1,3,5,経験豊富な,cefrj+ai
2400,incredible,adj,B1,3,5,信じられない,cefrj
2401,obvious,adj,B1,3,5,明白な、明らかな,cefrj
2402,surgery,noun,B1,3,5,外科手術、外科,cefrj
2403,vision,noun,B1,3,5,視覚、展望,cefrj
2404,whenever,adv,B1,3,5,〜するときはいつでも,cefrj
2405,champion,noun,B1,3,5,優勝者、擁護する,cefrj
2406,crisis,noun,B1,3,5,危機、難局,cefrj
2407,giant,adj,B1,3,5,巨大な、巨人,cefrj
2408,jail,noun,B1,3,5,刑務所、拘置所,cefrj
2409,literature,noun,B1,3,5,文学、文献,cefrj
2410,mayor,noun,B1,3,5,市長、町長,cefrj
2411,minor,adj,B1,3,5,重要でない、未成年者,cefrj
2412,selection,noun,B1,3,5,選択、選抜,cefrj
2413,signal,noun,B1,3,5,合図、信号,cefrj
2414,stream,noun,B1,3,5,小川、流れ,cefrj
2415,struggle,noun,B1,3,5,奮闘する、もがく,cefrj
2416,tiny,adj,B1,3,5,ごく小さい、微小な,cefrj
2417,typically,adv,B1,3,5,典型的に、普通は,cefrj
2418,alcohol,noun,B1,3,5,アルコール、酒,cefrj
2419,capable,adj,B1,3,5,能力がある、有能な,cefrj
2420,combination,noun,B1,3,5,組み合わせ、結合,cefrj
2421,conservative,adj,B1,3,5,保守的な、控えめな,cefrj
2422,desire,noun,B1,3,5,願望、強く望む,cefrj
2423,drunk,adj,B1,3,5,酔った,cefrj+ai
2424,essential,adj,B1,3,5,不可欠な、本質的な,cefrj
2425,guilty,adj,B1,3,5,有罪の、やましい,cefrj
2426,largely,adv,B1,3,5,主として、大部分は,cefrj
2427,medium,adj,B1,3,5,媒体、中間の,cefrj
2428,recommend,verb,B1,3,5,推薦する、勧める,cefrj
2429,unable,adj,B1,3,5,できない,cefrj
2430,wing,noun,B1,3,5,翼、羽,cefrj
2431,bomb,noun,B1,3,5,爆弾、爆破する,cefrj
2432,cycle,noun,B1,3,5,周期、循環する,cefrj
2433,extreme,adj,B1,3,5,極端な、過度の,cefrj
2434,facility,noun,B1,3,5,設備、施設,cefrj
2435,goods,noun,B1,3,5,商品,cefrj
2436,hang,verb,B1,3,5,つるす、かかる,cefrj
2437,maximum,adj,B1,3,5,最大の、最大限度,cefrj
2438,republic,noun,B1,3,5,共和国,cefrj
2439,reserve,noun,B1,3,5,予約する、蓄え,cefrj
2440,scared,adj,B1,3,5,怖がった,cefrj+ai
2441,switch,noun,B1,3,5,切り替える、スイッチ,cefrj
2442,threat,noun,B1,3,5,脅威、脅迫,cefrj
2443,affect,verb,B1,3,5,影響を与える,cefrj
2444,aside,adv,B1,3,5,脇に、別にして,cefrj
2445,assistance,noun,B1,3,5,援助、助力,cefrj
2446,bond,noun,B1,3,5,きずな、債券,cefrj
2447,delivery,noun,B1,3,5,配達、引き渡し,cefrj
2448,deserve,verb,B1,3,5,〜を受けるに値する,cefrj
2449,instance,noun,B1,3,5,実例、場合,cefrj
2450,mile,noun,B1,3,5,マイル,cefrj
2451,prize,noun,B1,3,5,賞、賞品,cefrj
2452,reasonable,adj,B1,3,5,妥当な、手頃な,cefrj
2453,register,noun,B1,3,5,登録する、記録する,cefrj
2454,typical,adj,B1,3,5,典型的な、特有の,cefrj
2455,universe,noun,B1,3,5,宇宙、万物,cefrj
2456,warning,noun,B1,3,5,警告、注意,cefrj+ai
2457,definition,noun,B1,3,5,定義、明瞭度,cefrj
2458,heaven,noun,B1,3,5,天国,cefrj+ai
2459,possibility,noun,B1,3,5,可能性、実現性,cefrj
2460,recovery,noun,B1,3,5,回復、復旧,cefrj
2461,academic,adj,B1,3,5,学問の、大学の,cefrj
2462,academy,noun,B1,3,5,学院、アカデミー,cefrj+ai
2463,accurate,adj,B1,3,5,正確な、精密な,cefrj
2464,afford,verb,B1,3,5,〜を持つ余裕がある,cefrj
2465,assume,verb,B1,3,5,想定する、引き受ける,cefrj
2466,bunch,noun,B1,3,5,束、集団,cefrj
2467,category,noun,B1,3,5,部類、区分,cefrj
2468,competitive,adj,B1,3,5,競争の、張り合う,cefrj
2469,mess,noun,B1,3,5,散らかった状態、混乱,cefrj
2470,normally,adv,B1,3,5,普通は、通常は,cefrj
2471,opposition,noun,B1,3,5,反対、抵抗,cefrj
2472,permanent,adj,B1,3,5,永久の、常設の,cefrj
2473,personally,adv,B1,3,5,個人的に、自分で,cefrj
2474,representative,noun,B1,3,5,代表者、代理人,cefrj
2475,shift,verb,B1,3,5,移す、変化,cefrj
2476,storage,noun,B1,3,5,保管、貯蔵所,cefrj
2477,tank,noun,B1,3,5,大型容器、戦車,cefrj
2478,tend,verb,B1,3,5,〜する傾向がある,cefrj
2479,transportation,noun,B1,3,5,輸送、交通機関,cefrj
2480,constitution,noun,B1,3,5,憲法、構成,cefrj
2481,consumer,noun,B1,3,5,消費者,cefrj
2482,counter,verb,B1,3,5,計算台、反論する,cefrj
2483,depression,noun,B1,3,5,うつ病、不景気,cefrj
2484,employment,noun,B1,3,5,雇用、職,cefrj
2485,exclusive,adj,B1,3,5,独占的な、高級な,cefrj+ai
2486,frequently,adv,B1,3,5,頻繁に、しばしば,cefrj
2487,hopefully,adv,B1,3,5,うまくいけば、願わくは,cefrj
2488,object,noun,B1,3,5,物体、反対する,cefrj
2489,pattern,noun,B1,3,5,型、模様,cefrj
2490,pregnant,adj,B1,3,5,妊娠した,cefrj
2491,promote,verb,B1,3,5,促進する、昇進させる,cefrj
2492,severe,adj,B1,3,5,過酷な、厳しい,cefrj
2493,suppose,verb,B1,3,5,推測する、仮定する,cefrj
2494,tournament,noun,B1,3,5,トーナメント、勝ち抜き戦,cefrj
2495,victim,noun,B1,3,5,犠牲者、被害者,cefrj
2496,arrest,noun,B1,3,5,逮捕する、阻止する,cefrj
2497,attend,verb,B1,3,5,出席する、通う,cefrj
2498,crash,noun,B1,3,5,衝突する、墜落する,cefrj
2499,deliver,verb,B1,3,5,配達する、届ける,cefrj
2500,depth,noun,B1,3,5,深さ、奥行き,cefrj
2501,electronic,adj,B1,3,5,電子の、電子工学の,cefrj
2502,existence,noun,B1,3,5,存在、生存,cefrj
2503,maintenance,noun,B1,3,5,維持、整備,cefrj
2504,nearby,adj,B1,3,5,近所の、近くの,cefrj
2505,origin,noun,B1,3,5,起源、生まれ,cefrj
2506,retail,noun,B1,3,5,小売り,cefrj
2507,shame,noun,B1,3,5,恥、残念なこと,cefrj+ai
2508,surely,adv,B1,3,5,確かに、きっと,cefrj
2509,absolute,adj,B1,3,5,完全な、絶対的な,cefrj
2510,calm,adj,B1,3,5,穏やかな、落ち着いた,cefrj
2511,empire,noun,B1,3,5,帝国,cefrj
2512,incident,noun,B1,3,5,出来事、事件,cefrj
2513,weapon,noun,B1,3,5,武器、兵器,cefrj
2514,broad,adj,B1,3,5,広い、広範囲に及ぶ,cefrj
2515,closely,adv,B1,3,5,綿密に、密接に,cefrj
2516,constantly,adv,B1,3,5,絶えず、いつも,cefrj
2517,height,noun,B1,3,5,高さ、身長,cefrj
2518,hidden,adj,B1,3,5,隠れた、隠された,cefrj+ai
2519,loud,adj,B1,3,5,大声の、うるさい,cefrj
2520,marine,adj,B1,3,5,海の、海洋の,cefrj+ai
2521,motor,noun,B1,3,5,発動機、自動車の,cefrj
2522,officially,adv,B1,3,5,公式に,cefrj+ai
2523,respond,verb,B1,3,5,応答する、反応する,cefrj
2524,somehow,adv,B1,3,5,どうにかして、何とかして,cefrj
2525,blind,adj,B1,3,5,目の見えない、盲目の,cefrj
2526,breath,noun,B1,3,5,息、呼吸,cefrj
2527,brief,adj,B1,3,5,簡潔な、短い,cefrj
2528,conduct,noun,B1,3,5,行う、指揮する,cefrj
2529,engaged,adj,B1,3,5,婚約した、忙しい,cefrj+ai
2530,fantasy,noun,B1,3,5,空想、ファンタジー,cefrj+ai
2531,grab,verb,B1,3,5,つかみ取る、つかむ,cefrj
2532,immediate,adj,B1,3,5,即座の、直接の,cefrj
2533,introduction,noun,B1,3,5,導入、紹介,cefrj
2534,recognize,verb,B1,3,5,認める、識別する,cefrj
2535,steam,noun,B1,3,5,蒸気、湯気,cefrj+ai
2536,witness,verb,B1,3,5,目撃者、証言する,cefrj
2537,aim,noun,B1,3,5,目指す、目的,cefrj
2538,comedy,noun,B1,3,5,喜劇、コメディ,cefrj
2539,comparison,noun,B1,3,5,比較、対照,cefrj
2540,defeat,verb,B1,3,5,打ち負かす、敗北,cefrj
2541,democracy,noun,B1,3,5,民主主義、民主政治,cefrj
2542,exact,adj,B1,3,5,正確な、ぴったりの,cefrj
2543,recording,noun,B1,3,5,録音、録画,cefrj+ai
2544,suspect,noun,B1,3,5,疑う、容疑者,cefrj
2545,swear,verb,B1,3,5,誓う、ののしる,cefrj
2546,trend,noun,B1,3,5,傾向、流行,cefrj
2547,valuable,adj,B1,3,5,貴重な、高価な,cefrj
2548,approval,noun,B1,3,5,承認、賛成,cefrj
2549,burning,adj,B1,3,5,燃えている,cefrj+ai
2550,contain,verb,B1,3,5,含む、入っている,cefrj
2551,document,noun,B1,3,5,文書、書類,cefrj
2552,hanging,adj,B1,3,5,ぶら下がった、つるされた,cefrj+ai
2553,lift,noun,B1,3,5,持ち上げる、エレベーター,cefrj
2554,marked,adj,B1,3,5,目立った、印のついた,cefrj+ai
2555,monthly,adj,B1,3,5,毎月の、月1回の,cefrj
2556,neighborhood,noun,B1,3,5,近所、近隣,cefrj
2557,outstanding,adj,B1,3,5,際立った、優れた,cefrj+ai
2558,rid,verb,B1,3,5,取り除く、除去する,cefrj
2559,visual,adj,B1,3,5,視覚の、目にみえる,cefrj
2560,barely,adv,B1,3,5,かろうじて、やっと,cefrj
2561,coal,noun,B1,3,5,石炭,cefrj
2562,historic,adj,B1,3,5,歴史的に重要な、由緒ある,cefrj
2563,hunt,noun,B1,3,5,狩る、捜し回る,cefrj
2564,improvement,noun,B1,3,5,改善、向上,cefrj
2565,initially,adv,B1,3,5,初めは、当初は,cefrj
2566,monster,noun,B1,3,5,怪物,cefrj+ai
2567,philosophy,noun,B1,3,5,哲学、人生観,cefrj
2568,rough,adj,B1,3,5,ざらざらした、荒い,cefrj
2569,settlement,noun,B1,3,5,開拓地、解決,cefrj
2570,surrounding,adj,B1,3,5,周りの、周囲の,cefrj+ai
2571,vast,adj,B1,3,5,広大な、膨大な,cefrj
2572,finger,noun,B1,3,5,指、手の指,cefrj
2573,ignore,verb,B1,3,5,無視する、見落とす,cefrj
2574,meanwhile,adv,B1,3,5,その間に、一方では,cefrj
2575,naturally,adv,B1,3,5,当然、自然に,cefrj
2576,practical,adj,B1,3,5,実用的な、実際の,cefrj
2577,primarily,adv,B1,3,5,主に、第一に,cefrj
2578,relative,adj,B1,3,5,相対的な、親戚,cefrj
2579,rescue,noun,B1,3,5,救助する、救出,cefrj
2580,sharp,adj,B1,3,5,鋭い、急激な,cefrj
2581,stable,adj,B1,3,5,安定した、確固たる,cefrj
2582,temporary,adj,B1,3,5,一時的な、臨時の,cefrj
2583,complicated,adj,B1,3,5,複雑な,cefrj+ai
2584,defend,verb,B1,3,5,防御する、擁護する,cefrj
2585,extent,noun,B1,3,5,程度、広がり,cefrj
2586,format,noun,B1,3,5,構成、書式,cefrj
2587,gap,noun,B1,3,5,すき間、隔たり,cefrj
2588,household,noun,B1,3,5,世帯、家族,cefrj
2589,immigration,noun,B1,3,5,入国管理、移民,cefrj
2590,impressive,adj,B1,3,5,印象的な、感動的な,cefrj
2591,membership,noun,B1,3,5,会員身分、会員権,cefrj
2592,mount,noun,B1,3,5,乗る、すえ付ける,cefrj
2593,occur,verb,B1,3,5,起こる、浮かぶ,cefrj
2594,parking,noun,B1,3,5,駐車,cefrj+ai
2595,proposal,noun,B1,3,5,提案、申し出,cefrj
2596,reputation,noun,B1,3,5,評判、名声,cefrj
2597,rolling,adj,B1,3,5,転がる、うねる,cefrj+ai
2598,shortly,adv,B1,3,5,まもなく,cefrj
2599,technique,noun,B1,3,5,技術、技法,cefrj
2600,atmosphere,noun,B1,3,5,大気、雰囲気,cefrj
2601,belief,noun,B1,3,5,信念、信用,cefrj
2602,bound,adj,B1,3,5,縛られた,cefrj
2603,element,noun,B1,3,5,要素、元素,cefrj
2604,hip,noun,B1,3,5,臀部、腰,cefrj
2605,moral,noun,B1,3,5,道徳的な、教訓,cefrj
2606,offensive,adj,B1,3,5,不快な、攻撃的な,cefrj+ai
2607,package,noun,B1,3,5,小包、ひとまとめ,cefrj
2608,poverty,noun,B1,3,5,貧困、欠乏,cefrj
2609,qualified,adj,B1,3,5,資格のある、適任の,cefrj+ai
2610,railway,noun,B1,3,5,鉄道,cefrj+ai
2611,ridiculous,adj,B1,3,5,ばかげた,cefrj
2612,server,noun,B1,3,5,サーバー、給仕者,cefrj
2613,superior,adj,B1,3,5,上の、上司,cefrj
2614,actress,noun,B1,3,5,女優,cefrj+ai
2615,anxiety,noun,B1,3,5,心配、不安,cefrj
2616,charity,noun,B1,3,5,慈善、慈善団体,cefrj
2617,curious,adj,B1,3,5,好奇心が強い、奇妙な,cefrj
2618,discovery,noun,B1,3,5,発見、新発見,cefrj
2619,flash,adj,B1,3,5,閃光を放つ、ひらめく,cefrj
2620,formal,adj,B1,3,5,正式な、形式的な,cefrj
2621,formula,noun,B1,3,5,公式、処方,cefrj
2622,innocent,adj,B1,3,5,無実の、純真な,cefrj
2623,protest,noun,B1,3,5,抗議、主張する,cefrj
2624,select,adj,B1,3,5,選ぶ、精選された,cefrj
2625,silent,adj,B1,3,5,沈黙した、静かな,cefrj
2626,suffer,verb,B1,3,5,苦しむ、被る,cefrj
2627,trail,noun,B1,3,5,小道、跡を追う,cefrj
2628,arrival,noun,B1,3,5,到着、到達,cefrj
2629,awareness,noun,B1,3,5,認識、意識,cefrj
2630,chase,noun,B1,3,5,追いかける、追跡,cefrj
2631,guarantee,noun,B1,3,5,保証する、保証,cefrj
2632,horrible,adj,B1,3,5,恐ろしい、身の毛のよだつ,cefrj
2633,muscle,noun,B1,3,5,筋肉、腕力,cefrj
2634,passion,noun,B1,3,5,情熱、熱意,cefrj
2635,producer,noun,B1,3,5,制作者、生産者,cefrj
2636,rank,noun,B1,3,5,階級、位置する,cefrj
2637,sand,noun,B1,3,5,砂、砂浜,cefrj
2638,avenue,noun,B1,3,5,大通り、並木道,cefrj+ai
2639,electricity,noun,B1,3,5,電気、電力,cefrj
2640,gym,noun,B1,3,5,ジム、体育館,cefrj+ai
2641,naked,adj,B1,3,5,裸の,cefrj
2642,plain,adj,B1,3,5,明白な、質素な,cefrj
2643,strategic,adj,B1,3,5,戦略的な,cefrj
2644,wire,noun,B1,3,5,針金、電線,cefrj
2645,anger,noun,B1,3,5,怒り、憤り,cefrj
2646,assist,verb,B1,3,5,手伝う、補助する,cefrj
2647,behalf,noun,B1,3,5,代理、ため,cefrj+ai
2648,capture,noun,B1,3,5,捕らえる、捕獲する,cefrj
2649,ceremony,noun,B1,3,5,儀式、式典,cefrj
2650,designer,noun,B1,3,5,設計者、デザイナー,cefrj
2651,economics,noun,B1,3,5,経済学,cefrj+ai
2652,efficient,adj,B1,3,5,能率的な、有能な,cefrj
2653,electrical,adj,B1,3,5,電気の,cefrj+ai
2654,establishment,noun,B1,3,5,設立、創設,cefrj
2655,lab,noun,B1,3,5,研究所,cefrj
2656,middle-aged,adj,B1,3,5,中年の,cefrj+ai
2657,newly,adv,B1,3,5,新しく、最近,cefrj
2658,ordinary,adj,B1,3,5,普通の、並の,cefrj
2659,participate,verb,B1,3,5,参加する、加わる,cefrj
2660,prayer,noun,B1,3,5,祈り,cefrj+ai
2661,rarely,adv,B1,3,5,めったに〜ない,cefrj
2662,soil,verb,B1,3,5,土壌、土,cefrj
2663,trash,noun,B1,3,5,ごみ、くず,cefrj+ai
2664,virus,noun,B1,3,5,ウイルス、病原体,cefrj
2665,aspect,noun,B1,3,5,面、様相,cefrj
2666,bureau,noun,B1,3,5,局、事務所,cefrj+ai
2667,comfort,noun,B1,3,5,慰め、心地よさ,cefrj
2668,dramatic,adj,B1,3,5,劇的な、演劇の,cefrj
2669,illness,noun,B1,3,5,病気、疾患,cefrj
2670,lately,adv,B1,3,5,最近、近ごろ,cefrj+ai
2671,minority,noun,B1,3,5,少数派、少数民族,cefrj
2672,promotion,noun,B1,3,5,昇進、販売促進,cefrj
2673,rail,noun,B1,3,5,鉄道、手すり,cefrj
2674,well-dressed,adj,B1,3,5,身なりのよい,cefrj+ai
2675,buddy,noun,B1,3,5,相棒、仲間,cefrj+ai
2676,conclusion,noun,B1,3,5,結論、結末,cefrj
2677,confirm,verb,B1,3,5,確認する、裏付ける,cefrj
2678,decline,noun,B1,3,5,衰退する、断る,cefrj
2679,forth,adv,B1,3,5,前へ、外へ,cefrj
2680,hire,verb,B1,3,5,雇う、賃借する,cefrj
2681,hop,noun,B1,3,5,ぴょんと跳ぶこと、ホップ,cefrj+ai
2682,insane,adj,B1,3,5,正気でない、ばかげた,cefrj+ai
2683,layer,noun,B1,3,5,層、重なり,cefrj
2684,nowhere,adv,B1,3,5,どこにも〜ない,cefrj
2685,obtain,verb,B1,3,5,得る,cefrj
2686,organic,adj,B1,3,5,有機の、有機体の,cefrj
2687,poetry,noun,B1,3,5,詩歌、詩情,cefrj
2688,pot,noun,B1,3,5,深鍋、鉢,cefrj
2689,recall,verb,B1,3,5,思い出す、回収する,cefrj
2690,sheet,noun,B1,3,5,シーツ、1枚の紙,cefrj
2691,spiritual,adj,B1,3,5,精神の、霊的な,cefrj+ai
2692,associate,verb,B1,3,5,連想する、提携する,cefrj
2693,atlantic,adj,B1,3,5,大西洋の,cefrj+ai
2694,broadcast,noun,B1,3,5,放送する、放映する,cefrj
2695,compete,verb,B1,3,5,競う、対抗する,cefrj
2696,damaged,adj,B1,3,5,損傷した、傷ついた,cefrj+ai
2697,disaster,noun,B1,3,5,災害、惨事,cefrj
2698,equally,adv,B1,3,5,均等に、等しく,cefrj
2699,fallen,adj,B1,3,5,落ちた、倒れた,cefrj+ai
2700,fitness,noun,B1,3,5,健康、体力,cefrj+ai
2701,intense,adj,B1,3,5,強烈な、熱烈な,cefrj
2702,liquid,adj,B1,3,5,液体、流動性の,cefrj
2703,narrative,adj,B1,3,5,物語、語り口,cefrj
2704,narrow,adj,B1,3,5,狭い、細い,cefrj
2705,occasionally,adv,B1,3,5,時々、たまに,cefrj
2706,physics,noun,B1,3,5,物理学,cefrj
2707,reduction,noun,B1,3,5,減少、削減,cefrj
2708,refuse,noun,B1,3,5,拒否する、断る,cefrj
2709,resource,noun,B1,3,5,資源、財源,cefrj
2710,visible,adj,B1,3,5,目に見える、明白な,cefrj
2711,angle,noun,B1,3,5,角、角度,cefrj
2712,bishop,noun,B1,3,5,司教,cefrj+ai
2713,commonly,adv,B1,3,5,一般に,cefrj
2714,connect,verb,B1,3,5,つなぐ、接続する,cefrj
2715,efficiency,noun,B1,3,5,効率、能率,cefrj
2716,experiment,noun,B1,3,5,実験、試み,cefrj
2717,increasingly,adv,B1,3,5,ますます、次第に,cefrj
2718,incredibly,adv,B1,3,5,信じられないほど,cefrj
2719,journalist,noun,B1,3,5,報道関係者、記者,cefrj
2720,occasion,noun,B1,3,5,機会、特別な行事,cefrj
2721,pace,noun,B1,3,5,歩調、ペース,cefrj
2722,possession,noun,B1,3,5,所有、所持品,cefrj
2723,rapid,adj,B1,3,5,速い、急激な,cefrj
2724,regulation,noun,B1,3,5,規則、規制,cefrj
2725,resident,adj,B1,3,5,住民、居住者,cefrj
2726,agriculture,noun,B1,3,5,農業,cefrj
2727,currency,noun,B1,3,5,通貨、貨幣,cefrj
2728,funeral,noun,B1,3,5,葬式,cefrj+ai
2729,log,noun,B1,3,5,丸太、日誌,cefrj
2730,merely,adv,B1,3,5,単に、ただ〜にすぎない,cefrj
2731,monitor,noun,B1,3,5,監視装置、監視する,cefrj
2732,resort,noun,B1,3,5,保養地、訴える,cefrj
2733,routine,noun,B1,3,5,決まり切った仕事、日課,cefrj
2734,scary,adj,B1,3,5,怖い,cefrj+ai
2735,settle,verb,B1,3,5,解決する、定住する,cefrj
2736,survival,noun,B1,3,5,生存、生き残り,cefrj
2737,sword,noun,B1,3,5,剣,cefrj
2738,tongue,noun,B1,3,5,舌、言語,cefrj
2739,ward,noun,B1,3,5,病棟、区,cefrj+ai
2740,achievement,noun,B1,3,5,達成、業績,cefrj
2741,destruction,noun,B1,3,5,破壊、破滅,cefrj
2742,doc,noun,B1,3,5,医者、先生,cefrj+ai
2743,engage,verb,B1,3,5,従事する、引き込む,cefrj
2744,extraordinary,adj,B1,3,5,並外れた、異常な,cefrj
2745,frequency,noun,B1,3,5,頻度、周波数,cefrj
2746,gene,noun,B1,3,5,遺伝子,cefrj
2747,glory,noun,B1,3,5,栄光,cefrj+ai
2748,logic,noun,B1,3,5,論理、論理学,cefrj
2749,objective,noun,B1,3,5,目標、客観的な,cefrj
2750,privacy,noun,B1,3,5,プライバシー、私生活,cefrj+ai
2751,regard,verb,B1,3,5,見なす、敬意,cefrj
2752,strip,noun,B1,3,5,脱ぐ、細長い一片,cefrj
2753,breast,noun,B1,3,5,胸、胸部,cefrj
2754,chemistry,noun,B1,3,5,化学,cefrj
2755,consumption,noun,B1,3,5,消費,cefrj
2756,cotton,noun,B1,3,5,綿、木綿,cefrj+ai
2757,discount,noun,B1,3,5,割引、割引する,cefrj
2758,dozen,noun,B1,3,5,ダース、12個,cefrj
2759,exit,noun,B1,3,5,出口、終了,cefrj
2760,expand,verb,B1,3,5,拡大する、広がる,cefrj
2761,gorgeous,adj,B1,3,5,とても美しい、豪華な,cefrj+ai
2762,impression,noun,B1,3,5,印象、感動,cefrj
2763,luxury,noun,B1,3,5,ぜいたく、高級品,cefrj
2764,sequence,noun,B1,3,5,連続、一連の出来事,cefrj
2765,stretch,verb,B1,3,5,伸ばす、広がる,cefrj
2766,absence,noun,B1,3,5,不在、欠席,cefrj
2767,agricultural,adj,B1,3,5,農業の、農芸の,cefrj
2768,bull,noun,B1,3,5,雄牛,cefrj+ai
2769,contribute,verb,B1,3,5,貢献する、寄付する,cefrj
2770,contribution,noun,B1,3,5,貢献、寄付金,cefrj
2771,deny,verb,B1,3,5,否定する、拒む,cefrj
2772,extend,verb,B1,3,5,伸ばす、延長する,cefrj
2773,genetic,adj,B1,3,5,遺伝の、遺伝学の,cefrj
2774,principle,noun,B1,3,6,原理、原則,cefrj
2775,punishment,noun,B1,3,6,罰,cefrj
2776,rapidly,adv,B1,3,6,急速に、素早く,cefrj
2777,twin,noun,B1,3,6,双子の一方、双子の,cefrj
2778,boom,noun,B1,3,6,にわか景気、とどろき,cefrj
2779,commit,verb,B1,3,6,犯す、約束する,cefrj
2780,composition,noun,B1,3,6,構成、作文,cefrj
2781,conservation,noun,B1,3,6,保全,cefrj
2782,crossing,noun,B1,3,6,横断歩道、交差点,cefrj+ai
2783,guidance,noun,B1,3,6,指導、案内,cefrj+ai
2784,infection,noun,B1,3,6,感染、伝染病,cefrj
2785,intention,noun,B1,3,6,意図、企て,cefrj
2786,mechanical,adj,B1,3,6,機械的な,cefrj
2787,precious,adj,B1,3,6,貴重な、大切な,cefrj+ai
2788,priest,noun,B1,3,6,司祭、僧侶,cefrj+ai
2789,prominent,adj,B1,3,6,著名な,cefrj
2790,residential,adj,B1,3,6,住宅の、居住の,cefrj+ai
2791,reward,noun,B1,3,6,報酬、報いる,cefrj
2792,satellite,noun,B1,3,6,衛星,cefrj+ai
2793,substantial,adj,B1,3,6,かなりの、実質的な,cefrj
2794,teen,noun,B1,3,6,10代の若者,cefrj+ai
2795,wildlife,noun,B1,3,6,野生生物,cefrj+ai
2796,aggressive,adj,B1,3,6,攻撃的な、積極的な,cefrj
2797,apparent,adj,B1,3,6,明白な、外見上の,cefrj
2798,bang,noun,B1,3,6,たたく、ぶつける,cefrj
2799,courage,noun,B1,3,6,勇気,cefrj+ai
2800,cure,noun,B1,3,6,治療、治療する,cefrj
2801,desperate,adj,B1,3,6,必死の、絶望的な,cefrj+ai
2802,frozen,adj,B1,3,6,凍った、冷凍の,cefrj+ai
2803,humanity,noun,B1,3,6,人類、人間性,cefrj+ai
2804,invest,verb,B1,3,6,投資する、費やす,cefrj
2805,painful,adj,B1,3,6,痛い,cefrj
2806,pound,noun,B1,3,6,ポンド、強打する,cefrj
2807,preparation,noun,B1,3,6,準備、用意,cefrj
2808,railroad,noun,B1,3,6,線路、鉄道（米）,cefrj+ai
2809,registration,noun,B1,3,6,登録、記名,cefrj
2810,sufficient,adj,B1,3,6,十分な、足りる,cefrj
2811,tissue,noun,B1,3,6,組織、薄い織物,cefrj
2812,virtual,adj,B1,3,6,仮想の、事実上の,cefrj+ai
2813,announcement,noun,B1,3,6,発表、告知,cefrj
2814,dare,verb,B1,3,6,あえて〜する、挑む,cefrj
2815,define,verb,B1,3,6,定義する、明確にする,cefrj
2816,discrimination,noun,B1,3,6,差別、識別,cefrj
2817,documentary,noun,B1,3,6,ドキュメンタリー,cefrj+ai
2818,grave,noun,B1,3,6,墓,cefrj+ai
2819,jazz,noun,B1,3,6,ジャズ,cefrj
2820,laboratory,noun,B1,3,6,研究所、実験室,cefrj
2821,literary,adj,B1,3,6,文学の、文芸の,cefrj
2822,praise,noun,B1,3,6,賞賛する、褒める,cefrj
2823,presentation,noun,B1,3,6,発表、贈呈,cefrj
2824,relation,noun,B1,3,6,関係、親族,cefrj
2825,steady,adj,B1,3,6,安定した、着実な,cefrj
2826,terminal,noun,B1,3,6,終点、終着駅、ターミナル,cefrj
2827,unlikely,adj,B1,3,6,ありそうもない,cefrj
2828,agenda,noun,B1,3,6,協議事項、議題,cefrj
2829,bow,noun,B1,3,6,おじぎ、弓,cefrj+ai
2830,craft,noun,B1,3,6,工芸、技術,cefrj
2831,darkness,noun,B1,3,6,暗闇、暗さ,cefrj
2832,enable,verb,B1,3,6,可能にする,cefrj
2833,phrase,noun,B1,3,6,句、言い回し,cefrj
2834,racial,adj,B1,3,6,人種の、民族の,cefrj
2835,similarly,adv,B1,3,6,同様に、同じように,cefrj
2836,stem,verb,B1,3,6,茎、生じる,cefrj
2837,summit,noun,B1,3,6,頂上、首脳会談,cefrj+ai
2838,talented,adj,B1,3,6,才能のある,cefrj+ai
2839,awkward,adj,B1,3,6,ぎこちない、気まずい,cefrj+ai
2840,beast,noun,B1,3,6,獣、けだもの,cefrj+ai
2841,celebrity,noun,B1,3,6,有名人、セレブ,cefrj+ai
2842,disabled,adj,B1,3,6,障害のある,cefrj+ai
2843,drag,verb,B1,3,6,引きずる、引っ張る,cefrj
2844,estimate,verb,B1,3,6,見積もる、推定する,cefrj
2845,interaction,noun,B1,3,6,相互作用、交流,cefrj
2846,recover,verb,B1,3,6,回復する、取り戻す,cefrj
2847,reliable,adj,B1,3,6,信頼できる、頼りになる,cefrj
2848,rely,verb,B1,3,6,頼る、当てにする,cefrj
2849,remarkable,adj,B1,3,6,注目すべき、著しい,cefrj
2850,tale,noun,B1,3,6,物語、話,cefrj
2851,worthy,adj,B1,3,6,価値のある、ふさわしい,cefrj+ai
2852,consideration,noun,B1,3,6,考慮、思いやり,cefrj
2853,dependent,adj,B1,3,6,依存している、頼っている,cefrj
2854,filter,noun,B1,3,6,ろ過器、ろ過する,cefrj
2855,involve,verb,B1,3,6,巻き込む、伴う,cefrj
2856,judgment,noun,B1,3,6,判断、裁判,cefrj
2857,logo,noun,B1,3,6,ロゴ、マーク,cefrj+ai
2858,pin,verb,B1,3,6,ピンで留める,cefrj+ai
2859,publicly,adv,B1,3,6,公に、人前で,cefrj+ai
2860,pump,noun,B1,3,6,ポンプ、くみ上げる,cefrj
2861,satisfied,adj,B1,3,6,満足した,cefrj+ai
2862,slip,noun,B1,3,6,滑る、滑り落ちる,cefrj
2863,specialist,noun,B1,3,6,専門家、専門医,cefrj
2864,tourism,noun,B1,3,6,観光、観光業,cefrj
2865,volunteer,verb,B1,3,6,志願者、ボランティア,cefrj
2866,challenging,adj,B1,3,6,やりがいのある、難しい,cefrj+ai
2867,chaos,noun,B1,3,6,混乱、大混乱,cefrj+ai
2868,concentration,noun,B1,3,6,集中、濃度,cefrj
2869,frequent,adj,B1,3,6,度々の、頻繁な,cefrj
2870,moderate,adj,B1,3,6,適度な、並の,cefrj
2871,overcome,verb,B1,3,6,克服する、打ち勝つ,cefrj
2872,pit,noun,B1,3,6,穴、くぼみ,cefrj+ai
2873,psychological,adj,B1,3,6,心理的な、心理学の,cefrj
2874,radiation,noun,B1,3,6,放射線,cefrj
2875,shocked,adj,B1,3,6,ショックを受けた,cefrj+ai
2876,stunning,adj,B1,3,6,見事な、息をのむほどの,cefrj+ai
2877,vessel,noun,B1,3,6,大型の船、脈管,cefrj
2878,announce,verb,B1,3,6,発表する、告げる,cefrj
2879,bold,adj,B1,3,6,大胆な、太字の,cefrj+ai
2880,classical,adj,B1,3,6,古典の、クラシックの,cefrj
2881,clip,noun,B1,3,6,クリップ、切り抜き、切り抜く,cefrj
2882,convince,verb,B1,3,6,確信させる、納得させる,cefrj
2883,encounter,noun,B1,3,6,偶然出会う、直面する,cefrj
2884,equality,noun,B1,3,6,平等,cefrj
2885,examination,noun,B1,3,6,試験、調査,cefrj
2886,homeless,adj,B1,3,6,家のない、ホームレスの,cefrj+ai
2887,mutual,adj,B1,3,6,相互の、共通の,cefrj
2888,oral,noun,B1,3,6,口頭の,cefrj
2889,requirement,noun,B1,3,6,必要条件、要件,cefrj
2890,scope,noun,B1,3,6,範囲、視野,cefrj
2891,terror,noun,B1,3,6,恐怖、テロ,cefrj+ai
2892,worn,adj,B1,3,6,すり切れた、疲れ切った,cefrj+ai
2893,arrangement,noun,B1,3,6,手配、整頓,cefrj
2894,brick,noun,B1,3,6,れんが,cefrj+ai
2895,considerable,adj,B1,3,6,かなりの、相当な,cefrj
2896,emperor,noun,B1,3,6,皇帝,cefrj
2897,forgive,verb,B1,3,6,許す,cefrj+ai
2898,inquiry,noun,B1,3,6,問い合わせ、調査,cefrj
2899,nevertheless,adv,B1,3,6,それにもかかわらず,cefrj
2900,outer,adj,B1,3,6,外側の、中心から遠くにある,cefrj
2901,oxygen,noun,B1,3,6,酸素,cefrj
2902,pipe,noun,B1,3,6,導管、パイプ,cefrj
2903,powder,noun,B1,3,6,粉末,cefrj
2904,shelter,noun,B1,3,6,避難所、保護する,cefrj
2905,signature,noun,B1,3,6,署名、サイン,cefrj+ai
2906,spider,noun,B1,3,6,クモ,cefrj+ai
2907,trigger,noun,B1,3,6,引き金、誘発する,cefrj
2908,vary,verb,B1,3,6,変わる、異なる,cefrj
2909,accuracy,noun,B1,3,6,正確さ,cefrj
2910,bullet,noun,B1,3,6,弾丸,cefrj
2911,copyright,noun,B1,3,6,著作権,cefrj+ai
2912,deposit,noun,B1,3,6,内金、預金する,cefrj
2913,destination,noun,B1,3,6,目的地、宛先,cefrj
2914,dirt,noun,B1,3,6,汚れ、土,cefrj+ai
2915,diverse,adj,B1,3,6,多様な,cefrj
2916,divine,adj,B1,3,6,神の、神々しい,cefrj+ai
2917,jealous,adj,B1,3,6,やきもちを焼く、ねたんだ,cefrj+ai
2918,neutral,adj,B1,3,6,中立の,cefrj
2919,relate,verb,B1,3,6,関係づける、関連する,cefrj
2920,robot,noun,B1,3,6,ロボット,cefrj
2921,sacred,adj,B1,3,6,神聖な、大切な,cefrj+ai
2922,terrorism,noun,B1,3,6,テロリズム、テロ行為,cefrj+ai
2923,wound,noun,B1,3,6,傷、負傷させる,cefrj
2924,baker,noun,B1,3,6,パン屋、パン職人,cefrj+ai
2925,burden,noun,B1,3,6,重荷、負担,cefrj
2926,casual,adj,B1,3,6,気楽な、ふだん着の,cefrj+ai
2927,controversial,adj,B1,3,6,論争を引き起こす,cefrj
2928,disgusting,adj,B1,3,6,むかつく、気持ち悪い,cefrj+ai
2929,expense,noun,B1,3,6,費用、出費,cefrj
2930,furthermore,adv,B1,3,6,さらに、しかも,cefrj
2931,graphic,adj,B1,3,6,図表の、生々しい,cefrj+ai
2932,healing,adj,B1,3,6,治療の、癒やしの,cefrj+ai
2933,invasion,noun,B1,3,6,侵略,cefrj
2934,outdoor,adj,B1,3,6,屋外の,cefrj+ai
2935,palm,noun,B1,3,6,手のひら、ヤシ,cefrj+ai
2936,pole,noun,B1,3,6,極,cefrj
2937,pub,noun,B1,3,6,居酒屋、パブ,cefrj
2938,reception,noun,B1,3,6,受付、歓迎会,cefrj+ai
2939,rubber,noun,B1,3,6,ゴム,cefrj+ai
2940,syndrome,noun,B1,3,6,症候群,cefrj
2941,unexpected,adj,B1,3,6,思いがけない、予期しない,cefrj+ai
2942,usage,noun,B1,3,6,使用,cefrj
2943,accidentally,adv,B1,3,6,偶然に、うっかり,cefrj+ai
2944,bin,noun,B1,3,6,大型ゴミ箱、容器,cefrj
2945,biology,noun,B1,3,6,生物学,cefrj
2946,briefly,adv,B1,3,6,簡潔に、短時間,cefrj
2947,canal,noun,B1,3,6,運河,cefrj+ai
2948,delete,verb,B1,3,6,削除する,cefrj+ai
2949,departure,noun,B1,3,6,出発,cefrj+ai
2950,explosion,noun,B1,3,6,爆発,cefrj+ai
2951,folk,noun,B1,3,6,人々、民族の,cefrj
2952,generate,verb,B1,3,6,生み出す、発生させる,cefrj
2953,lightning,noun,B1,3,6,稲妻、稲光,cefrj+ai
2954,magical,adj,B1,3,6,魔法の、不思議な,cefrj+ai
2955,motivation,noun,B1,3,6,動機、やる気,cefrj
2956,nasty,adj,B1,3,6,不快な、意地の悪い,cefrj
2957,permit,verb,B1,3,6,許可する、認める,cefrj
2958,productive,adj,B1,3,6,生産的な,cefrj
2959,safely,adv,B1,3,6,安全に、無事に,cefrj+ai
2960,slight,noun,B1,3,6,わずかな、少しの,cefrj
2961,tension,noun,B1,3,6,緊張、不安,cefrj
2962,twist,noun,B1,3,6,ねじる、より合わせる,cefrj
2963,unemployment,noun,B1,3,6,失業、失業率,cefrj
2964,useless,adj,B1,3,6,役に立たない,cefrj+ai
2965,bitter,adj,B1,3,6,苦い、つらい,cefrj+ai
2966,clinic,noun,B1,3,6,診療所,cefrj
2967,continuous,adj,B1,3,6,継続的な、途切れない,cefrj
2968,creator,noun,B1,3,6,作者、創造者,cefrj+ai
2969,detective,noun,B1,3,6,刑事、探偵,cefrj+ai
2970,disability,noun,B1,3,6,身体障害,cefrj
2971,excess,noun,B1,3,6,過剰、超過,cefrj
2972,farming,noun,B1,3,6,農業,cefrj+ai
2973,highlight,verb,B1,3,6,強調する、目立たせる,cefrj
2974,legally,adv,B1,3,6,法的に、合法的に,cefrj+ai
2975,nail,noun,B1,3,6,つめ、くぎ,cefrj+ai
2976,nonsense,noun,B1,3,6,ばかげたこと、ナンセンス,cefrj+ai
2977,phoenix,noun,B1,3,6,不死鳥、フェニックス,cefrj+ai
2978,poet,noun,B1,3,6,詩人,cefrj
2979,repeatedly,adv,B1,3,6,繰り返して、何度も,cefrj+ai
2980,slavery,noun,B1,3,6,奴隷制度,cefrj
2981,transformation,noun,B1,3,6,変換,cefrj
2982,attract,verb,B1,3,6,引きつける、魅了する,cefrj
2983,bronze,noun,B1,3,6,青銅、銅メダル,cefrj+ai
2984,cave,noun,B1,3,6,ほら穴、洞窟,cefrj+ai
2985,demonstrate,verb,B1,3,6,実演する、明示する,cefrj
2986,generous,adj,B1,3,6,気前のよい、寛大な,cefrj+ai
2987,loyal,adj,B1,3,6,忠実な,cefrj+ai
2988,mentally,adv,B1,3,6,精神的に,cefrj+ai
2989,patience,noun,B1,3,6,忍耐、根気,cefrj+ai
2990,prisoner,noun,B1,3,6,囚人、捕虜,cefrj
2991,resist,verb,B1,3,6,抵抗する、我慢する,cefrj
2992,wrap,noun,B1,3,6,包む、巻く,cefrj
2993,yoga,noun,B1,3,6,ヨガ,cefrj+ai
2994,adopt,verb,B1,3,6,採用する、養子にする,cefrj
2995,boot,noun,B1,3,6,長靴、ブーツ,cefrj
2996,coastal,adj,B1,3,6,沿岸の、海岸の,cefrj+ai
2997,confusion,noun,B1,3,6,混乱、混同,cefrj
2998,customs,noun,B1,3,6,税関,cefrj+ai
2999,dealer,noun,B1,3,6,販売業者、商人,cefrj
3000,distant,adj,B1,3,6,遠い、隔たった,cefrj
3001,emotion,noun,B1,3,6,感情、情緒,cefrj
3002,emphasis,noun,B1,3,6,強調、重点,cefrj
3003,excitement,noun,B1,3,6,興奮、動揺,cefrj
3004,exploration,noun,B1,3,6,探検、探査,cefrj+ai
3005,filling,noun,B1,3,6,詰め物、中身,cefrj+ai
3006,graphics,noun,B1,3,6,グラフィックス、画像,cefrj+ai
3007,humor,noun,B1,3,6,ユーモア、おどけ,cefrj
3008,insight,noun,B1,3,6,洞察力、見識,cefrj
3009,overnight,adj,B1,3,6,一晩の、夜通しの,cefrj+ai
3010,pie,noun,B1,3,6,パイ,cefrj+ai
3011,preserve,verb,B1,3,6,保護する、維持する,cefrj
3012,qualify,verb,B1,3,6,資格を得る、適格とする,cefrj
3013,threatening,adj,B1,3,6,脅すような、険悪な,cefrj+ai
3014,tobacco,noun,B1,3,6,たばこ,cefrj+ai
3015,trace,noun,B1,3,6,たどる、追跡する,cefrj
3016,weakness,noun,B1,3,6,弱さ、弱点,cefrj
3017,widespread,adj,B1,3,6,広く行き渡っている,cefrj
3018,accessible,adj,B1,3,6,利用しやすい、近づきやすい,cefrj+ai
3019,acknowledge,verb,B1,3,6,認める、受領を通知する,cefrj
3020,animation,noun,B1,3,6,アニメーション,cefrj+ai
3021,assignment,noun,B1,3,6,任務、 業務、 職,cefrj
3022,bare,adj,B1,3,6,裸の、むき出しの,cefrj+ai
3023,basement,noun,B1,3,6,地下室,cefrj+ai
3024,cancel,verb,B1,3,6,取り消す、中止する,cefrj
3025,carpet,noun,B1,3,6,じゅうたん、敷物,cefrj
3026,collapse,noun,B1,3,6,崩壊する、倒れる,cefrj
3027,compound,noun,B1,3,6,化合物、合成の,cefrj
3028,conscious,adj,B1,3,6,意識している,cefrj
3029,endless,adj,B1,3,6,終わりのない、果てしない,cefrj+ai
3030,examine,verb,B1,3,6,調査する、診察する,cefrj
3031,film-maker,noun,B1,3,6,映画製作者、映画監督,cefrj+ai
3032,liver,noun,B1,3,6,肝臓,cefrj
3033,proceed,verb,B1,3,6,進む、続ける,cefrj
3034,restore,verb,B1,3,6,修復する、復活させる,cefrj
3035,significance,noun,B1,3,6,重要性、意義,cefrj
3036,stressed,adj,B1,3,6,ストレスを感じた,cefrj+ai
3037,tropical,adj,B1,3,6,熱帯の,cefrj
3038,artistic,adj,B1,3,6,芸術的な,cefrj
3039,barrel,noun,B1,3,6,樽、バレル,cefrj
3040,beloved,adj,B1,3,6,最愛の、愛する,cefrj+ai
3041,bless,verb,B1,3,6,祝福する、恵む,cefrj
3042,boxing,noun,B1,3,6,ボクシング,cefrj+ai
3043,contrary,adj,B1,3,6,逆の、反対,cefrj
3044,crush,noun,B1,3,6,片思い（の相手）,cefrj+ai
3045,decrease,noun,B1,3,6,減少する、減らす,cefrj
3046,loyalty,noun,B1,3,6,忠誠、忠実さ,cefrj+ai
3047,notion,noun,B1,3,6,観念、考え,cefrj
3048,partial,adj,B1,3,6,部分的な、不公平な,cefrj
3049,reflection,noun,B1,3,6,反射、熟考,cefrj
3050,resolve,verb,B1,3,6,解決する、決心する,cefrj
3051,simultaneously,adv,B1,3,6,同時に,cefrj
3052,substitute,noun,B1,3,6,代わりにする、代用品,cefrj
3053,acceptance,noun,B1,3,6,受け入れ、受諾,cefrj+ai
3054,annually,adv,B1,3,6,毎年、年に1回,cefrj+ai
3055,bubble,noun,B1,3,6,泡,cefrj
3056,deadly,adj,B1,3,6,命にかかわる、致命的な,cefrj+ai
3057,determination,noun,B1,3,6,決意、決定,cefrj
3058,gentleman,noun,B1,3,6,紳士、育ちの良い人,cefrj
3059,hammer,noun,B1,3,6,ハンマー、金づち,cefrj+ai
3060,moreover,adv,B1,3,6,さらに、その上,cefrj
3061,paradise,noun,B1,3,6,楽園,cefrj+ai
3062,politician,noun,B1,3,6,政治家,cefrj
3063,react,verb,B1,3,6,反応する、反作用を示す,cefrj
3064,realistic,adj,B1,3,6,現実的な,cefrj
3065,retain,verb,B1,3,6,保持する、保有する,cefrj
3066,satisfaction,noun,B1,3,6,満足、充足,cefrj
3067,scratch,noun,B1,3,6,引っかき傷、かすり傷,cefrj+ai
3068,sheriff,noun,B1,3,6,保安官,cefrj+ai
3069,sometime,adv,B1,3,6,いつか,cefrj
3070,warrior,noun,B1,3,6,戦士、武人,cefrj+ai
3071,admission,noun,B1,3,6,自白,cefrj
3072,bacon,noun,B1,3,6,ベーコン,cefrj+ai
3073,burst,verb,B1,3,6,破裂する、突然起こる,cefrj
3074,cattle,noun,B1,3,6,畜牛,cefrj
3075,compromise,noun,B1,3,6,妥協、妥協する,cefrj
3076,crop,noun,B1,3,6,作物、収穫物,cefrj
3077,eliminate,verb,B1,3,6,排除する、除去する,cefrj
3078,harbor,noun,B1,3,6,港、避難所,cefrj
3079,inform,verb,B1,3,6,知らせる、通知する,cefrj
3080,mathematics,noun,B1,3,6,数学,cefrj
3081,scholarship,noun,B1,3,6,奨学金,cefrj
3082,southeast,adj,B1,3,6,南東の,cefrj+ai
3083,strain,noun,B1,3,6,緊張、負担,cefrj
3084,urgent,adj,B1,3,6,緊急の,cefrj+ai
3085,workshop,noun,B1,3,6,作業場、研修会,cefrj
3086,aboard,adv,B1,3,6,（乗り物に）乗って,cefrj+ai
3087,abstract,adj,B1,3,6,抽象的な、要約,cefrj
3088,accent,noun,B1,3,6,訛り,cefrj
3089,curve,noun,B1,3,6,曲線、カーブ,cefrj
3090,depressed,adj,B1,3,6,落ち込んだ、憂うつな,cefrj+ai
3091,encouraging,adj,B1,3,6,励みになる、勇気づける,cefrj+ai
3092,horn,noun,B1,3,6,角、クラクション,cefrj+ai
3093,inspection,noun,B1,3,6,検査、点検,cefrj+ai
3094,install,verb,B1,3,6,設置する、導入する,cefrj
3095,instruction,noun,B1,3,6,指導、使用説明書,cefrj
3096,invitation,noun,B1,3,6,招待、招待状,cefrj
3097,lean,adj,B1,3,6,傾く、もたれる,cefrj
3098,lecture,noun,B1,3,6,講義、講演する,cefrj
3099,meaningful,adj,B1,3,6,意味のある,cefrj
3100,northwest,adj,B1,3,6,北西の,cefrj+ai
3101,organ,noun,B1,3,6,オルガン,cefrj
3102,patrol,noun,B1,3,6,巡回、パトロール,cefrj+ai
3103,plug,noun,B1,3,6,プラグ、栓,cefrj
3104,thunder,noun,B1,3,6,雷鳴、雷,cefrj+ai
3105,tragedy,noun,B1,3,6,悲劇,cefrj+ai
3106,acquire,verb,B1,3,6,習得する、獲得する,cefrj
3107,alike,adj,B1,3,6,よく似た,cefrj+ai
3108,arrow,noun,B1,3,6,矢印,cefrj
3109,cabin,noun,B1,3,6,小屋、船室,cefrj+ai
3110,cage,noun,B1,3,6,かご、おり,cefrj+ai
3111,combine,verb,B1,3,6,結合させる、兼ねる,cefrj
3112,companion,noun,B1,3,6,仲間、連れ,cefrj+ai
3113,guilt,noun,B1,3,6,罪悪感、有罪,cefrj+ai
3114,haven,noun,B1,3,6,避難所、安息の地,cefrj+ai
3115,mere,adj,B1,3,6,ほんの、単なる,cefrj
3116,miracle,noun,B1,3,6,奇跡,cefrj+ai
3117,mud,noun,B1,3,6,泥,cefrj+ai
3118,observation,noun,B1,3,6,観察、所見,cefrj
3119,owe,verb,B1,3,6,借りがある、負っている,cefrj
3120,phenomenon,noun,B1,3,6,現象、事象,cefrj
3121,profession,noun,B1,3,6,専門職、職業,cefrj
3122,protective,adj,B1,3,6,保護の、守ろうとする,cefrj+ai
3123,publisher,noun,B1,3,6,出版社、発行者,cefrj
3124,separation,noun,B1,3,6,分離,cefrj
3125,surgeon,noun,B1,3,6,外科医,cefrj
3126,theft,noun,B1,3,6,盗み,cefrj+ai
3127,visa,noun,B1,3,6,ビザ、査証,cefrj+ai
3128,appreciation,noun,B1,3,6,感謝、鑑賞,cefrj+ai
3129,athletic,adj,B1,3,6,たくましい、強健な,cefrj
3130,charm,noun,B1,3,6,魅力、魔力,cefrj
3131,cruel,adj,B1,3,6,残酷な、ひどい,cefrj+ai
3132,curriculum,noun,B1,3,6,カリキュラム,cefrj
3133,deadline,noun,B1,3,6,締め切り,cefrj
3134,dive,noun,B1,3,6,飛び込み,cefrj+ai
3135,heal,verb,B1,3,6,治す、いやす,cefrj+ai
3136,jungle,noun,B1,3,6,ジャングル、密林,cefrj+ai
3137,occasional,adj,B1,3,6,時々の、たまの,cefrj+ai
3138,unfortunate,adj,B1,3,6,不運な、残念な,cefrj+ai
3139,attraction,noun,B1,3,6,引きつけるもの、魅力,cefrj
3140,defender,noun,B1,3,6,守る人、ディフェンダー,cefrj+ai
3141,eternal,adj,B1,3,6,永遠の,cefrj+ai
3142,keyboard,noun,B1,3,6,キーボード,cefrj+ai
3143,lasting,adj,B1,3,6,長続きする、永続的な,cefrj+ai
3144,mild,adj,B1,3,6,穏やかな、まろやかな,cefrj+ai
3145,preference,noun,B1,3,6,好み、優先権,cefrj
3146,proportion,noun,B1,3,6,割合、均衡,cefrj
3147,rage,noun,B1,3,6,激怒,cefrj+ai
3148,selfish,adj,B1,3,6,わがままな、自分勝手な,cefrj+ai
3149,silk,noun,B1,3,6,絹、シルク,cefrj+ai
3150,urge,noun,B1,3,6,促す、強く勧める,cefrj
3151,citizenship,noun,B1,3,6,市民権、国籍,cefrj+ai
3152,cliff,noun,B1,3,6,がけ,cefrj+ai
3153,declaration,noun,B1,3,6,宣言、申告,cefrj+ai
3154,distinction,noun,B1,3,6,区別、卓越,cefrj
3155,faithful,adj,B1,3,6,誠実な、信頼できる,cefrj+ai
3156,hunger,noun,B1,3,6,飢え、空腹,cefrj
3157,laughter,noun,B1,3,6,笑い、笑い声,cefrj
3158,lung,noun,B1,3,6,肺,cefrj
3159,nutrition,noun,B1,3,6,栄養,cefrj+ai
3160,severely,adv,B1,3,6,ひどく、厳しく,cefrj+ai
3161,shocking,adj,B1,3,6,衝撃的な、ひどい,cefrj+ai
3162,southwest,adj,B1,3,6,南西の,cefrj+ai
3163,delighted,adj,B1,3,6,大喜びの,cefrj+ai
3164,forecast,noun,B1,3,6,予報、予測する,cefrj
3165,intend,verb,B1,3,6,意図する、〜するつもりだ,cefrj
3166,lighter,noun,B1,3,6,ライター,cefrj+ai
3167,slot,noun,B1,3,6,細長い穴、地位、時間枠,cefrj
3168,surprisingly,adv,B1,3,6,驚いたことに、意外に,cefrj
3169,approve,verb,B1,3,6,賛成する、承認する,cefrj
3170,architect,noun,B1,3,6,建築家,cefrj
3171,basin,noun,B1,3,6,たらい、盆地,cefrj
3172,breed,verb,B1,3,6,繁殖させる、育てる,cefrj
3173,breeding,noun,B1,3,6,繁殖、飼育,cefrj+ai
3174,confirmation,noun,B1,3,6,確認,cefrj+ai
3175,diameter,noun,B1,3,6,直径,cefrj
3176,dump,noun,B1,3,6,ごみ捨て場,cefrj+ai
3177,exhausted,adj,B1,3,6,疲れ切った,cefrj+ai
3178,fold,noun,B1,3,6,折り畳む、包む,cefrj
3179,frustrated,adj,B1,3,6,いらだった、欲求不満の,cefrj+ai
3180,glorious,adj,B1,3,6,輝かしい、すばらしい,cefrj+ai
3181,inevitable,adj,B1,3,6,避けられない,cefrj+ai
3182,lodge,noun,B1,3,6,山小屋、ロッジ,cefrj+ai
3183,merchant,noun,B1,3,6,商人,cefrj+ai
3184,myth,noun,B1,3,6,神話,cefrj
3185,overwhelming,adj,B1,3,6,圧倒的な,cefrj+ai
3186,pale,adj,B1,3,6,青白い、淡い,cefrj
3187,permanently,adv,B1,3,6,永久に,cefrj+ai
3188,poison,noun,B1,3,6,毒,cefrj+ai
3189,tragic,adj,B1,3,6,悲劇的な,cefrj+ai
3190,unbelievable,adj,B1,3,6,信じられない,cefrj+ai
3191,altogether,adv,B1,3,6,全く、全部で,cefrj
3192,animated,adj,B1,3,6,生き生きとした、アニメの,cefrj+ai
3193,beard,noun,B1,3,6,あごひげ,cefrj+ai
3194,excellence,noun,B1,3,6,優秀さ、卓越,cefrj+ai
3195,freely,adv,B1,3,6,自由に,cefrj
3196,graduation,noun,B1,3,6,卒業,cefrj+ai
3197,horizon,noun,B1,3,6,地平線、水平線、視野、層位,cefrj
3198,ink,noun,B1,3,6,インク,cefrj+ai
3199,miserable,adj,B1,3,6,みじめな、不幸な,cefrj+ai
3200,motorcycle,noun,B1,3,6,オートバイ,cefrj+ai
3201,penny,noun,B1,3,6,ペニー、1セント銅貨,cefrj+ai
3202,quantity,noun,B1,3,6,量、分量,cefrj
3203,scan,noun,B1,3,6,細かく調べる、走査する,cefrj
3204,scare,verb,B1,3,6,怖がらせる、おびえる,cefrj
3205,supporter,noun,B1,3,6,支持者、応援者,cefrj
3206,tremendous,adj,B1,3,6,途方もない,cefrj
3207,adorable,adj,B1,3,6,とてもかわいい,cefrj+ai
3208,ambulance,noun,B1,3,6,救急車,cefrj+ai
3209,ashamed,adj,B1,3,6,恥じて、気恥ずかしい,cefrj
3210,blessing,noun,B1,3,6,恵み、祝福,cefrj+ai
3211,demonstration,noun,B1,3,6,実演、デモ行進,cefrj
3212,intensive,adj,B1,3,6,激しい、集中的な,cefrj
3213,northeast,adj,B1,3,6,北東の,cefrj+ai
3214,observe,verb,B1,3,6,観察する、遵守する,cefrj
3215,packing,noun,B1,3,6,荷造り,cefrj+ai
3216,password,noun,B1,3,6,パスワード,cefrj+ai
3217,rational,adj,B1,3,6,合理的な,cefrj
3218,spectacular,adj,B1,3,6,壮観な、目を見張る,cefrj+ai
3219,technological,adj,B1,3,6,科学技術の,cefrj+ai
3220,traditionally,adv,B1,3,6,伝統的に,cefrj
3221,accomplish,verb,B1,3,6,成し遂げる、成就する,cefrj
3222,apology,noun,B1,3,6,謝罪、おわび,cefrj+ai
3223,brass,noun,B1,3,6,真ちゅう、金管楽器,cefrj+ai
3224,declare,verb,B1,3,6,宣言する、申告する,cefrj
3225,dot,noun,B1,3,6,点,cefrj+ai
3226,embarrassed,adj,B1,3,6,きまりが悪い、恥ずかしい思いの,cefrj+ai
3227,freezing,adj,B1,3,6,凍えるほど寒い,cefrj+ai
3228,graph,noun,B1,3,6,図表、グラフ,cefrj
3229,hatred,noun,B1,3,6,憎しみ,cefrj+ai
3230,interact,verb,B1,3,6,相互に作用する,cefrj
3231,measurement,noun,B1,3,6,測定、寸法,cefrj
3232,passport,noun,B1,3,6,パスポート,cefrj+ai
3233,supportive,adj,B1,3,6,協力的な、支えになる,cefrj+ai
3234,tablet,noun,B1,3,6,タブレット、錠剤,cefrj+ai
3235,tent,noun,B1,3,6,テント、天幕,cefrj
3236,tide,noun,B1,3,6,潮、潮の流れ,cefrj+ai
3237,airline,noun,B1,3,6,航空会社,cefrj
3238,bust,verb,B1,3,6,壊す、逮捕する,cefrj+ai
3239,collar,noun,B1,3,6,えり、首輪,cefrj+ai
3240,divorced,adj,B1,3,6,離婚した,cefrj+ai
3241,emotionally,adv,B1,3,6,感情的に、心の面で,cefrj+ai
3242,flavor,noun,B1,3,6,風味、味,cefrj+ai
3243,intermediate,adj,B1,3,6,中級の、中間の,cefrj
3244,magnificent,adj,B1,3,6,壮大な、見事な,cefrj+ai
3245,nonetheless,adv,B1,3,6,それにもかかわらず,cefrj
3246,shallow,adj,B1,3,6,浅い,cefrj
3247,sponsor,noun,B1,3,6,後援者、広告主,cefrj
3248,strengthen,verb,B1,3,6,強める、強化する,cefrj
3249,sunset,noun,B1,3,6,日没、夕日,cefrj+ai
3250,transform,verb,B1,3,6,変形させる、一変させる,cefrj
3251,workplace,noun,B1,3,6,職場,cefrj+ai
3252,buyer,noun,B1,3,6,買い手、仕入れ係,cefrj
3253,differ,verb,B1,3,6,異なる、意見が合わない,cefrj
3254,eager,adj,B1,3,6,熱心な、〜したがって,cefrj+ai
3255,essence,noun,B1,3,6,本質,cefrj
3256,fur,noun,B1,3,6,毛皮,cefrj+ai
3257,headline,noun,B1,3,6,見出し,cefrj+ai
3258,insist,verb,B1,3,6,主張する、強く要求する,cefrj
3259,ladder,noun,B1,3,6,はしご,cefrj+ai
3260,mineral,noun,B1,3,6,鉱物,cefrj
3261,orbit,noun,B1,3,6,軌道,cefrj+ai
3262,passive,adj,B1,3,6,受け身の、消極的な,cefrj+ai
3263,pork,noun,B1,3,6,豚肉,cefrj+ai
3264,reject,verb,B1,3,6,拒絶する、断る,cefrj
3265,remainder,noun,B1,3,6,残り,cefrj+ai
3266,tin,noun,B1,3,6,すず、缶,cefrj+ai
3267,uncertainty,noun,B1,3,6,不確実さ、不安,cefrj
3268,abandon,verb,B1,3,6,捨てる、見捨てる,cefrj
3269,bounce,verb,B1,3,6,はねる、弾む,cefrj+ai
3270,confusing,adj,B1,3,6,ややこしい、まぎらわしい,cefrj+ai
3271,diving,noun,B1,3,6,潜水、ダイビング,cefrj+ai
3272,enthusiasm,noun,B1,3,6,熱意、熱中,cefrj+ai
3273,ferry,noun,B1,3,6,フェリー、渡し船,cefrj+ai
3274,helmet,noun,B1,3,6,ヘルメット,cefrj+ai
3275,instructor,noun,B1,3,6,指導者、インストラクター,cefrj+ai
3276,isolation,noun,B1,3,6,孤立,cefrj+ai
3277,lamb,noun,B1,3,6,子羊、ラム肉,cefrj+ai
3278,liar,noun,B1,3,6,うそつき,cefrj+ai
3279,possess,verb,B1,3,6,所有する、持つ,cefrj
3280,probability,noun,B1,3,6,見込み、確率,cefrj
3281,tire,verb,B1,3,6,疲れさせる、タイヤ,cefrj
3282,warn,verb,B1,3,6,警告する、注意する,cefrj
3283,workout,noun,B1,3,6,運動、ワークアウト,cefrj+ai
3284,civilization,noun,B1,3,6,文明,cefrj
3285,delicate,adj,B1,3,6,繊細な、壊れやすい,cefrj+ai
3286,disappointment,noun,B1,3,6,失望,cefrj+ai
3287,disk,noun,B1,3,6,円盤、ディスク,cefrj
3288,formally,adv,B1,3,6,正式に,cefrj
3289,goddess,noun,B1,3,6,女神,cefrj+ai
3290,nephew,noun,B1,3,6,おい,cefrj+ai
3291,orchestra,noun,B1,3,6,オーケストラ,cefrj+ai
3292,preservation,noun,B1,3,6,保存、保護,cefrj+ai
3293,salmon,noun,B1,3,6,サケ,cefrj+ai
3294,secretly,adv,B1,3,6,こっそり、ひそかに,cefrj+ai
3295,sheer,adj,B1,3,6,全くの、純粋な,cefrj+ai
3296,specially,adv,B1,3,6,特別に,cefrj+ai
3297,sympathy,noun,B1,3,6,同情、共感,cefrj+ai
3298,thumb,noun,B1,3,6,親指,cefrj
3299,wrist,noun,B1,3,6,手首,cefrj+ai
3300,arrange,verb,B1,3,6,手配する、整頓する,cefrj
3301,behave,verb,B1,3,6,振る舞う、行儀よくする,cefrj
3302,firmly,adv,B1,3,6,固く、しっかりと,cefrj
3303,indirect,adj,B1,3,6,間接的な,cefrj
3304,inspire,verb,B1,3,6,奮起させる、刺激する,cefrj
3305,kindness,noun,B1,3,6,親切、優しさ,cefrj+ai
3306,lottery,noun,B1,3,6,宝くじ,cefrj+ai
3307,pause,noun,B1,3,6,休止する、立ち止まる,cefrj
3308,prescription,noun,B1,3,6,処方せん,cefrj+ai
3309,puppy,noun,B1,3,6,子犬,cefrj+ai
3310,spelling,noun,B1,3,6,つづり,cefrj+ai
3311,survivor,noun,B1,3,6,生存者,cefrj+ai
3312,accurately,adv,B1,3,6,正確に,cefrj
3313,bent,adj,B1,3,6,曲がった,cefrj+ai
3314,deaf,adj,B1,3,6,耳の聞こえない,cefrj+ai
3315,evident,adj,B1,3,6,明らかな,cefrj
3316,honesty,noun,B1,3,6,正直,cefrj+ai
3317,mediterranean,noun,B1,3,6,地中海,cefrj+ai
3318,negotiate,verb,B1,3,6,交渉する、協議する,cefrj
3319,propose,verb,B1,3,6,提案する、申し出る,cefrj
3320,sore,adj,B1,3,6,痛い、ひりひりする,cefrj+ai
3321,steep,adj,B1,3,6,急な、険しい,cefrj+ai
3322,straw,noun,B1,3,6,わら、ストロー,cefrj+ai
3323,upload,verb,B1,3,6,アップロードする,cefrj+ai
3324,absent,adj,B1,3,6,欠席の、不在の,cefrj+ai
3325,adapt,verb,B1,3,6,適応させる、順応する,cefrj
3326,atomic,adj,B1,3,6,原子の,cefrj
3327,bump,verb,B1,3,6,ぶつかる、ぶつける,cefrj+ai
3328,circus,noun,B1,3,6,サーカス,cefrj+ai
3329,construct,verb,B1,3,6,建設する、組み立てる,cefrj
3330,expose,verb,B1,3,6,さらす、暴露する,cefrj
3331,freshman,noun,B1,3,6,新入生、1年生,cefrj+ai
3332,geography,noun,B1,3,6,地理,cefrj+ai
3333,habitat,noun,B1,3,6,生息地,cefrj
3334,hazard,noun,B1,3,6,危険、危険物,cefrj+ai
3335,needle,noun,B1,3,6,針,cefrj+ai
3336,pond,noun,B1,3,6,池,cefrj+ai
3337,whale,noun,B1,3,6,クジラ,cefrj+ai
3338,caution,noun,B1,3,6,用心、慎重さ,cefrj+ai
3339,characteristic,noun,B1,3,6,特徴、特徴的な,cefrj
3340,continuously,adv,B1,3,6,途切れなく、連続して,cefrj+ai
3341,curiosity,noun,B1,3,6,好奇心,cefrj+ai
3342,delight,noun,B1,3,6,大喜び、喜ばせる,cefrj
3343,fortunate,adj,B1,3,6,幸運な、恵まれた,cefrj
3344,frustration,noun,B1,3,6,欲求不満、いらだち,cefrj+ai
3345,handy,adj,B1,3,6,使いやすい、手近な,cefrj+ai
3346,memorable,adj,B1,3,6,記憶に残る,cefrj+ai
3347,suspicion,noun,B1,3,6,疑い,cefrj+ai
3348,thorough,adj,B1,3,6,徹底的な,cefrj+ai
3349,circular,adj,B1,3,6,円形の,cefrj+ai
3350,comedian,noun,B1,3,6,お笑い芸人、コメディアン,cefrj+ai
3351,countless,adj,B1,3,6,数えきれない,cefrj+ai
3352,flu,noun,B1,3,6,インフルエンザ,cefrj+ai
3353,forbidden,adj,B1,3,6,禁じられた,cefrj+ai
3354,lightly,adv,B1,3,6,軽く,cefrj+ai
3355,marble,noun,B1,3,6,大理石,cefrj
3356,melt,verb,B1,3,6,溶ける,cefrj+ai
3357,pillow,noun,B1,3,6,まくら,cefrj+ai
3358,puzzle,noun,B1,3,6,困らせる、当惑する、パズル,cefrj
3359,scholar,noun,B1,3,6,学者,cefrj
3360,socially,adv,B1,3,6,社会的に,cefrj
3361,stir,verb,B1,3,6,かき混ぜる、呼び起こす,cefrj
3362,stuffed,adj,B1,3,6,詰め物をした、満腹の,cefrj+ai
3363,supposedly,adv,B1,3,6,たぶん,cefrj
3364,tendency,noun,B1,3,6,傾向、風潮,cefrj
3365,triumph,noun,B1,3,6,大勝利、勝利,cefrj+ai
3366,ambitious,adj,B1,3,6,野心的な、意欲的な,cefrj+ai
3367,annoyed,adj,B1,3,6,いらいらした,cefrj+ai
3368,blend,verb,B1,3,6,混ぜる、調和する,cefrj+ai
3369,correction,noun,B1,3,6,訂正,cefrj
3370,cough,verb,B1,3,6,咳をする、咳,cefrj
3371,critic,noun,B1,3,6,批評家、評論家,cefrj
3372,feast,noun,B1,3,6,ごちそう、祝宴,cefrj+ai
3373,frost,noun,B1,3,6,霜,cefrj+ai
3374,internationally,adv,B1,3,6,国際的に,cefrj+ai
3375,meditation,noun,B1,3,6,めい想,cefrj+ai
3376,punish,verb,B1,3,6,罰する,cefrj
3377,purse,noun,B1,3,6,小銭入れ、ハンドバッグ,cefrj+ai
3378,reservation,noun,B1,3,6,予約,cefrj+ai
3379,sigh,noun,B1,3,6,ため息をつく、ため息,cefrj
3380,tense,adj,B1,3,6,緊張した、ピンと張った,cefrj
3381,adviser,noun,B1,3,6,顧問、相談役,cefrj
3382,consequently,adv,B1,3,6,その結果として、従って,cefrj
3383,dull,adj,B1,3,6,鈍い、さえない,cefrj+ai
3384,idol,noun,B1,3,6,アイドル、偶像,cefrj+ai
3385,incorrect,adj,B1,3,6,正しくない、間違った,cefrj+ai
3386,leap,verb,B1,3,6,跳ぶ、跳躍する,cefrj
3387,locate,verb,B1,3,6,位置づける、見つける,cefrj
3388,motive,noun,B1,3,6,動機,cefrj
3389,refund,noun,B1,3,6,払い戻し、返金,cefrj+ai
3390,spice,noun,B1,3,6,香辛料、スパイス,cefrj+ai
3391,terrified,adj,B1,3,6,ひどくおびえた,cefrj+ai
3392,arise,verb,B1,3,6,生じる、起こる,cefrj
3393,bore,verb,B1,3,6,退屈させる,cefrj
3394,dial,noun,B1,3,6,ダイヤル、文字盤,cefrj+ai
3395,ginger,noun,B1,3,6,ショウガ,cefrj+ai
3396,jar,noun,B1,3,6,びん、つぼ,cefrj+ai
3397,monk,noun,B1,3,6,修道士、僧,cefrj+ai
3398,occupy,verb,B1,3,6,占める、占領する,cefrj
3399,old-fashioned,adj,B1,3,6,昔風の、時代遅れの,cefrj+ai
3400,sleeve,noun,B1,3,6,そで,cefrj+ai
3401,thankful,adj,B1,3,6,感謝している,cefrj+ai
3402,translate,verb,B1,3,6,翻訳する、解釈する,cefrj
3403,unclear,adj,B1,3,6,不明瞭な、判然としない,cefrj
3404,wizard,adj,B1,3,6,魔法使いの,cefrj+ai
3405,affection,noun,B1,3,6,愛情,cefrj+ai
3406,beautifully,adv,B1,3,6,美しく、見事に,cefrj+ai
3407,debris,noun,B1,3,6,がれき、破片,cefrj+ai
3408,educate,verb,B1,3,6,教育する、指導する,cefrj
3409,gratitude,noun,B1,3,6,感謝の気持ち,cefrj+ai
3410,outline,verb,B1,3,6,輪郭、要綱を述べる,cefrj
3411,researcher,noun,B1,3,6,研究者、調査員,cefrj
3412,runway,noun,B1,3,6,滑走路,cefrj+ai
3413,sculpture,noun,B1,3,6,彫刻,cefrj+ai
3414,wax,noun,B1,3,6,ろう、ワックス,cefrj+ai
3415,alcoholic,adj,B1,3,6,アルコールの、酒の,cefrj+ai
3416,amazed,adj,B1,3,6,びっくりした,cefrj+ai
3417,compliment,noun,B1,3,6,ほめ言葉,cefrj+ai
3418,continually,adv,B1,3,6,絶えず、しきりに,cefrj+ai
3419,enjoyable,adj,B1,3,6,楽しい、愉快な,cefrj+ai
3420,fountain,noun,B1,3,6,噴水、泉,cefrj+ai
3421,glance,noun,B1,3,6,ちらりと見る、一瞥,cefrj
3422,liberation,noun,B1,3,6,解放,cefrj+ai
3423,nationalist,noun,B1,3,6,民族主義者、国家主義者,cefrj+ai
3424,nickname,noun,B1,3,6,あだ名、ニックネーム,cefrj+ai
3425,prosperity,noun,B1,3,6,繁栄,cefrj+ai
3426,shortage,noun,B1,3,6,不足,cefrj+ai
3427,sphere,noun,B1,3,6,球体、天体,cefrj
3428,stare,verb,B1,3,6,じっと見つめる、凝視する,cefrj
3429,terribly,adv,B1,3,6,ひどく,cefrj
3430,thriller,noun,B1,3,6,スリラー,cefrj+ai
3431,toss,verb,B1,3,6,放り投げる、軽く投げる,cefrj+ai
3432,turtle,noun,B1,3,6,カメ,cefrj+ai
3433,conclude,verb,B1,3,6,結論づける、終える,cefrj
3434,gesture,noun,B1,3,6,身振り、ジェスチャー,cefrj
3435,historian,noun,B1,3,6,歴史家,cefrj
3436,moisture,noun,B1,3,6,湿気、水分,cefrj+ai
3437,monument,noun,B1,3,6,記念碑,cefrj+ai
3438,peanut,noun,B1,3,6,ピーナッツ,cefrj+ai
3439,rebuild,verb,B1,3,6,再建する、建て直す,cefrj+ai
3440,relaxing,adj,B1,3,6,くつろげる、リラックスできる,cefrj+ai
3441,sensation,noun,B1,3,6,感覚,cefrj
3442,slope,noun,B1,3,6,坂、傾斜面,cefrj
3443,terrific,adj,B1,3,6,すばらしい、ものすごい,cefrj+ai
3444,unemployed,adj,B1,3,6,失業した、失業者,cefrj
3445,unite,verb,B1,3,6,結合する、団結する,cefrj
3446,vet,noun,B1,3,6,獣医,cefrj+ai
3447,wagon,noun,B1,3,6,荷馬車、ワゴン,cefrj+ai
3448,biography,noun,B1,3,6,伝記,cefrj+ai
3449,cod,noun,B1,3,6,タラ,cefrj+ai
3450,counseling,noun,B1,3,6,カウンセリング、相談,cefrj+ai
3451,destructive,adj,B1,3,6,破壊的な,cefrj+ai
3452,emerge,verb,B1,3,6,現れる、浮上する,cefrj
3453,farewell,noun,B1,3,6,別れ、送別,cefrj+ai
3454,fond,adj,B1,3,6,〜が好きな、優しい,cefrj+ai
3455,foolish,adj,B1,3,6,愚かな、ばかげた,cefrj+ai
3456,gifted,adj,B1,3,6,才能のある,cefrj+ai
3457,landlord,noun,B1,3,6,家主、大家,cefrj+ai
3458,misery,noun,B1,3,6,みじめさ、苦しみ,cefrj+ai
3459,moss,noun,B1,3,6,コケ,cefrj+ai
3460,positively,adv,B1,3,7,確実に、前向きに,cefrj
3461,trim,noun,B1,3,7,手入れ、刈り込み,cefrj+ai
3462,voyage,noun,B1,3,7,航海、船旅,cefrj+ai
3463,attachment,noun,B1,3,7,愛着、添付ファイル,cefrj
3464,candle,noun,B1,3,7,ろうそく,cefrj+ai
3465,choir,noun,B1,3,7,合唱団、聖歌隊,cefrj+ai
3466,consume,verb,B1,3,7,消費する、使い果たす,cefrj
3467,gossip,noun,B1,3,7,うわさ話,cefrj+ai
3468,mankind,noun,B1,3,7,人類,cefrj+ai
3469,sadness,noun,B1,3,7,悲しみ,cefrj+ai
3470,shiny,adj,B1,3,7,ぴかぴかの、光る,cefrj+ai
3471,sour,adj,B1,3,7,すっぱい,cefrj+ai
3472,stressful,adj,B1,3,7,ストレスの多い,cefrj+ai
3473,whistle,noun,B1,3,7,口笛、笛,cefrj+ai
3474,appetite,noun,B1,3,7,食欲,cefrj+ai
3475,calculate,verb,B1,3,7,計算する、算出する,cefrj
3476,distinguish,verb,B1,3,7,区別する、識別する,cefrj
3477,dynasty,noun,B1,3,7,王朝,cefrj+ai
3478,extensively,adv,B1,3,7,広く、大規模に,cefrj+ai
3479,forehead,noun,B1,3,7,額、おでこ,cefrj+ai
3480,illegally,adv,B1,3,7,不法に、違法に,cefrj+ai
3481,messy,adj,B1,3,7,散らかった、めちゃくちゃな,cefrj+ai
3482,pharmacy,noun,B1,3,7,薬局,cefrj+ai
3483,rubbish,noun,B1,3,7,ごみ、くだらないもの,cefrj+ai
3484,systematic,adj,B1,3,7,体系的な、組織的な,cefrj
3485,vague,adj,B1,3,7,ぼんやりした,cefrj
3486,abundance,noun,B1,3,7,豊富、多量,cefrj+ai
3487,ant,noun,B1,3,7,アリ,cefrj+ai
3488,antique,noun,B1,3,7,骨董品、アンティーク,cefrj+ai
3489,booking,noun,B1,3,7,予約,cefrj+ai
3490,curtain,noun,B1,3,7,カーテン、幕,cefrj
3491,fade,verb,B1,3,7,衰える、薄れる,cefrj
3492,maple,noun,B1,3,7,カエデ,cefrj+ai
3493,referee,noun,B1,3,7,審判、レフェリー,cefrj+ai
3494,allowance,noun,B1,3,7,こづかい、手当,cefrj+ai
3495,bark,noun,B1,3,7,樹皮、ほえ声,cefrj+ai
3496,blogger,noun,B1,3,7,ブロガー,cefrj+ai
3497,brotherhood,noun,B1,3,7,兄弟愛、仲間意識,cefrj+ai
3498,builder,noun,B1,3,7,建築業者、大工,cefrj+ai
3499,carriage,noun,B1,3,7,馬車、客車,cefrj+ai
3500,constitute,verb,B1,3,7,構成する、制定する,cefrj
3501,devastating,adj,B1,3,7,壊滅的な、ひどい,cefrj+ai
3502,diagram,noun,B1,3,7,図,cefrj
3503,farther,adv,B1,3,7,もっと遠くに,cefrj+ai
3504,favorable,adj,B1,3,7,好意的な、有利な,cefrj+ai
3505,geographical,adj,B1,3,7,地理的な,cefrj+ai
3506,ivory,noun,B1,3,7,象牙,cefrj+ai
3507,necklace,noun,B1,3,7,ネックレス,cefrj+ai
3508,spiral,adj,B1,3,7,らせん状の,cefrj+ai
3509,timely,adj,B1,3,7,ちょうどよい時の、適時の,cefrj+ai
3510,yell,noun,B1,3,7,叫び声、大声,cefrj+ai
3511,analyze,verb,B1,3,7,分析する、分解する,cefrj
3512,elbow,noun,B1,3,7,ひじ,cefrj+ai
3513,enthusiastic,adj,B1,3,7,熱心な、熱狂的な,cefrj+ai
3514,genetics,noun,B1,3,7,遺伝学,cefrj
3515,grill,noun,B1,3,7,焼き網、グリル,cefrj+ai
3516,heel,noun,B1,3,7,かかと,cefrj+ai
3517,hut,noun,B1,3,7,小屋、山小屋,cefrj+ai
3518,steadily,adv,B1,3,7,着実に、しだいに,cefrj+ai
3519,tasty,adj,B1,3,7,おいしい,cefrj+ai
3520,teammate,noun,B1,3,7,チームメイト,cefrj+ai
3521,afterward,adv,B1,3,7,その後,cefrj
3522,applause,noun,B1,3,7,拍手,cefrj
3523,bald,adj,B1,3,7,はげた,cefrj+ai
3524,breakthrough,noun,B1,3,7,大発見、突破口,cefrj+ai
3525,convey,verb,B1,3,7,伝える、運ぶ,cefrj+ai
3526,depressing,adj,B1,3,7,気がめいる、憂うつな,cefrj+ai
3527,entertain,verb,B1,3,7,楽しませる、もてなす,cefrj
3528,isle,noun,B1,3,7,島,cefrj+ai
3529,notorious,adj,B1,3,7,悪名高い,cefrj+ai
3530,reef,noun,B1,3,7,さんご礁、岩礁,cefrj+ai
3531,refusal,noun,B1,3,7,拒否、断ること,cefrj+ai
3532,shave,verb,B1,3,7,ひげをそる、そる,cefrj+ai
3533,sickness,noun,B1,3,7,病気、吐き気,cefrj+ai
3534,telecommunications,noun,B1,3,7,電気通信,cefrj+ai
3535,accidental,adj,B1,3,7,偶然の、思いがけない,cefrj+ai
3536,certainty,noun,B1,3,7,確実さ、確信,cefrj+ai
3537,despair,noun,B1,3,7,絶望,cefrj+ai
3538,electron,noun,B1,3,7,電子,cefrj
3539,endure,verb,B1,3,7,耐える、我慢する,cefrj+ai
3540,hatch,noun,B1,3,7,ハッチ、出入り口,cefrj+ai
3541,intentionally,adv,B1,3,7,わざと、意図的に,cefrj+ai
3542,murderer,noun,B1,3,7,殺人犯,cefrj+ai
3543,nap,noun,B1,3,7,昼寝,cefrj+ai
3544,niece,noun,B1,3,7,めい,cefrj+ai
3545,persuade,verb,B1,3,7,説得する、納得させる,cefrj
3546,rainfall,noun,B1,3,7,降雨,cefrj
3547,remedy,noun,B1,3,7,治療法、解決策,cefrj+ai
3548,revision,noun,B1,3,7,修正、見直し,cefrj+ai
3549,sunrise,noun,B1,3,7,日の出,cefrj+ai
3550,tornado,noun,B1,3,7,竜巻,cefrj+ai
3551,willingness,noun,B1,3,7,進んでする気持ち,cefrj+ai
3552,absorb,verb,B1,3,7,吸収する,cefrj
3553,accompany,verb,B1,3,7,同行する、伴奏する,cefrj
3554,competitor,noun,B1,3,7,競争相手、ライバル,cefrj
3555,dioxide,noun,B1,3,7,二酸化,cefrj
3556,enjoyment,noun,B1,3,7,楽しみ、喜び,cefrj+ai
3557,glimpse,noun,B1,3,7,ちらりと見ること,cefrj+ai
3558,pupil,noun,B1,3,7,生徒、瞳孔,cefrj
3559,rotten,adj,B1,3,7,腐った,cefrj+ai
3560,spoil,verb,B1,3,7,だめにする、甘やかす,cefrj+ai
3561,submarine,noun,B1,3,7,潜水艦,cefrj+ai
3562,temper,noun,B1,3,7,気性、かんしゃく,cefrj+ai
3563,undergo,verb,B1,3,7,経験する、受ける,cefrj
3564,coffin,noun,B1,3,7,棺、ひつぎ,cefrj+ai
3565,crow,noun,B1,3,7,カラス,cefrj+ai
3566,eternity,noun,B1,3,7,永遠,cefrj+ai
3567,luggage,noun,B1,3,7,旅行かばん、荷物,cefrj+ai
3568,minimize,verb,B1,3,7,最小限にする,cefrj
3569,performer,noun,B1,3,7,演奏者、出演者,cefrj+ai
3570,primitive,adj,B1,3,7,原始的な,cefrj
3571,restrict,verb,B1,3,7,制限する、限定する,cefrj
3572,seize,verb,B1,3,7,つかむ、奪い取る,cefrj+ai
3573,skeleton,noun,B1,3,7,骸骨、骨格,cefrj+ai
3574,spicy,adj,B1,3,7,ぴりっと辛い,cefrj+ai
3575,sticky,adj,B1,3,7,べとべとした、ねばねばした,cefrj+ai
3576,tick,noun,B1,3,7,チェック印、カチカチ音,cefrj+ai
3577,unrelated,adj,B1,3,7,関係のない,cefrj+ai
3578,wardrobe,noun,B1,3,7,洋服だんす、衣装,cefrj+ai
3579,warmth,noun,B1,3,7,暖かさ、温かみ,cefrj+ai
3580,bulletin,noun,B1,3,7,掲示、ニュース速報,cefrj+ai
3581,cautious,adj,B1,3,7,用心深い、慎重な,cefrj+ai
3582,distribute,verb,B1,3,7,分配する、配布する,cefrj
3583,encouragement,noun,B1,3,7,励まし,cefrj+ai
3584,goalkeeper,noun,B1,3,7,ゴールキーパー,cefrj+ai
3585,hesitate,verb,B1,3,7,ためらう、躊躇する,cefrj
3586,hopeful,adj,B1,3,7,希望に満ちた、期待している,cefrj+ai
3587,imaginary,adj,B1,3,7,想像上の、架空の,cefrj+ai
3588,mechanic,noun,B1,3,7,機械工,cefrj
3589,modify,verb,B1,3,7,修正する、修飾する,cefrj
3590,northwestern,adj,B1,3,7,北西の,cefrj+ai
3591,oppression,noun,B1,3,7,抑圧、圧迫,cefrj+ai
3592,prejudice,noun,B1,3,7,偏見,cefrj
3593,shrimp,noun,B1,3,7,小エビ,cefrj+ai
3594,stall,noun,B1,3,7,屋台、売店,cefrj+ai
3595,surround,verb,B1,3,7,囲む、包囲する,cefrj
3596,allergic,adj,B1,3,7,アレルギーの,cefrj+ai
3597,backpack,noun,B1,3,7,リュックサック,cefrj+ai
3598,daisy,noun,B1,3,7,ヒナギク、デイジー,cefrj+ai
3599,definite,adj,B1,3,7,明確な、限定的な,cefrj
3600,ecological,adj,B1,3,7,生態学的な,cefrj
3601,ecosystem,noun,B1,3,7,生態系,cefrj+ai
3602,faint,adj,B1,3,7,かすかな、弱い,cefrj+ai
3603,greenhouse,noun,B1,3,7,温室,cefrj+ai
3604,jade,noun,B1,3,7,ひすい,cefrj+ai
3605,negotiation,noun,B1,3,7,交渉、話し合い,cefrj
3606,newborn,adj,B1,3,7,生まれたばかりの,cefrj+ai
3607,parental,adj,B1,3,7,親の,cefrj
3608,participant,noun,B1,3,7,参加者,cefrj
3609,phantom,adj,B1,3,7,幻の、幽霊の,cefrj+ai
3610,queue,noun,B1,3,7,行列、列,cefrj+ai
3611,unwanted,adj,B1,3,7,望まれない、不要な,cefrj+ai
3612,vegetarian,adj,B1,3,7,菜食主義の,cefrj+ai
3613,abundant,adj,B1,3,7,豊富な、たくさんの,cefrj+ai
3614,complement,noun,B1,3,7,補足、 補足する、 完全にする,cefrj
3615,conquer,verb,B1,3,7,征服する、克服する,cefrj+ai
3616,delightful,adj,B1,3,7,楽しい、すてきな,cefrj+ai
3617,embarrassment,noun,B1,3,7,恥ずかしさ、困惑,cefrj+ai
3618,herd,noun,B1,3,7,家畜の群れ,cefrj+ai
3619,interval,noun,B1,3,7,間隔、区間,cefrj
3620,objection,noun,B1,3,7,異議,cefrj
3621,prohibition,noun,B1,3,7,禁止,cefrj+ai
3622,vein,noun,B1,3,7,静脈,cefrj
3623,accountant,noun,B1,3,7,会計士,cefrj+ai
3624,amusing,adj,B1,3,7,おもしろい、笑える,cefrj+ai
3625,calculation,noun,B1,3,7,計算,cefrj
3626,extinction,noun,B1,3,7,絶滅,cefrj+ai
3627,geology,noun,B1,3,7,地質学,cefrj+ai
3628,heavenly,adj,B1,3,7,天国の、すばらしい,cefrj+ai
3629,recycling,noun,B1,3,7,リサイクル,cefrj+ai
3630,stubborn,adj,B1,3,7,頑固な,cefrj+ai
3631,tightly,adv,B1,3,7,しっかりと、きつく,cefrj+ai
3632,unusually,adv,B1,3,7,異常に、いつになく,cefrj+ai
3633,volcano,noun,B1,3,7,火山,cefrj+ai
3634,attach,verb,B1,3,7,取りつける、添付する,cefrj
3635,butcher,noun,B1,3,7,肉屋,cefrj+ai
3636,deed,noun,B1,3,7,行い、行為,cefrj+ai
3637,gallon,noun,B1,3,7,ガロン,cefrj+ai
3638,gown,noun,B1,3,7,ガウン、ドレス,cefrj+ai
3639,lifelong,adj,B1,3,7,一生の、生涯の,cefrj+ai
3640,noticeable,adj,B1,3,7,目につく、はっきりわかる,cefrj+ai
3641,vivid,adj,B1,3,7,鮮やかな、生き生きした,cefrj+ai
3642,auxiliary,adj,B1,3,7,補助の,cefrj+ai
3643,baggage,noun,B1,3,7,手荷物,cefrj+ai
3644,ecology,noun,B1,3,7,生態学,cefrj
3645,ingredient,noun,B1,3,7,材料、成分,cefrj+ai
3646,nod,noun,B1,3,7,うなずき、会釈,cefrj+ai
3647,vain,adj,B1,3,7,うぬぼれた、むだな,cefrj+ai
3648,whisper,noun,B1,3,7,ささやく、小声で話す,cefrj
3649,worthwhile,adj,B1,3,7,価値のある、やりがいのある,cefrj+ai
3650,devotion,noun,B1,3,7,愛情、献身,cefrj+ai
3651,owing,adj,B1,3,7,借りがある、未払いの,cefrj+ai
3652,popcorn,noun,B1,3,7,ポップコーン,cefrj+ai
3653,regain,verb,B1,3,7,取り戻す、回復する,cefrj+ai
3654,renew,verb,B1,3,7,更新する、新しくする,cefrj+ai
3655,resemble,verb,B1,3,7,似ている,cefrj
3656,sorrow,noun,B1,3,7,悲哀、嘆き,cefrj+ai
3657,warranty,noun,B1,3,7,保証、保証書,cefrj+ai
3658,bleed,verb,B1,3,7,出血する,cefrj
3659,choke,verb,B1,3,7,息を詰まらせる、窒息させる,cefrj+ai
3660,motto,noun,B1,3,7,モットー、座右の銘,cefrj+ai
3661,obstacle,noun,B1,3,7,障害物、妨げ,cefrj+ai
3662,philosopher,noun,B1,3,7,哲学者,cefrj
3663,razor,noun,B1,3,7,かみそり,cefrj+ai
3664,slogan,noun,B1,3,7,スローガン、標語,cefrj+ai
3665,strawberry,noun,B1,3,7,イチゴ,cefrj+ai
3666,tile,noun,B1,3,7,タイル、瓦,cefrj+ai
3667,abnormal,adj,B1,3,7,異常な,cefrj+ai
3668,accuse,verb,B1,3,7,告発する、非難する,cefrj
3669,calf,noun,B1,3,7,子牛、ふくらはぎ,cefrj+ai
3670,downward,adj,B1,3,7,下向きの,cefrj+ai
3671,hopeless,adj,B1,3,7,絶望的な、見込みのない,cefrj+ai
3672,indirectly,adv,B1,3,7,間接的に,cefrj+ai
3673,limitation,noun,B1,3,7,限界、制限,cefrj
3674,outdoors,adv,B1,3,7,屋外で、野外で,cefrj+ai
3675,respectable,adj,B1,3,7,立派な、尊敬に値する,cefrj+ai
3676,sticker,noun,B1,3,7,ステッカー、シール,cefrj+ai
3677,unexpectedly,adv,B1,3,7,思いがけなく、不意に,cefrj+ai
3678,upward,adj,B1,3,7,上向きに,cefrj
3679,wildly,adv,B1,3,7,熱狂的に、ひどく,cefrj+ai
3680,alphabet,noun,B1,3,7,アルファベット,cefrj+ai
3681,appoint,verb,B1,3,7,指名する、任命する,cefrj
3682,bracelet,noun,B1,3,7,ブレスレット、腕輪,cefrj+ai
3683,capsule,noun,B1,3,7,カプセル,cefrj+ai
3684,irregular,adj,B1,3,7,不規則な,cefrj+ai
3685,juicy,adj,B1,3,7,汁の多い、ジューシーな,cefrj+ai
3686,jumper,noun,B1,3,7,セーター、跳ぶ人,cefrj+ai
3687,misunderstanding,noun,B1,3,7,誤解,cefrj+ai
3688,pottery,noun,B1,3,7,陶器、焼き物,cefrj+ai
3689,stylish,adj,B1,3,7,おしゃれな、かっこいい,cefrj+ai
3690,emphasize,verb,B1,3,7,強調する、力説する,cefrj
3691,flock,noun,B1,3,7,鳥や羊の群れ,cefrj+ai
3692,helpless,adj,B1,3,7,無力な、どうしようもない,cefrj+ai
3693,mustard,noun,B1,3,7,からし、マスタード,cefrj+ai
3694,sophomore,noun,B1,3,7,2年生,cefrj+ai
3695,disastrous,adj,B1,3,7,悲惨な、大失敗の,cefrj+ai
3696,drown,verb,B1,3,7,おぼれる、おぼれ死ぬ,cefrj+ai
3697,greeting,noun,B1,3,7,あいさつ,cefrj+ai
3698,honeymoon,noun,B1,3,7,新婚旅行,cefrj+ai
3699,jewel,noun,B1,3,7,宝石,cefrj+ai
3700,sidewalk,noun,B1,3,7,歩道,cefrj+ai
3701,unpredictable,adj,B1,3,7,予測できない,cefrj+ai
3702,visually,adv,B1,3,7,視覚的に、見た目に,cefrj+ai
3703,bakery,noun,B1,3,7,パン屋,cefrj+ai
3704,depart,verb,B1,3,7,出発する,cefrj+ai
3705,disappoint,verb,B1,3,7,失望させる、落胆させる,cefrj
3706,dolphin,noun,B1,3,7,イルカ,cefrj+ai
3707,dusty,adj,B1,3,7,ほこりっぽい,cefrj+ai
3708,gardening,noun,B1,3,7,園芸、庭いじり,cefrj+ai
3709,govern,verb,B1,3,7,統治する、支配する,cefrj
3710,harness,noun,B1,3,7,馬具、ハーネス,cefrj+ai
3711,molecule,noun,B1,3,7,分子,cefrj
3712,parcel,noun,B1,3,7,小包,cefrj
3713,peculiar,adj,B1,3,7,奇妙な、独特の,cefrj+ai
3714,ripe,adj,B1,3,7,熟した,cefrj+ai
3715,scenic,adj,B1,3,7,景色のよい,cefrj+ai
3716,strangely,adv,B1,3,7,奇妙に、不思議なことに,cefrj+ai
3717,advertise,verb,B1,3,7,広告する、宣伝する,cefrj
3718,assign,verb,B1,3,7,割り当てる、配属する,cefrj
3719,disagreement,noun,B1,3,7,意見の不一致,cefrj+ai
3720,earnest,adj,B1,3,7,まじめな、熱心な,cefrj+ai
3721,extinct,adj,B1,3,7,絶滅した,cefrj+ai
3722,freezer,noun,B1,3,7,冷凍庫,cefrj+ai
3723,genetically,adv,B1,3,7,遺伝的に,cefrj
3724,knit,verb,B1,3,7,編む,cefrj+ai
3725,remark,verb,B1,3,7,述べる、意見,cefrj
3726,repay,verb,B1,3,7,返済する、恩返しする,cefrj+ai
3727,discomfort,noun,B1,3,7,不快感、苦痛,cefrj+ai
3728,evenly,adv,B1,3,7,均等に、平らに,cefrj+ai
3729,fashionable,adj,B1,3,7,流行の、はやりの,cefrj+ai
3730,fetch,verb,B1,3,7,取ってくる,cefrj+ai
3731,vacancy,noun,B1,3,7,空き、空室,cefrj+ai
3732,camel,noun,B1,3,7,ラクダ,cefrj+ai
3733,checkout,noun,B1,3,7,レジ、チェックアウト,cefrj+ai
3734,comet,noun,B1,3,7,彗星,cefrj+ai
3735,deficiency,noun,B1,3,7,欠乏,cefrj
3736,kitten,noun,B1,3,7,子猫,cefrj+ai
3737,northeastern,adj,B1,3,7,北東の,cefrj+ai
3738,salesman,noun,B1,3,7,セールスマン、販売員,cefrj+ai
3739,swell,verb,B1,3,7,膨張する,cefrj
3740,symptom,noun,B1,3,7,症状、兆候,cefrj
3741,thirst,verb,B1,3,7,のどの渇き、切望,cefrj
3742,transitional,adj,B1,3,7,過渡期の、移り変わる,cefrj+ai
3743,tuna,noun,B1,3,7,マグロ,cefrj+ai
3744,viewpoint,noun,B1,3,7,観点、見方,cefrj+ai
3745,accessory,noun,B1,3,7,アクセサリー、付属品,cefrj+ai
3746,fax,noun,B1,3,7,ファックス,cefrj+ai
3747,groom,noun,B1,3,7,花婿,cefrj+ai
3748,guitarist,noun,B1,3,7,ギタリスト,cefrj+ai
3749,reproduce,verb,B1,3,7,再生する、繁殖する,cefrj
3750,safari,noun,B1,3,7,サファリ,cefrj+ai
3751,unlucky,adj,B1,3,7,運の悪い、不運な,cefrj+ai
3752,canned,adj,B1,3,7,缶詰の,cefrj+ai
3753,damp,adj,B1,3,7,湿った,cefrj
3754,fuss,noun,B1,3,7,大騒ぎ,cefrj+ai
3755,gorilla,noun,B1,3,7,ゴリラ,cefrj+ai
3756,lawful,adj,B1,3,7,合法的な,cefrj+ai
3757,violently,adv,B1,3,7,乱暴に、激しく,cefrj+ai
3758,beaver,noun,B1,3,7,ビーバー,cefrj+ai
3759,caller,noun,B1,3,7,電話をかける人、訪問者,cefrj+ai
3760,disturbance,noun,B1,3,7,騒乱、妨害,cefrj
3761,informative,adj,B1,3,7,情報が多い、ためになる,cefrj+ai
3762,interrupt,verb,B1,3,7,中断する、割り込む,cefrj
3763,mosquito,noun,B1,3,7,蚊,cefrj+ai
3764,novelist,noun,B1,3,7,小説家,cefrj+ai
3765,remembrance,noun,B1,3,7,記憶、追悼,cefrj+ai
3766,attain,verb,B1,3,7,達成する、手に入れる,cefrj+ai
3767,careless,adj,B1,3,7,不注意な,cefrj+ai
3768,cheerful,adj,B1,3,7,元気な、陽気な,cefrj+ai
3769,curly,adj,B1,3,7,巻き毛の、カールした,cefrj+ai
3770,gymnastics,noun,B1,3,7,体操,cefrj+ai
3771,humorous,adj,B1,3,7,ユーモアのある、こっけいな,cefrj+ai
3772,indoors,adv,B1,3,7,屋内で,cefrj+ai
3773,motivate,verb,B1,3,7,動機づける、刺激する,cefrj
3774,prosperous,adj,B1,3,7,繁栄している、裕福な,cefrj+ai
3775,admiration,noun,B1,3,7,あこがれ、称賛,cefrj+ai
3776,congratulate,verb,B1,3,7,祝う、お祝いを言う,cefrj+ai
3777,courageous,adj,B1,3,7,勇気のある,cefrj+ai
3778,garment,noun,B1,3,7,衣服,cefrj+ai
3779,librarian,noun,B1,3,7,図書館員、司書,cefrj+ai
3780,nucleus,noun,B1,3,7,核,cefrj
3781,organism,noun,B1,3,7,生命体,cefrj
3782,sponge,noun,B1,3,7,スポンジ,cefrj+ai
3783,tease,noun,B1,3,7,からかい、からかう人,cefrj+ai
3784,columnist,noun,B1,3,7,コラムニスト,cefrj+ai
3785,cushion,noun,B1,3,7,クッション,cefrj+ai
3786,festive,adj,B1,3,7,お祭り気分の、祝祭の,cefrj+ai
3787,improper,adj,B1,3,7,不適切な,cefrj+ai
3788,pineapple,noun,B1,3,7,パイナップル,cefrj+ai
3789,similarity,noun,B1,3,7,類似,cefrj
3790,trumpet,noun,B1,3,7,トランペット,cefrj+ai
3791,wrapping,noun,B1,3,7,包装、包み紙,cefrj+ai
3792,discourage,verb,B1,3,7,落胆させる、やめさせる,cefrj+ai
3793,handwriting,noun,B1,3,7,手書き、筆跡,cefrj+ai
3794,poisonous,adj,B1,3,7,有毒な,cefrj+ai
3795,shameful,adj,B1,3,7,恥ずべき,cefrj+ai
3796,swollen,adj,B1,3,7,はれた、ふくれた,cefrj+ai
3797,undo,verb,B1,3,7,元に戻す、ほどく,cefrj+ai
3798,blush,noun,B1,3,7,赤面,cefrj+ai
3799,calculator,noun,B1,3,7,計算機,cefrj
3800,hardship,noun,B1,3,7,苦難、困難,cefrj+ai
3801,lettuce,noun,B1,3,7,レタス,cefrj+ai
3802,recycled,adj,B1,3,7,再生された、リサイクルの,cefrj+ai
3803,acquaintance,noun,B1,3,7,知り合い、知人,cefrj+ai
3804,cabbage,noun,B1,3,7,キャベツ,cefrj+ai
3805,fragment,noun,B1,3,7,破片、断片,cefrj
3806,heater,noun,B1,3,7,ヒーター、暖房器,cefrj+ai
3807,mash,verb,B1,3,7,すりつぶす,cefrj+ai
3808,safeguard,noun,B1,3,7,保護、安全策,cefrj+ai
3809,telegram,noun,B1,3,7,電報,cefrj+ai
3810,turbulence,noun,B1,3,7,乱気流、混乱,cefrj+ai
3811,haunt,noun,B1,3,7,よく行く場所、たまり場,cefrj+ai
3812,inscription,noun,B1,3,7,碑文、刻まれた文字,cefrj+ai
3813,kettle,noun,B1,3,7,やかん,cefrj+ai
3814,runaway,noun,B1,3,7,逃亡者、家出人,cefrj+ai
3815,waterfall,noun,B1,3,7,滝,cefrj+ai
3816,distinctly,adv,B1,3,7,はっきりと,cefrj+ai
3817,magician,noun,B1,3,7,手品師、魔法使い,cefrj+ai
3818,bilingual,adj,B1,3,7,バイリンガル,cefrj
3819,cherish,verb,B1,3,7,大切にする,cefrj+ai
3820,chuckle,noun,B1,3,7,含み笑い,cefrj+ai
3821,disable,verb,B1,3,7,使えなくする、無効にする,cefrj+ai
3822,encyclopedia,noun,B1,3,7,百科事典,cefrj+ai
3823,examiner,noun,B1,3,7,試験官、審査員,cefrj+ai
3824,fluent,adj,B1,3,7,流ちょうな,cefrj+ai
3825,flute,noun,B1,3,7,フルート,cefrj+ai
3826,outward,adj,B1,3,7,外側の、外見の,cefrj+ai
3827,stricken,adj,B1,3,7,苦しめられた、襲われた,cefrj+ai
3828,unfit,adj,B1,3,7,向いていない、適さない,cefrj+ai
3829,aloud,adv,B1,3,7,声に出して,cefrj+ai
3830,boast,verb,B1,3,7,自慢する,cefrj+ai
3831,chemist,noun,B1,3,7,化学者、薬剤師,cefrj+ai
3832,dedicate,verb,B1,3,7,ささげる、献身する,cefrj
3833,derive,verb,B1,3,7,引き出す、由来する,cefrj
3834,diligence,noun,B1,3,7,勤勉,cefrj+ai
3835,nutrient,noun,B1,3,7,栄養素,cefrj
3836,outlaw,noun,B1,3,7,無法者、お尋ね者,cefrj+ai
3837,parachute,noun,B1,3,7,パラシュート,cefrj+ai
3838,preschool,adj,B1,3,7,就学前の,cefrj+ai
3839,spectator,noun,B1,3,7,観客、見物人,cefrj+ai
3840,stripe,noun,B1,3,7,縞模様,cefrj
3841,tighten,verb,B1,3,7,締める、きつくする,cefrj+ai
3842,trustworthy,adj,B1,3,7,信頼できる,cefrj+ai
3843,broccoli,noun,B1,3,7,ブロッコリー,cefrj+ai
3844,humid,adj,B1,3,7,湿気の多い、蒸し暑い,cefrj+ai
3845,raspberry,noun,B1,3,7,ラズベリー、キイチゴ,cefrj+ai
3846,diaper,noun,B1,3,7,おむつ,cefrj+ai
3847,dissolve,verb,B1,3,7,溶解する,cefrj
3848,loaf,noun,B1,3,7,パンのひと塊,cefrj+ai
3849,paddle,noun,B1,3,7,パドル、かい,cefrj+ai
3850,parrot,noun,B1,3,7,オウム,cefrj+ai
3851,swimmer,noun,B1,3,7,泳ぐ人、水泳選手,cefrj+ai
3852,teller,noun,B1,3,7,銀行の窓口係,cefrj+ai
3853,webcam,noun,B1,3,7,ウェブカメラ,cefrj+ai
3854,anyhow,adv,B1,3,7,とにかく、いずれにせよ,cefrj+ai
3855,ape,noun,B1,3,7,類人猿,cefrj+ai
3856,crossroads,noun,B1,3,7,交差点、岐路,cefrj+ai
3857,ecstasy,noun,B1,3,7,有頂天、大喜び,cefrj+ai
3858,gravy,noun,B1,3,7,グレービーソース、肉汁,cefrj+ai
3859,revise,verb,B1,3,7,改訂する、修正する,cefrj
3860,spinach,noun,B1,3,7,ほうれん草,cefrj+ai
3861,teamwork,noun,B1,3,7,チームワーク,cefrj+ai
3862,uncover,verb,B1,3,7,暴く、覆いを取る,cefrj+ai
3863,dangerously,adv,B1,3,7,危険なほどに、危なく,cefrj+ai
3864,inconvenient,adj,B1,3,7,不便な、都合の悪い,cefrj+ai
3865,onstage,adj,B1,3,7,舞台上の,cefrj+ai
3866,politely,adv,B1,3,7,ていねいに、礼儀正しく,cefrj+ai
3867,rewrite,verb,B1,3,7,書き直す,cefrj
3868,underage,adj,B1,3,7,未成年の,cefrj+ai
3869,advert,noun,B1,3,7,広告,cefrj+ai
3870,applaud,verb,B1,3,7,拍手する、称賛する,cefrj+ai
3871,boredom,noun,B1,3,7,退屈,cefrj+ai
3872,compose,verb,B1,3,7,構成する、作曲する,cefrj
3873,dialog,noun,B1,3,7,対話、会話,cefrj
3874,enthusiast,noun,B1,3,7,熱狂的なファン、愛好家,cefrj+ai
3875,grouping,noun,B1,3,7,グループ分け,cefrj+ai
3876,simplify,verb,B1,3,7,簡素化する,cefrj
3877,stormy,adj,B1,3,7,嵐の、荒れた,cefrj+ai
3878,entertainer,noun,B1,3,7,芸能人、エンターテイナー,cefrj+ai
3879,quake,noun,B1,3,7,地震、揺れ,cefrj+ai
3880,roadside,noun,B1,3,7,道ばた,cefrj+ai
3881,unfold,verb,B1,3,7,広げる、明らかになる,cefrj+ai
3882,brightly,adv,B1,3,7,明るく、きらきらと,cefrj+ai
3883,inject,verb,B1,3,7,注入する,cefrj
3884,mule,noun,B1,3,7,ラバ,cefrj+ai
3885,orderly,adj,B1,3,7,整然とした、きちんとした,cefrj+ai
3886,postcard,noun,B1,3,7,はがき、絵はがき,cefrj+ai
3887,questionnaire,noun,B1,3,7,アンケート,cefrj
3888,reclaim,verb,B1,3,7,取り返す、埋め立てる,cefrj+ai
3889,riddle,verb,B1,3,7,穴だらけにする,cefrj+ai
3890,swarm,noun,B1,3,7,大群、虫の群れ,cefrj+ai
3891,ache,noun,B1,3,7,痛み、うずき,cefrj+ai
3892,hostel,noun,B1,3,7,宿泊所、ホステル,cefrj+ai
3893,limp,verb,B1,3,7,足を引きずる,cefrj+ai
3894,mourn,verb,B1,3,7,嘆く、悼む,cefrj+ai
3895,cultivate,verb,B1,3,7,耕す、育てる,cefrj+ai
3896,englishman,noun,B1,3,7,イギリス人男性,cefrj+ai
3897,stumble,verb,B1,3,7,つまずく,cefrj+ai
3898,cucumber,noun,B1,3,7,キュウリ,cefrj+ai
3899,diver,noun,B1,3,7,潜水士、ダイバー,cefrj+ai
3900,embarrass,verb,B1,3,7,恥ずかしい思いをさせる,cefrj
3901,fortnight,noun,B1,3,7,2週間,cefrj+ai
3902,persuasive,adj,B1,3,7,説得力のある,cefrj+ai
3903,tumble,verb,B1,3,7,転げ落ちる、急落する,cefrj+ai
3904,arithmetic,noun,B1,3,7,算数、計算,cefrj+ai
3905,chronological,adj,B1,3,7,年代順の,cefrj+ai
3906,modem,noun,B1,3,7,モデム,cefrj+ai
3907,newcomer,noun,B1,3,7,新人、新しく来た人,cefrj+ai
3908,classify,verb,B1,3,7,分類する,cefrj
3909,graceful,adj,B1,3,7,優美な、しとやかな,cefrj+ai
3910,misty,adj,B1,3,7,霧のかかった,cefrj+ai
3911,rainforest,noun,B1,3,7,熱帯雨林,cefrj+ai
3912,scatter,verb,B1,3,7,まき散らす,cefrj
3913,subconscious,adj,B1,3,7,潜在意識の,cefrj+ai
3914,hearty,adj,B1,3,7,心からの、たっぷりの,cefrj+ai
3915,jogging,noun,B1,3,7,ジョギング,cefrj+ai
3916,sparkle,noun,B1,3,7,輝き、きらめき,cefrj+ai
3917,firefighter,noun,B1,3,7,消防士,cefrj+ai
3918,lessen,verb,B1,3,7,減らす、軽くする,cefrj+ai
3919,smoker,noun,B1,3,7,喫煙者,cefrj+ai
3920,stun,verb,B1,3,7,気絶させる、びっくりさせる,cefrj+ai
3921,tiring,adj,B1,3,7,疲れる、骨の折れる,cefrj+ai
3922,toothpaste,noun,B1,3,7,歯磨き粉,cefrj+ai
3923,unheard,adj,B1,3,7,聞いてもらえない,cefrj+ai
3924,biochemistry,noun,B1,3,7,生化学,cefrj+ai
3925,handshake,noun,B1,3,7,握手,cefrj+ai
3926,mischief,noun,B1,3,7,いたずら,cefrj+ai
3927,souvenir,noun,B1,3,7,おみやげ、記念品,cefrj+ai
3928,unfairly,adv,B1,3,7,不公平に、不当に,cefrj+ai
3929,bedside,noun,B1,3,7,枕もと、ベッドのそば,cefrj+ai
3930,continual,adj,B1,3,7,絶え間ない、繰り返される,cefrj+ai
3931,farmland,noun,B1,3,7,農地,cefrj+ai
3932,giggle,noun,B1,3,7,くすくす笑い,cefrj+ai
3933,golfer,noun,B1,3,7,ゴルファー,cefrj+ai
3934,oily,adj,B1,3,7,油っぽい,cefrj+ai
3935,pleasantly,adv,B1,3,7,楽しく、心地よく,cefrj+ai
3936,takeoff,noun,B1,3,7,離陸,cefrj+ai
3937,westward,adv,B1,3,7,西へ、西方に,cefrj+ai
3938,aspirin,noun,B1,3,7,アスピリン,cefrj+ai
3939,burglar,noun,B1,3,7,泥棒、空き巣,cefrj+ai
3940,likeness,noun,B1,3,7,似ていること、似顔,cefrj+ai
3941,annoyance,noun,B1,3,7,いらだち、迷惑,cefrj+ai
3942,glide,noun,B1,3,7,滑るような動き、滑空,cefrj+ai
3943,mend,verb,B1,3,7,直す、修理する,cefrj+ai
3944,vowel,noun,B1,3,7,母音,cefrj
3945,characterize,verb,B1,3,7,特徴づける、描写する,cefrj
3946,giraffe,noun,B1,3,7,キリン,cefrj+ai
3947,takeaway,noun,B1,3,7,持ち帰りの料理、テイクアウト,cefrj+ai
3948,mailbox,noun,B1,3,7,郵便受け、ポスト,cefrj+ai
3949,enrich,verb,B1,3,7,豊かにする,cefrj+ai
3950,fright,noun,B1,3,7,恐怖、驚き,cefrj+ai
3951,gall,noun,B1,3,7,ずうずうしさ、胆汁,cefrj+ai
3952,illuminate,verb,B1,3,7,照らす、明らかにする,cefrj+ai
3953,jog,verb,B1,3,7,ジョギングする,cefrj+ai
3954,jug,noun,B1,3,7,水差し,cefrj+ai
3955,chariot,noun,B1,3,7,古代の二輪戦車,cefrj+ai
3956,dishwasher,noun,B1,3,7,食器洗い機,cefrj+ai
3957,hasty,adj,B1,3,7,急いだ、軽率な,cefrj+ai
3958,imitate,verb,B1,3,7,まねる,cefrj+ai
3959,retrospect,noun,B1,3,7,振り返ること、回顧,cefrj+ai
3960,boldly,adv,B1,3,7,大胆に,cefrj+ai
3961,eyesight,noun,B1,3,7,視力,cefrj+ai
3962,recite,verb,B1,3,7,暗唱する,cefrj+ai
3963,specialize,verb,B1,3,7,専門にする、専攻する,cefrj
3964,bravely,adv,B1,3,7,勇敢に,cefrj+ai
3965,comma,noun,B1,3,7,コンマ,cefrj
3966,outweigh,verb,B1,3,7,上回る、〜より重い,cefrj+ai
3967,proclaim,verb,B1,3,7,宣言する、公表する,cefrj+ai
3968,wasteful,adj,B1,3,7,むだの多い,cefrj+ai
3969,complicate,verb,B1,3,7,複雑にする、入り組ませる,cefrj
3970,meditate,verb,B1,3,7,瞑想する、熟考する,cefrj+ai
3971,vividly,adv,B1,3,7,鮮やかに、生き生きと,cefrj+ai
3972,inhale,verb,B1,3,7,吸い込む,cefrj+ai
3973,nectar,noun,B1,3,7,花の蜜,cefrj+ai
3974,bandage,noun,B1,3,7,包帯,cefrj+ai
3975,liberate,verb,B1,3,7,解放する,cefrj+ai
3976,mathematician,noun,B1,3,7,数学者,cefrj+ai
3977,shadowy,adj,B1,3,7,薄暗い、謎めいた,cefrj+ai
3978,warmly,adv,B1,3,7,温かく、心から,cefrj+ai
3979,diligent,adj,B1,3,7,勤勉な,cefrj+ai
3980,endanger,verb,B1,3,7,危険にさらす,cefrj+ai
3981,prefix,noun,B1,3,7,接頭辞,cefrj+ai
3982,summarize,verb,B1,3,7,要約する、手短に述べる,cefrj
3983,bathe,verb,B1,3,7,入浴する、水浴びする,cefrj+ai
3984,memorize,verb,B1,3,7,覚える,cefrj
3985,mislead,verb,B1,3,7,誤解させる、だます,cefrj+ai
3986,seaweed,noun,B1,3,7,海藻,cefrj+ai
3987,tempt,verb,B1,3,7,誘惑する,cefrj
3988,babysitter,noun,B1,3,7,ベビーシッター,cefrj+ai
3989,lorry,noun,B1,3,7,トラック,cefrj+ai
3990,superstition,noun,B1,3,7,迷信,cefrj+ai
3991,curiously,adv,B1,3,7,好奇心から、奇妙に,cefrj+ai
3992,skyscraper,noun,B1,3,7,超高層ビル,cefrj+ai
3993,breathless,adj,B1,3,7,息を切らした,cefrj+ai
3994,carton,noun,B1,3,7,紙パック、段ボール箱,cefrj+ai
3995,deprive,verb,B1,3,7,奪う,cefrj+ai
3996,shopper,noun,B1,3,7,買い物客,cefrj+ai
3997,sneeze,noun,B1,3,7,くしゃみをする,cefrj
3998,sweatshirt,noun,B1,3,7,トレーナー,cefrj+ai
3999,handkerchief,noun,B1,3,7,ハンカチ,cefrj+ai
4000,nutritious,adj,B1,3,7,栄養のある,cefrj+ai
4001,soothe,verb,B1,3,7,なだめる、和らげる,cefrj+ai
4002,canteen,noun,B1,3,7,食堂、水筒,cefrj+ai
4003,climber,noun,B1,3,7,登山者、登る人,cefrj+ai
4004,furthest,adv,B1,3,7,最も遠くに、最大限に,cefrj+ai
4005,hairdresser,noun,B1,3,7,美容師,cefrj+ai
4006,possessive,adj,B1,3,7,独占欲の強い、所有の,cefrj+ai
4007,pronoun,noun,B1,3,7,代名詞,cefrj+ai
4008,ration,noun,B1,3,7,配給量、割り当て,cefrj+ai
4009,astronomer,noun,B1,3,7,天文学者,cefrj+ai
4010,uncontrollable,adj,B1,3,7,抑えられない,cefrj+ai
4011,nightlife,noun,B1,3,7,夜の娯楽,cefrj+ai
4012,overwhelm,verb,B1,3,7,圧倒する,cefrj+ai
4013,settler,noun,B1,3,7,移住者、開拓者,cefrj+ai
4014,fondness,noun,B1,3,7,好み、愛着,cefrj+ai
4015,furnish,verb,B1,3,7,家具を備えつける,cefrj+ai
4016,lovingly,adv,B1,3,7,愛情をこめて,cefrj+ai
4017,proverb,noun,B1,3,7,ことわざ,cefrj+ai
4018,someplace,adv,B1,3,7,どこかで,cefrj+ai
4019,unwell,adj,B1,3,7,体調が悪い,cefrj+ai
4020,wetland,noun,B1,3,7,湿地,cefrj+ai
4021,modal,noun,B1,3,7,法助動詞,cefrj+ai
4022,seawater,noun,B1,3,7,海水,cefrj+ai
4023,acknowledgment,noun,B1,3,7,承認、感謝,cefrj+ai
4024,handball,noun,B1,3,7,ハンドボール,cefrj+ai
4025,ironing,noun,B1,3,7,アイロンがけ,cefrj+ai
4026,postman,noun,B1,3,7,郵便配達人,cefrj+ai
4027,unfriendly,adj,B1,3,7,不親切な、無愛想な,cefrj+ai
4028,anxiously,adv,B1,3,7,心配そうに,cefrj+ai
4029,campsite,noun,B1,3,7,キャンプ場,cefrj+ai
4030,consonant,noun,B1,3,7,一致した,cefrj
4031,piety,noun,B1,3,7,信心深さ,cefrj+ai
4032,reunification,noun,B1,3,7,再統一,cefrj+ai
4033,housework,noun,B1,3,7,家事,cefrj+ai
4034,irritate,verb,B1,3,7,いらいらさせる,cefrj+ai
4035,storyteller,noun,B1,3,7,物語の語り手,cefrj+ai
4036,lifeguard,noun,B1,3,7,救助員、ライフガード,cefrj+ai
4037,unify,verb,B1,3,7,統一する,cefrj
4038,excitedly,adv,B1,3,7,興奮して,cefrj+ai
4039,farthest,adv,B1,3,7,いちばん遠くに,cefrj+ai
4040,purify,verb,B1,3,7,浄化する、きれいにする,cefrj+ai
4041,saucer,noun,B1,3,7,受け皿,cefrj+ai
4042,motherland,noun,B1,3,7,祖国、母国,cefrj+ai
4043,shiver,verb,B1,3,7,寒さで震える、身震いする,cefrj+ai
4044,suffix,noun,B1,3,7,接尾辞,cefrj+ai
4045,nervousness,noun,B1,3,7,緊張、不安,cefrj+ai
4046,tremble,verb,B1,3,7,震える、おののく,cefrj+ai
4047,unpack,verb,B1,3,7,荷をほどく、取り出す,cefrj+ai
4048,babysit,verb,B1,3,7,子守をする,cefrj+ai
4049,tasteless,adj,B1,3,7,味のない、趣味の悪い,cefrj+ai
4050,dazzle,noun,B1,3,7,まぶしさ、輝き,cefrj+ai
4051,uninterested,adj,B1,3,7,関心のない、無関心な,cefrj+ai
4052,wither,verb,B1,3,7,しおれる、枯れる,cefrj+ai
4053,innovator,noun,B1,3,7,革新者,cefrj+ai
4054,intermission,noun,B1,3,7,休憩時間、幕間,cefrj+ai
4055,rearrange,verb,B1,3,7,並べ替える,cefrj+ai
4056,refreshments,noun,B1,3,7,軽い飲食物,cefrj+ai
4057,saucepan,noun,B1,3,7,片手なべ,cefrj+ai
4058,snowboard,noun,B1,3,7,スノーボード,cefrj+ai
4059,sportsmanship,noun,B1,3,7,スポーツマンシップ,cefrj+ai
4060,backpacking,noun,B1,3,7,バックパック旅行,cefrj+ai
4061,duvet,noun,B1,3,7,羽毛布団、掛け布団,cefrj+ai
4062,faraway,adj,B1,3,7,遠い、遠くの,cefrj+ai
4063,fasten,verb,B1,3,7,留める、固定する,cefrj+ai
4064,schoolteacher,noun,B1,3,7,学校の先生、教員,cefrj+ai
4065,idiom,noun,B1,3,7,熟語、慣用句,cefrj+ai
4066,motionless,adj,B1,3,7,動かない、静止した,cefrj+ai
4067,overjoyed,adj,B1,3,7,大喜びの,cefrj+ai
4068,talkative,adj,B1,3,7,おしゃべりな,cefrj+ai
4069,thump,verb,B1,3,7,ドンとたたく,cefrj+ai
4070,firework,noun,B1,3,7,花火,cefrj+ai
4071,procrastination,noun,B1,3,7,先延ばし,cefrj+ai
4072,loudspeaker,noun,B1,3,7,拡声器、スピーカー,cefrj+ai
4073,friendliness,noun,B1,3,7,親しみやすさ、好意,cefrj+ai
4074,impair,verb,B1,3,7,損なう、弱める,cefrj+ai
4075,brainstorming,noun,B1,3,7,ブレインストーミング,cefrj+ai
4076,categorize,verb,B1,3,7,分類する,cefrj+ai
4077,environmentalist,noun,B1,3,7,環境保護活動家,cefrj+ai
4078,underpants,noun,B1,3,7,下着のパンツ,cefrj+ai
4079,fluently,adv,B1,3,7,流ちょうに,cefrj+ai
4080,involuntarily,adv,B1,3,7,思わず、無意識に,cefrj+ai
4081,sandal,noun,B1,3,7,サンダル,cefrj+ai
4082,windscreen,noun,B1,3,7,フロントガラス,cefrj+ai
4083,carelessly,adv,B1,3,7,不注意に,cefrj+ai
4084,eagerness,noun,B1,3,7,熱心さ、熱意,cefrj+ai
4085,calmness,noun,B1,3,7,落ち着き、冷静さ,cefrj+ai
4086,daze,noun,B1,3,7,ぼうっとした状態,cefrj+ai
4087,rudely,adv,B1,3,7,失礼に、無礼に,cefrj+ai
4088,snowstorm,noun,B1,3,7,吹雪,cefrj+ai
4089,oppress,verb,B1,3,7,抑圧する、しいたげる,cefrj+ai
4090,undress,verb,B1,3,7,服を脱ぐ、脱がせる,cefrj+ai
4091,uninteresting,adj,B1,3,7,つまらない、おもしろくない,cefrj+ai
4092,penniless,adj,B1,3,7,一文無しの,cefrj+ai
4093,carelessness,noun,B1,3,7,不注意,cefrj+ai
4094,innermost,adj,B1,3,7,いちばん奥の、心の奥の,cefrj+ai
4095,scold,verb,B1,3,7,しかる,cefrj+ai
4096,hurriedly,adv,B1,3,7,急いで、あわてて,cefrj+ai
4097,narrate,verb,B1,3,7,語る、ナレーションをする,cefrj+ai
4098,barman,noun,B1,3,7,バーテンダー,cefrj+ai
4099,enclose,verb,B1,3,7,同封する、囲む,cefrj+ai
4100,thunderous,adj,B1,3,7,雷のような、とどろく,cefrj+ai
4101,inhabitant,noun,B1,3,7,住民、居住者,cefrj+ai
4102,aerobics,noun,B1,3,7,エアロビクス,cefrj+ai
4103,mountaintop,noun,B1,3,7,山頂,cefrj+ai
4104,unafraid,adj,B1,3,7,恐れない,cefrj+ai
4105,interviewee,noun,B1,3,7,面接を受ける人,cefrj+ai
4106,photocopy,noun,B1,3,7,コピー,cefrj+ai
4107,tracksuit,noun,B1,3,7,ジャージ,cefrj+ai
4108,wristwatch,noun,B1,3,7,腕時計,cefrj+ai
4109,pollutant,noun,B1,3,7,汚染物質,cefrj+ai
4110,uplifted,adj,B1,3,7,高揚した、元気づけられた,cefrj+ai
4111,participle,noun,B1,3,7,分詞,cefrj+ai
4112,easygoing,adj,B1,3,7,のんびりした、おおらかな,cefrj+ai
4113,glint,noun,B1,3,7,きらりとした光,cefrj+ai
4114,paralyze,verb,B1,3,7,麻痺させる,cefrj+ai
4115,backpacker,noun,B1,3,7,バックパッカー,cefrj+ai
4116,doze,noun,B1,3,7,うたた寝、居眠り,cefrj+ai
4117,devastate,verb,B1,3,7,壊滅させる、打ちのめす,cefrj+ai
4118,overwork,noun,B1,3,7,働きすぎ、過労,cefrj+ai
4119,preposition,noun,B1,3,7,前置詞,cefrj+ai
4120,immigrate,verb,B1,3,7,移住してくる、移民する,cefrj+ai
4121,pullover,noun,B1,3,7,プルオーバー,cefrj+ai
4122,untidy,adj,B1,3,7,だらしない、乱雑な,cefrj+ai
4123,infinitive,noun,B1,3,7,不定詞,cefrj+ai
4124,dustbin,noun,B1,3,7,ごみ箱,cefrj+ai
4125,adverb,noun,B1,3,7,副詞,cefrj+ai
4126,feverishly,adv,B1,3,7,夢中で、必死に,cefrj+ai
4127,fascinate,verb,B1,3,7,魅了する、引きつける,cefrj
4128,noisily,adv,B1,3,7,騒がしく、うるさく,cefrj+ai
4129,windsurfing,noun,B1,3,7,ウインドサーフィン,cefrj+ai
4130,signpost,noun,B1,3,7,道しるべ、標識,cefrj+ai
4131,sundial,noun,B1,3,7,日時計,cefrj+ai
4132,hairdryer,noun,B1,3,7,ヘアドライヤー,cefrj+ai
4133,addressee,noun,B1,3,7,受取人,cefrj+ai
4134,schoolmate,noun,B1,3,7,学校の友達、同級生,cefrj+ai
4135,retell,verb,B1,3,7,語り直す,cefrj+ai
4136,sunbathe,verb,B1,3,7,日光浴をする,cefrj+ai
4137,backache,noun,B1,3,7,腰痛、背中の痛み,cefrj+ai
4138,courgette,noun,B1,3,7,ズッキーニ,cefrj+ai
4139,inscribe,verb,B1,3,7,刻む、彫る,cefrj+ai
4140,flunk,verb,B1,3,7,落第する,cefrj+ai
4141,earache,noun,B1,3,7,耳の痛み,cefrj+ai
4142,adverbial,adj,B1,3,7,副詞の、副詞的な,cefrj+ai
4143,horrify,verb,B1,3,7,ぞっとさせる,cefrj+ai
4144,aborigine,noun,B1,3,7,先住民、アボリジニ,cefrj+ai
4145,accustom,verb,B1,3,7,慣れさせる,cefrj+ai
4146,that,adv,B2,4,8,あの、その,cefrj
4147,will,noun,B2,4,8,〜だろう、〜するつもりだ,cefrj
4148,since,adv,B2,4,8,〜以来、〜だから,cefrj
4149,found,verb,B2,4,8,設立する、基礎を置く,cefrj
4150,god,noun,B2,4,8,神、創造主,cefrj
4151,so-called,adj,B2,4,8,いわゆる,cefrj+ai
4152,though,adv,B2,4,8,〜だけれども,cefrj
4153,united,adj,B2,4,8,団結した、統一された,cefrj+ai
4154,means,noun,B2,4,8,手段、方法,cefrj+ai
4155,known,adj,B2,4,8,知られている、有名な,cefrj+ai
4156,community,noun,B2,4,8,地域社会、共同体,cefrj
4157,data,noun,B2,4,8,資料、データ,cefrj
4158,media,noun,B2,4,8,メディア、マスコミ,cefrj
4159,energy,noun,B2,4,8,活力、エネルギー,cefrj
4160,project,noun,B2,4,8,計画、事業,cefrj
4161,federal,adj,B2,4,8,連邦の、連邦政府の,cefrj
4162,long-term,adj,B2,4,8,長期の,cefrj+ai
4163,lower,verb,B2,4,8,下げる、低くする,cefrj+ai
4164,hell,noun,B2,4,8,地獄,cefrj
4165,related,adj,B2,4,8,関係のある、親類の,cefrj+ai
4166,version,noun,B2,4,8,版、翻訳,cefrj
4167,well-paid,adj,B2,4,8,給料のよい,cefrj+ai
4168,son-in-law,noun,B2,4,8,義理の息子,cefrj+ai
4169,father-in-law,noun,B2,4,8,義父,cefrj+ai
4170,mine,noun,B2,4,8,私のもの,cefrj
4171,minister,noun,B2,4,8,大臣、牧師,cefrj
4172,mother-in-law,noun,B2,4,8,義母,cefrj+ai
4173,well-built,adj,B2,4,8,体格のよい、がっしりした,cefrj+ai
4174,moving,adj,B2,4,8,感動的な、動く,cefrj+ai
4175,conference,noun,B2,4,8,会議、協議会,cefrj
4176,western,adj,B2,4,8,西の、西洋の,cefrj
4177,campaign,noun,B2,4,8,運動、軍事行動,cefrj
4178,particular,adj,B2,4,8,特定の、特別な,cefrj
4179,short-term,adj,B2,4,8,短期の,cefrj+ai
4180,expected,adj,B2,4,8,予想された、期待された,cefrj+ai
4181,brother-in-law,noun,B2,4,8,義理の兄弟,cefrj+ai
4182,plus,noun,B2,4,8,〜を加えて、足す,cefrj
4183,contract,noun,B2,4,8,契約、契約を結ぶ,cefrj
4184,growing,adj,B2,4,8,増大する、成長する,cefrj+ai
4185,last-minute,adj,B2,4,8,土壇場の、ぎりぎりの,cefrj+ai
4186,master,noun,B2,4,8,主人、習得する,cefrj
4187,stock,noun,B2,4,8,在庫、株式,cefrj
4188,daughter-in-law,noun,B2,4,8,義理の娘,cefrj+ai
4189,fighting,noun,B2,4,8,戦い、戦闘,cefrj+ai
4190,learning,noun,B2,4,8,学習、学問,cefrj+ai
4191,multiple,adj,B2,4,8,多数の、多様な,cefrj
4192,commission,noun,B2,4,8,委員会、手数料,cefrj
4193,grand,adj,B2,4,8,雄大な、壮大な,cefrj
4194,literally,adv,B2,4,8,文字通りに、全く,cefrj
4195,overall,adj,B2,4,8,全体的な、全般の,cefrj
4196,planning,noun,B2,4,8,計画、立案,cefrj+ai
4197,primary,adj,B2,4,8,第一の、初等の,cefrj
4198,environment,noun,B2,4,8,環境、周囲の状況,cefrj
4199,executive,adj,B2,4,8,重役、幹部,cefrj
4200,trial,noun,B2,4,8,試み、裁判,cefrj
4201,division,noun,B2,4,8,分割、部門,cefrj
4202,actual,adj,B2,4,8,実際の、実在の,cefrj
4203,prior,adj,B2,4,8,前の、優先する,cefrj
4204,species,noun,B2,4,8,種、種類,cefrj
4205,investment,noun,B2,4,8,投資、出資,cefrj
4206,previously,adv,B2,4,8,以前に、あらかじめ,cefrj
4207,sister-in-law,noun,B2,4,8,義理の姉妹,cefrj+ai
4208,estate,noun,B2,4,8,不動産、財産,cefrj
4209,faith,noun,B2,4,8,信頼、信仰,cefrj
4210,profile,noun,B2,4,8,横顔、人物紹介,cefrj
4211,sexual,adj,B2,4,8,性の、性的な,cefrj
4212,understanding,adj,B2,4,8,理解のある、物わかりのよい,cefrj+ai
4213,prime,adj,B2,4,8,主要な、最良の,cefrj
4214,long-distance,adj,B2,4,8,長距離の,cefrj+ai
4215,remains,noun,B2,4,8,残り、遺跡,cefrj+ai
4216,cast,noun,B2,4,8,投げる、配役する,cefrj
4217,marketing,noun,B2,4,8,マーケティング,cefrj+ai
4218,shooting,noun,B2,4,8,発砲、射撃,cefrj+ai
4219,neither,adv,B2,4,8,どちらも〜ない,cefrj
4220,tough,adj,B2,4,8,骨の折れる、頑丈な,cefrj
4221,billion,noun,B2,4,8,10億,cefrj+ai
4222,existing,adj,B2,4,8,既存の、現存する,cefrj+ai
4223,technical,adj,B2,4,8,技術的な、専門の,cefrj
4224,evil,adj,B2,4,8,邪悪な、悪事,cefrj
4225,parliament,noun,B2,4,8,議会、国会,cefrj+ai
4226,reference,noun,B2,4,8,言及、参考文献,cefrj
4227,core,noun,B2,4,8,核心、中心部,cefrj
4228,reaction,noun,B2,4,8,反応、反作用,cefrj
4229,willing,adj,B2,4,8,進んで〜する、いとわない,cefrj+ai
4230,proposed,adj,B2,4,8,提案された,cefrj+ai
4231,purchase,noun,B2,4,8,購入する、買う,cefrj
4232,crew,noun,B2,4,8,乗組員、班,cefrj
4233,fixed,adj,B2,4,8,固定された、決まった,cefrj+ai
4234,profit,noun,B2,4,8,利益、得をする,cefrj
4235,domestic,adj,B2,4,8,国内の、家庭の,cefrj
4236,originally,adv,B2,4,8,もともとは、当初は,cefrj
4237,user,noun,B2,4,8,利用者、ユーザー,cefrj
4238,loan,noun,B2,4,8,融資、貸し付ける,cefrj
4239,factor,noun,B2,4,8,要因、要素,cefrj
4240,route,noun,B2,4,8,道筋、ルート,cefrj
4241,squad,noun,B2,4,8,部隊、チーム,cefrj+ai
4242,abuse,noun,B2,4,8,乱用、虐待する,cefrj
4243,candidate,noun,B2,4,8,候補者、志願者,cefrj
4244,developing,adj,B2,4,8,発展途上の,cefrj+ai
4245,facilities,noun,B2,4,8,施設、設備,cefrj+ai
4246,fox,noun,B2,4,8,キツネ,cefrj+ai
4247,grown-up,adj,B2,4,8,大人の、成人した,cefrj+ai
4248,liberal,adj,B2,4,8,自由主義の、寛大な,cefrj
4249,payment,noun,B2,4,8,支払い、報酬,cefrj
4250,sector,noun,B2,4,8,部門、分野,cefrj
4251,high-tech,adj,B2,4,8,ハイテクの,cefrj+ai
4252,specifically,adv,B2,4,8,具体的には、特に,cefrj
4253,urban,adj,B2,4,8,都市の、都会の,cefrj
4254,aircraft,noun,B2,4,8,航空機、飛行機,cefrj
4255,corporate,adj,B2,4,8,企業の、法人の,cefrj
4256,determined,adj,B2,4,8,決心した、断固とした,cefrj+ai
4257,friendly,adj,B2,4,8,親しみやすい、親切な,cefrj
4258,phase,noun,B2,4,8,段階、局面,cefrj
4259,revenue,noun,B2,4,8,歳入、収益,cefrj
4260,remaining,adj,B2,4,8,残りの,cefrj+ai
4261,estimated,adj,B2,4,8,推定の、見積もりの,cefrj+ai
4262,theme,noun,B2,4,8,主題、テーマ,cefrj
4263,assembly,noun,B2,4,8,組み立て,cefrj
4264,draft,noun,B2,4,8,下書き、草案,cefrj
4265,improved,adj,B2,4,8,改良された,cefrj+ai
4266,relevant,adj,B2,4,8,関連がある、適切な,cefrj
4267,solo,adj,B2,4,8,単独の、ソロの,cefrj+ai
4268,statistics,noun,B2,4,8,統計,cefrj
4269,territory,noun,B2,4,8,領土、領地,cefrj
4270,corporation,noun,B2,4,8,大企業、法人,cefrj
4271,motion,noun,B2,4,8,動き、身振り,cefrj
4272,resolution,noun,B2,4,8,決議、決心,cefrj
4273,rural,adj,B2,4,8,田舎の、農村の,cefrj
4274,saving,noun,B2,4,8,節約、貯金,cefrj+ai
4275,plot,noun,B2,4,8,陰謀、筋書き,cefrj
4276,senator,noun,B2,4,8,上院議員,cefrj+ai
4277,index,noun,B2,4,8,索引、指標,cefrj
4278,navy,noun,B2,4,8,海軍,cefrj+ai
4279,scheme,noun,B2,4,8,計画、体系,cefrj
4280,ultimately,adv,B2,4,8,最終的に、結局は,cefrj
4281,x-ray,noun,B2,4,8,X線、レントゲン,cefrj+ai
4282,creation,noun,B2,4,8,創造、創作物,cefrj
4283,identify,verb,B2,4,8,特定する、確認する,cefrj
4284,manufacturing,noun,B2,4,8,製造、製造業,cefrj+ai
4285,personnel,noun,B2,4,8,全職員、人事部,cefrj
4286,perspective,noun,B2,4,8,観点、見通し,cefrj
4287,revolution,noun,B2,4,8,革命、大変革,cefrj
4288,ban,noun,B2,4,8,禁止する、禁止令,cefrj
4289,carbon,noun,B2,4,8,炭素,cefrj
4290,deputy,noun,B2,4,8,代理人、副〜,cefrj+ai
4291,interior,noun,B2,4,8,内部、内装,cefrj
4292,legislation,noun,B2,4,8,法律、立法,cefrj
4293,mate,noun,B2,4,8,仲間、配偶者,cefrj
4294,panel,noun,B2,4,8,配電盤、委員会,cefrj
4295,relief,noun,B2,4,8,安堵、救援,cefrj
4296,resistance,noun,B2,4,8,抵抗、反対,cefrj
4297,self-confidence,noun,B2,4,8,自信,cefrj+ai
4298,somewhat,adv,B2,4,8,いくぶん、多少,cefrj
4299,cable,noun,B2,4,8,電線、ケーブル,cefrj
4300,client,noun,B2,4,8,依頼人、顧客,cefrj
4301,constant,adj,B2,4,8,一定の、絶え間ない,cefrj
4302,dumb,adj,B2,4,8,まぬけな、ばかな,cefrj+ai
4303,expansion,noun,B2,4,8,拡大、拡張,cefrj
4304,significantly,adv,B2,4,8,著しく、かなり,cefrj
4305,peak,noun,B2,4,8,頂点、山頂,cefrj
4306,portion,noun,B2,4,8,部分、1人前,cefrj
4307,reform,noun,B2,4,8,改革、改善する,cefrj
4308,retirement,noun,B2,4,8,退職、引退,cefrj
4309,secondary,adj,B2,4,8,中等の、第2の,cefrj
4310,solar,adj,B2,4,8,太陽の、太陽光の,cefrj
4311,suffering,noun,B2,4,8,苦しみ、苦痛,cefrj+ai
4312,ultimate,adj,B2,4,8,究極の、 根本的な,cefrj
4313,attached,adj,B2,4,8,付属の、愛着のある,cefrj+ai
4314,decade,noun,B2,4,8,10年間,cefrj
4315,external,adj,B2,4,8,外部の、対外的な,cefrj
4316,presidential,adj,B2,4,8,大統領の,cefrj
4317,shipping,noun,B2,4,8,発送、海運,cefrj+ai
4318,therapy,noun,B2,4,8,治療、療法,cefrj
4319,adopted,adj,B2,4,8,養子になった、採用された,cefrj+ai
4320,commander,noun,B2,4,8,司令官、指揮官,cefrj+ai
4321,detailed,adj,B2,4,8,詳しい、詳細な,cefrj+ai
4322,injured,adj,B2,4,8,けがをした,cefrj+ai
4323,quote,noun,B2,4,8,引用する、見積もる,cefrj
4324,convention,noun,B2,4,8,慣習、代表者会議,cefrj
4325,employee,noun,B2,4,8,従業員、社員,cefrj
4326,gang,noun,B2,4,8,ギャング、一団,cefrj+ai
4327,well-organized,adj,B2,4,8,よく整理された、きちんとした,cefrj+ai
4328,cabinet,noun,B2,4,8,戸棚、内閣,cefrj+ai
4329,contemporary,adj,B2,4,8,現代の、同時代の,cefrj
4330,criticism,noun,B2,4,8,批判、批評,cefrj
4331,effectively,adv,B2,4,8,効果的に、事実上,cefrj
4332,extensive,adj,B2,4,8,広範囲に及ぶ、広大な,cefrj
4333,formation,noun,B2,4,8,形成、構成,cefrj
4334,jury,noun,B2,4,8,陪審員団、審査員団,cefrj
4335,universal,adj,B2,4,8,普遍的な、万能の,cefrj
4336,consistent,adj,B2,4,8,一貫した、矛盾しない,cefrj
4337,necessarily,adv,B2,4,8,必ずしも、必然的に,cefrj
4338,partnership,noun,B2,4,8,提携、協力関係,cefrj
4339,percentage,noun,B2,4,8,割合、百分率,cefrj
4340,regardless,adv,B2,4,8,かまわず、関係なく,cefrj
4341,circuit,noun,B2,4,8,回路、一周,cefrj+ai
4342,clothing,noun,B2,4,8,衣服、衣料品,cefrj
4343,divided,adj,B2,4,8,分かれた、分裂した,cefrj+ai
4344,province,noun,B2,4,8,州、地方,cefrj
4345,recognition,noun,B2,4,8,認識、承認,cefrj
4346,assessment,noun,B2,4,8,評価、査定,cefrj
4347,extension,noun,B2,4,8,延長、内線電話,cefrj
4348,gear,noun,B2,4,8,歯車、用具,cefrj
4349,sensitive,adj,B2,4,8,敏感な、傷つきやすい,cefrj
4350,transition,noun,B2,4,8,移り変わり、過渡期,cefrj
4351,acid,noun,B2,4,8,酸,cefrj
4352,administrative,adj,B2,4,8,管理の、行政の,cefrj+ai
4353,gross,adj,B2,4,8,気持ち悪い,cefrj
4354,non-smoking,adj,B2,4,8,禁煙の,cefrj+ai
4355,penalty,noun,B2,4,8,刑罰、罰金,cefrj
4356,publication,noun,B2,4,8,出版、出版物,cefrj
4357,scheduled,adj,B2,4,8,予定された,cefrj+ai
4358,assault,noun,B2,4,8,暴行、攻撃,cefrj+ai
4359,concrete,adj,B2,4,8,具体的な、コンクリート,cefrj
4360,legend,noun,B2,4,8,伝説,cefrj
4361,procedure,noun,B2,4,8,手順、処置,cefrj
4362,replacement,noun,B2,4,8,交換,cefrj
4363,semi-final,noun,B2,4,8,準決勝,cefrj+ai
4364,tag,noun,B2,4,8,札、タグ,cefrj+ai
4365,thread,noun,B2,4,8,糸,cefrj
4366,wage,noun,B2,4,8,賃金、給料,cefrj
4367,label,noun,B2,4,8,名札、ラベルを貼る,cefrj
4368,output,noun,B2,4,8,生産高、出力,cefrj
4369,pitch,noun,B2,4,8,投球、音の高さ,cefrj
4370,rear,adj,B2,4,8,後部、育てる,cefrj
4371,welfare,noun,B2,4,8,福祉、幸福,cefrj
4372,essentially,adv,B2,4,8,本質的に,cefrj
4373,hunting,noun,B2,4,8,狩り、狩猟,cefrj+ai
4374,odd,adj,B2,4,8,奇妙な、奇数の,cefrj
4375,racist,noun,B2,4,8,人種差別主義者,cefrj+ai
4376,suck,verb,B2,4,8,吸う、しゃぶる,cefrj+ai
4377,walker,noun,B2,4,8,歩く人,cefrj+ai
4378,boost,noun,B2,4,8,押し上げる、高める,cefrj
4379,crack,noun,B2,4,8,割れる、ひび,cefrj
4380,deck,noun,B2,4,8,甲板、デッキ,cefrj+ai
4381,evolution,noun,B2,4,8,進化、発展,cefrj
4382,institution,noun,B2,4,8,機関、制度,cefrj
4383,memorial,noun,B2,4,8,記念碑、追悼式,cefrj+ai
4384,priority,noun,B2,4,8,優先事項、優先権,cefrj
4385,abandoned,adj,B2,4,8,捨てられた、見捨てられた,cefrj+ai
4386,alliance,noun,B2,4,8,同盟、提携,cefrj
4387,bid,verb,B2,4,8,入札する、値を付ける,cefrj
4388,convinced,adj,B2,4,8,確信した,cefrj+ai
4389,decent,adj,B2,4,8,きちんとした、まともな,cefrj+ai
4390,elite,noun,B2,4,8,エリート、上流階級、幹部,cefrj
4391,landing,noun,B2,4,8,着陸、踊り場,cefrj+ai
4392,idiot,noun,B2,4,8,ばか、まぬけ,cefrj+ai
4393,lifetime,noun,B2,4,8,生涯,cefrj
4394,mortgage,noun,B2,4,8,住宅ローン、担保,cefrj
4395,potentially,adv,B2,4,8,潜在的に、ひょっとすると,cefrj
4396,translation,noun,B2,4,8,翻訳,cefrj
4397,enterprise,noun,B2,4,8,企業、事業,cefrj
4398,mill,noun,B2,4,8,製粉所、工場,cefrj+ai
4399,spin,verb,B2,4,8,回転する、紡ぐ,cefrj
4400,valid,adj,B2,4,8,正当な、有効な,cefrj
4401,vital,adj,B2,4,8,極めて重要な、生命の,cefrj
4402,commerce,noun,B2,4,8,商業、貿易,cefrj+ai
4403,creek,noun,B2,4,8,小川,cefrj+ai
4404,fraud,noun,B2,4,8,詐欺,cefrj+ai
4405,genuine,adj,B2,4,8,本物の、純正の,cefrj
4406,hook,noun,B2,4,8,留め金、釣り針,cefrj
4407,programming,noun,B2,4,8,プログラミング,cefrj+ai
4408,reverse,verb,B2,4,8,逆にする、反対の,cefrj
4409,self-confident,adj,B2,4,8,自信のある,cefrj+ai
4410,comprehensive,adj,B2,4,8,包括的な、総合的な,cefrj
4411,consent,noun,B2,4,8,承諾、同意する,cefrj
4412,divorce,noun,B2,4,8,離婚、分離する,cefrj
4413,fate,noun,B2,4,8,運命、成り行き,cefrj+ai
4414,headquarters,noun,B2,4,8,本部、本社,cefrj+ai
4415,heritage,noun,B2,4,8,遺産,cefrj+ai
4416,initiative,noun,B2,4,8,主導権、自発性,cefrj
4417,residence,noun,B2,4,8,住居、居住,cefrj+ai
4418,salary,noun,B2,4,8,給料、俸給,cefrj
4419,ambassador,noun,B2,4,8,大使,cefrj+ai
4420,corruption,noun,B2,4,8,汚職、腐敗、破損,cefrj
4421,exception,noun,B2,4,8,例外、除外,cefrj
4422,input,noun,B2,4,8,入力、投入,cefrj
4423,lyrics,noun,B2,4,8,歌詞,cefrj+ai
4424,outcome,noun,B2,4,8,結果、結末,cefrj
4425,wolf,noun,B2,4,8,オオカミ,cefrj+ai
4426,commonwealth,noun,B2,4,8,連邦、共同体,cefrj+ai
4427,ease,noun,B2,4,8,容易さ、気楽さ,cefrj
4428,fame,noun,B2,4,8,名声,cefrj+ai
4429,impressed,adj,B2,4,8,感心した、感動した,cefrj+ai
4430,rally,noun,B2,4,8,集会、ラリー,cefrj+ai
4431,swing,noun,B2,4,8,揺れる、振る,cefrj
4432,tail,noun,B2,4,8,尾、しっぽ,cefrj
4433,alert,verb,B2,4,8,警告する、知らせる,cefrj+ai
4434,arena,noun,B2,4,8,競技場、アリーナ,cefrj+ai
4435,compensation,noun,B2,4,8,賠償、補償金,cefrj
4436,ethnic,adj,B2,4,8,民族の、人種の,cefrj
4437,fleet,noun,B2,4,8,艦隊、船団,cefrj+ai
4438,fundamental,adj,B2,4,8,基本的な、根本的な,cefrj
4439,genius,noun,B2,4,8,天才,cefrj+ai
4440,participation,noun,B2,4,8,参加、加入,cefrj
4441,proven,adj,B2,4,8,証明された,cefrj+ai
4442,radical,noun,B2,4,8,根本的な、急進的な,cefrj
4443,transmission,noun,B2,4,8,伝送、通信,cefrj
4444,blast,noun,B2,4,8,爆発、突風,cefrj+ai
4445,component,noun,B2,4,8,構成要素、部品,cefrj
4446,faculty,noun,B2,4,8,学部、教授陣、能力,cefrj
4447,feedback,noun,B2,4,8,フィードバック,cefrj
4448,innovation,noun,B2,4,8,技術革新、刷新,cefrj
4449,legislative,adj,B2,4,8,立法の,cefrj+ai
4450,manual,adj,B2,4,8,手引書、マニュアル,cefrj
4451,operator,noun,B2,4,8,操作員、交換手,cefrj
4452,punch,noun,B2,4,8,殴る、パンチ,cefrj
4453,trailer,noun,B2,4,8,トレーラー、予告編,cefrj+ai
4454,underground,adj,B2,4,8,地下の,cefrj+ai
4455,biological,adj,B2,4,8,生物学の、生物の,cefrj
4456,chip,noun,B2,4,8,小片、集積回路,cefrj
4457,database,noun,B2,4,8,データベース,cefrj
4458,disorder,noun,B2,4,8,混乱、障害,cefrj
4459,dynamic,adj,B2,4,8,動的な、 活動的な,cefrj
4460,engagement,noun,B2,4,8,婚約、約束,cefrj+ai
4461,investigate,verb,B2,4,8,調査する、研究する,cefrj
4462,mask,noun,B2,4,8,仮面、マスク,cefrj+ai
4463,packed,adj,B2,4,8,満員の、ぎっしり詰まった,cefrj+ai
4464,psychology,noun,B2,4,8,心理学,cefrj
4465,rocket,noun,B2,4,8,ロケット,cefrj+ai
4466,stability,noun,B2,4,8,安定、固定,cefrj
4467,treaty,noun,B2,4,8,条約,cefrj
4468,cooperation,noun,B2,4,8,協力、提携,cefrj
4469,devil,noun,B2,4,8,悪魔,cefrj+ai
4470,edit,noun,B2,4,8,編集する、校訂する,cefrj
4471,equity,noun,B2,4,8,公平、株式,cefrj+ai
4472,hardware,noun,B2,4,8,ハードウェア、金物,cefrj+ai
4473,intellectual,adj,B2,4,8,知的な、知識人,cefrj
4474,involvement,noun,B2,4,8,関与、巻き込まれること,cefrj
4475,regime,noun,B2,4,8,政権、体制,cefrj
4476,seal,noun,B2,4,8,印章、封をする,cefrj
4477,shield,noun,B2,4,8,盾,cefrj+ai
4478,throat,noun,B2,4,8,喉、咽頭,cefrj
4479,certificate,noun,B2,4,8,証明書,cefrj+ai
4480,coaching,noun,B2,4,8,指導、コーチ,cefrj+ai
4481,dated,adj,B2,4,8,時代遅れの、日付のある,cefrj+ai
4482,educated,adj,B2,4,8,教育を受けた、教養のある,cefrj+ai
4483,eligible,adj,B2,4,8,資格のある,cefrj+ai
4484,execution,noun,B2,4,8,処刑,cefrj
4485,lighting,noun,B2,4,8,照明,cefrj+ai
4486,polish,noun,B2,4,8,磨き粉、つや,cefrj+ai
4487,timing,noun,B2,4,8,タイミング,cefrj+ai
4488,ton,noun,B2,4,8,トン,cefrj
4489,worship,noun,B2,4,8,崇拝、礼拝,cefrj+ai
4490,bloody,adj,B2,4,8,血まみれの、激しい,cefrj
4491,crucial,adj,B2,4,8,極めて重要な、決定的な,cefrj
4492,intent,adj,B2,4,8,熱心な、没頭した,cefrj+ai
4493,mature,adj,B2,4,8,成熟した、熟達した,cefrj
4494,prevention,noun,B2,4,8,予防、防止,cefrj+ai
4495,revenge,noun,B2,4,8,復讐、仕返し,cefrj+ai
4496,spare,adj,B2,4,8,余分の、予備の,cefrj
4497,submit,verb,B2,4,8,提出する、服従する,cefrj
4498,copper,noun,B2,4,8,銅,cefrj+ai
4499,dawn,noun,B2,4,8,夜明け,cefrj+ai
4500,dispute,noun,B2,4,8,論争、紛争,cefrj
4501,earnings,noun,B2,4,8,収入、所得,cefrj+ai
4502,hilarious,adj,B2,4,8,大笑いさせる、爆笑の,cefrj+ai
4503,margin,noun,B2,4,8,余白、差,cefrj
4504,stroke,noun,B2,4,8,打撃、脳卒中,cefrj
4505,utility,noun,B2,4,8,実用性、公益事業,cefrj
4506,weed,noun,B2,4,8,雑草,cefrj+ai
4507,acquisition,noun,B2,4,8,獲得、買収,cefrj
4508,controversy,noun,B2,4,8,論争,cefrj
4509,fiscal,adj,B2,4,8,財政の、会計の,cefrj+ai
4510,offense,noun,B2,4,8,違反、攻撃,cefrj
4511,rip,verb,B2,4,8,引き裂く、破る,cefrj+ai
4512,segment,noun,B2,4,8,部分、区分,cefrj
4513,venture,noun,B2,4,8,冒険的事業、冒険,cefrj
4514,virtually,adv,B2,4,8,実質的に、ほとんど,cefrj
4515,conventional,adj,B2,4,8,従来の、型にはまった,cefrj
4516,inspector,noun,B2,4,8,検査官、警部,cefrj+ai
4517,mercy,noun,B2,4,8,慈悲、情け,cefrj+ai
4518,racism,noun,B2,4,8,人種差別,cefrj+ai
4519,venue,noun,B2,4,8,会場、開催地,cefrj+ai
4520,conversion,noun,B2,4,8,転換、改造,cefrj+ai
4521,exclusively,adv,B2,4,8,独占的に、もっぱら,cefrj+ai
4522,export,noun,B2,4,8,輸出する、輸出品,cefrj
4523,formerly,adv,B2,4,8,以前は、かつて,cefrj+ai
4524,functional,adj,B2,4,8,実用的な、機能の,cefrj
4525,mama,noun,B2,4,8,ママ、お母さん,cefrj+ai
4526,naval,adj,B2,4,8,海軍の,cefrj+ai
4527,noble,adj,B2,4,8,気高い,cefrj
4528,popularity,noun,B2,4,8,人気,cefrj+ai
4529,toxic,adj,B2,4,8,毒性の,cefrj
4530,tunnel,noun,B2,4,8,トンネル,cefrj+ai
4531,upgrade,noun,B2,4,8,アップグレード、改良,cefrj+ai
4532,actively,adv,B2,4,8,積極的に,cefrj
4533,coalition,noun,B2,4,8,連立、連合,cefrj+ai
4534,discipline,noun,B2,4,8,規律、しつけ,cefrj
4535,instantly,adv,B2,4,8,すぐに、即座に,cefrj+ai
4536,laptop,noun,B2,4,8,ノートパソコン,cefrj+ai
4537,legendary,adj,B2,4,8,伝説の,cefrj+ai
4538,recipe,noun,B2,4,8,レシピ,cefrj
4539,serial,adj,B2,4,8,連続の、続きものの,cefrj+ai
4540,shed,noun,B2,4,8,物置、小屋,cefrj+ai
4541,substance,noun,B2,4,8,物質、実体,cefrj
4542,affordable,adj,B2,4,8,手ごろな価格の,cefrj+ai
4543,bearing,noun,B2,4,8,関係、ふるまい,cefrj+ai
4544,completion,noun,B2,4,8,完成、完了,cefrj+ai
4545,employer,noun,B2,4,8,雇い主、使用者,cefrj
4546,fluid,adj,B2,4,8,流体（名）、 流動的な（形）,cefrj
4547,interpretation,noun,B2,4,8,解釈、通訳,cefrj
4548,legitimate,adj,B2,4,8,正当な、合法な,cefrj
4549,outfit,noun,B2,4,8,服装、一そろいの服,cefrj+ai
4550,pension,noun,B2,4,8,年金、恩給,cefrj
4551,sue,verb,B2,4,8,訴える,cefrj+ai
4552,backup,noun,B2,4,8,予備、バックアップ,cefrj+ai
4553,evaluation,noun,B2,4,8,評価、査定,cefrj
4554,holder,noun,B2,4,8,保持者、入れ物,cefrj
4555,hood,noun,B2,4,8,フード、ずきん,cefrj+ai
4556,identical,adj,B2,4,8,同一の,cefrj
4557,manufacturer,noun,B2,4,8,製造業者、メーカー,cefrj
4558,skip,verb,B2,4,8,スキップ、飛ばす,cefrj
4559,snap,verb,B2,4,8,折れる、素早く動く,cefrj
4560,veteran,noun,B2,4,8,退役軍人、熟練者,cefrj
4561,wealthy,adj,B2,4,8,裕福な、富裕な,cefrj
4562,additionally,adv,B2,4,8,さらに、そのうえ,cefrj+ai
4563,caring,adj,B2,4,8,思いやりのある、面倒見のよい,cefrj+ai
4564,distinguished,adj,B2,4,8,著名な、優れた,cefrj+ai
4565,dose,noun,B2,4,8,服用量,cefrj
4566,flesh,noun,B2,4,8,肉,cefrj
4567,flip,verb,B2,4,8,反転する、はじく,cefrj
4568,implement,noun,B2,4,8,実行する、道具,cefrj
4569,laser,noun,B2,4,8,レーザー,cefrj+ai
4570,opponent,noun,B2,4,8,相手、敵対者,cefrj
4571,patch,noun,B2,4,8,つぎ当て、小区画,cefrj+ai
4572,precisely,adv,B2,4,8,正確に、まさに,cefrj
4573,privilege,noun,B2,4,8,特権、名誉,cefrj
4574,radar,noun,B2,4,8,レーダー,cefrj
4575,striking,adj,B2,4,8,印象的な、際立った,cefrj+ai
4576,villa,noun,B2,4,8,別荘,cefrj+ai
4577,blade,noun,B2,4,8,刃,cefrj+ai
4578,destiny,noun,B2,4,8,宿命、運命,cefrj+ai
4579,electronics,noun,B2,4,8,電子工学、電子機器,cefrj+ai
4580,nerve,noun,B2,4,8,神経、勇気,cefrj
4581,nightmare,noun,B2,4,8,悪夢,cefrj+ai
4582,practically,adv,B2,4,8,ほとんど、実際的に,cefrj+ai
4583,ram,noun,B2,4,8,雄羊,cefrj+ai
4584,balanced,adj,B2,4,8,バランスのとれた,cefrj+ai
4585,ceiling,noun,B2,4,8,天井,cefrj+ai
4586,cherry,noun,B2,4,8,サクランボ、桜,cefrj+ai
4587,classification,noun,B2,4,8,分類,cefrj
4588,costume,noun,B2,4,8,衣装、仮装,cefrj+ai
4589,devoted,adj,B2,4,8,献身的な、熱心な,cefrj+ai
4590,grain,noun,B2,4,8,穀物、粒,cefrj
4591,identification,noun,B2,4,8,確認、識別、身分証明書,cefrj
4592,lap,noun,B2,4,8,ひざ、1周,cefrj+ai
4593,mixture,noun,B2,4,8,混合物、入り混じったもの,cefrj
4594,perception,noun,B2,4,8,知覚、認識,cefrj
4595,physician,noun,B2,4,8,医師,cefrj
4596,rival,noun,B2,4,8,競争相手、好敵手,cefrj
4597,spray,noun,B2,4,8,スプレー、スプレーする、散布する,cefrj
4598,verse,noun,B2,4,8,詩、歌の節,cefrj+ai
4599,adoption,noun,B2,4,8,採用、養子縁組,cefrj+ai
4600,anonymous,adj,B2,4,8,匿名の,cefrj+ai
4601,attendance,noun,B2,4,8,出席、出席者数,cefrj
4602,colonial,adj,B2,4,8,植民地の,cefrj
4603,genre,noun,B2,4,8,ジャンル,cefrj+ai
4604,lease,noun,B2,4,8,賃貸借契約,cefrj+ai
4605,revolutionary,adj,B2,4,8,革新的な,cefrj
4606,scandal,noun,B2,4,8,スキャンダル、不祥事,cefrj+ai
4607,surveillance,noun,B2,4,8,監視,cefrj+ai
4608,testimony,noun,B2,4,8,証言,cefrj+ai
4609,trophy,noun,B2,4,8,トロフィー,cefrj+ai
4610,well-balanced,adj,B2,4,8,つり合いのとれた、健全な,cefrj+ai
4611,ash,noun,B2,4,8,灰,cefrj+ai
4612,embrace,noun,B2,4,8,抱きしめる、受け入れる,cefrj
4613,exhibit,verb,B2,4,8,展示する、展示物,cefrj
4614,icon,noun,B2,4,8,アイコン、象徴,cefrj+ai
4615,legislature,noun,B2,4,8,立法府、立法機関,cefrj+ai
4616,marathon,noun,B2,4,8,マラソン,cefrj+ai
4617,parade,noun,B2,4,8,パレード、行進,cefrj+ai
4618,preliminary,adj,B2,4,8,予備の,cefrj
4619,presidency,noun,B2,4,8,大統領職,cefrj+ai
4620,rocky,adj,B2,4,8,岩の多い、不安定な,cefrj+ai
4621,strictly,adv,B2,4,8,厳密に,cefrj
4622,yield,verb,B2,4,8,産出する、屈する,cefrj
4623,barrier,noun,B2,4,8,障害、防壁,cefrj
4624,medication,noun,B2,4,8,薬、薬物治療,cefrj+ai
4625,stake,noun,B2,4,8,利害関係、賭け金,cefrj
4626,swift,adj,B2,4,8,速い、すばやい,cefrj+ai
4627,tackle,verb,B2,4,8,取り組む、タックルする,cefrj
4628,addiction,noun,B2,4,8,中毒、依存,cefrj+ai
4629,beam,noun,B2,4,8,梁（はり）、光線、ビーム,cefrj
4630,corrupt,adj,B2,4,8,堕落した、汚職の,cefrj+ai
4631,inflation,noun,B2,4,8,通貨膨張、物価上昇,cefrj
4632,justify,verb,B2,4,8,正当化する、弁明する,cefrj
4633,migration,noun,B2,4,8,移動、移住,cefrj
4634,missile,noun,B2,4,8,ミサイル,cefrj
4635,motivated,adj,B2,4,8,やる気のある,cefrj+ai
4636,pearl,noun,B2,4,8,真珠,cefrj+ai
4637,peer,noun,B2,4,8,同僚、同等の人,cefrj
4638,provision,noun,B2,4,8,供給、備え,cefrj
4639,tattoo,noun,B2,4,8,入れ墨、タトゥー,cefrj+ai
4640,availability,noun,B2,4,8,可用性、利用可能,cefrj
4641,chancellor,noun,B2,4,8,首相、総長,cefrj+ai
4642,consciousness,noun,B2,4,8,意識,cefrj
4643,consultant,noun,B2,4,8,相談役、専門指導員,cefrj
4644,corresponding,adj,B2,4,8,対応する、相当する,cefrj+ai
4645,courtesy,noun,B2,4,8,礼儀、親切,cefrj+ai
4646,demanding,adj,B2,4,8,要求の厳しい、きつい,cefrj+ai
4647,eagle,noun,B2,4,8,ワシ,cefrj+ai
4648,embassy,noun,B2,4,8,大使館,cefrj+ai
4649,flexible,adj,B2,4,8,柔軟な、適応性のある,cefrj
4650,helicopter,noun,B2,4,8,ヘリコプター,cefrj+ai
4651,infected,adj,B2,4,8,感染した,cefrj+ai
4652,keen,adj,B2,4,8,熱心な、鋭い,cefrj
4653,prospect,noun,B2,4,8,見通し、見込み,cefrj
4654,retreat,noun,B2,4,8,退却、避難所,cefrj+ai
4655,skilled,adj,B2,4,8,熟練した,cefrj+ai
4656,deer,noun,B2,4,8,シカ,cefrj+ai
4657,excessive,adj,B2,4,8,過度の,cefrj+ai
4658,journalism,noun,B2,4,8,ジャーナリズム、報道,cefrj+ai
4659,pursuit,noun,B2,4,8,追求、追跡,cefrj+ai
4660,reminder,noun,B2,4,8,思い出させるもの、催促,cefrj+ai
4661,resume,verb,B2,4,8,再開する,cefrj+ai
4662,ridge,noun,B2,4,8,尾根,cefrj+ai
4663,tribe,noun,B2,4,8,部族,cefrj
4664,worrying,adj,B2,4,8,心配な、気になる,cefrj+ai
4665,alternate,verb,B2,4,8,交互にする、交代する,cefrj+ai
4666,bankruptcy,noun,B2,4,8,破産、倒産,cefrj+ai
4667,canon,noun,B2,4,8,規範、正典,cefrj+ai
4668,closure,noun,B2,4,8,終末,cefrj
4669,convert,verb,B2,4,8,変換する、改宗する,cefrj
4670,dental,adj,B2,4,8,歯の、歯科の,cefrj+ai
4671,editorial,noun,B2,4,8,社説,cefrj+ai
4672,entertaining,adj,B2,4,8,楽しませる、愉快な,cefrj+ai
4673,grip,noun,B2,4,8,握ること、つかみ,cefrj+ai
4674,humble,adj,B2,4,8,謙虚な、質素な,cefrj+ai
4675,hybrid,adj,B2,4,8,雑種の、ハイブリッドの,cefrj+ai
4676,openly,adv,B2,4,8,公然と、率直に,cefrj+ai
4677,respected,adj,B2,4,8,尊敬されている,cefrj+ai
4678,voter,noun,B2,4,8,有権者、投票者,cefrj
4679,ally,noun,B2,4,8,同盟国、味方,cefrj
4680,booth,noun,B2,4,8,ブース、小部屋,cefrj+ai
4681,breakdown,noun,B2,4,8,故障、破壊,cefrj
4682,consensus,noun,B2,4,8,合意、コンセンサス,cefrj
4683,fatal,adj,B2,4,8,命にかかわる、致命的な,cefrj+ai
4684,genuinely,adv,B2,4,8,心から、本当に,cefrj+ai
4685,import,verb,B2,4,8,輸入する、輸入品,cefrj
4686,innovative,adj,B2,4,8,革新的な,cefrj+ai
4687,mighty,adj,B2,4,8,強力な,cefrj+ai
4688,pine,noun,B2,4,8,松,cefrj+ai
4689,pose,noun,B2,4,8,ポーズをとる、提起する,cefrj
4690,rental,noun,B2,4,8,賃貸、レンタル,cefrj+ai
4691,technically,adv,B2,4,8,技術的に、専門的に言うと,cefrj
4692,unlimited,adj,B2,4,8,無制限の,cefrj+ai
4693,bombing,noun,B2,4,8,爆撃,cefrj+ai
4694,darling,adj,B2,4,8,かわいい、最愛の,cefrj+ai
4695,influential,adj,B2,4,8,影響力のある,cefrj
4696,invisible,adj,B2,4,8,目に見えない,cefrj+ai
4697,lawsuit,noun,B2,4,8,訴訟,cefrj+ai
4698,leak,noun,B2,4,8,漏れ、漏えい,cefrj+ai
4699,olive,noun,B2,4,8,オリーブ,cefrj+ai
4700,passionate,adj,B2,4,8,情熱的な,cefrj+ai
4701,recommendation,noun,B2,4,8,推薦、勧告,cefrj
4702,servant,noun,B2,4,8,使用人、召使,cefrj
4703,smash,verb,B2,4,8,粉々に割る、打ち砕く,cefrj+ai
4704,surrender,verb,B2,4,8,降伏する,cefrj+ai
4705,suspicious,adj,B2,4,8,疑わしい、怪しい,cefrj+ai
4706,tender,adj,B2,4,8,柔らかい、優しい,cefrj
4707,thoroughly,adv,B2,4,8,徹底的に、すっかり,cefrj+ai
4708,beneficial,adj,B2,4,8,有益な、役に立つ,cefrj+ai
4709,bud,noun,B2,4,8,芽、つぼみ,cefrj+ai
4710,console,verb,B2,4,8,慰める,cefrj+ai
4711,fabric,noun,B2,4,8,織物,cefrj
4712,fabulous,adj,B2,4,8,すばらしい、すてきな,cefrj+ai
4713,freak,verb,B2,4,8,取り乱す、パニックになる,cefrj+ai
4714,gambling,noun,B2,4,8,ギャンブル、賭け事,cefrj+ai
4715,gently,adv,B2,4,8,優しく、穏やかに,cefrj
4716,grief,noun,B2,4,8,深い悲しみ、悲嘆,cefrj+ai
4717,pastor,noun,B2,4,8,牧師,cefrj+ai
4718,rebel,noun,B2,4,8,反逆者,cefrj+ai
4719,separately,adv,B2,4,8,別々に,cefrj
4720,subtle,adj,B2,4,8,微妙な、 繊細な、巧妙な,cefrj
4721,toll,noun,B2,4,8,通行料、死傷者数,cefrj+ai
4722,trainer,noun,B2,4,8,トレーナー、指導者,cefrj+ai
4723,underneath,adv,B2,4,8,下に,cefrj
4724,variation,noun,B2,4,8,変化、差異,cefrj
4725,widow,noun,B2,4,8,未亡人,cefrj+ai
4726,assess,verb,B2,4,8,評価する、査定する,cefrj
4727,assumption,noun,B2,4,8,想定、引き受けること,cefrj
4728,bio,noun,B2,4,8,経歴、略歴,cefrj+ai
4729,capability,noun,B2,4,8,能力、才能,cefrj
4730,charming,adj,B2,4,8,魅力的な,cefrj+ai
4731,drain,noun,B2,4,8,配水管、排出する,cefrj
4732,flame,noun,B2,4,8,炎,cefrj+ai
4733,hint,noun,B2,4,8,手がかり、ほのめかす,cefrj
4734,nationwide,adj,B2,4,8,全国的な,cefrj+ai
4735,nicely,adv,B2,4,8,うまく、よく,cefrj
4736,nomination,noun,B2,4,8,指名、推薦,cefrj+ai
4737,obligation,noun,B2,4,8,義務、恩義,cefrj
4738,outlook,noun,B2,4,8,見通し、考え方,cefrj+ai
4739,petty,adj,B2,4,8,ささいな、けちな,cefrj+ai
4740,rainbow,noun,B2,4,8,虹,cefrj+ai
4741,reed,noun,B2,4,8,アシ,cefrj+ai
4742,span,verb,B2,4,8,期間、架かる、及ぶ,cefrj
4743,accommodation,noun,B2,4,8,宿泊施設、便宜,cefrj
4744,assure,verb,B2,4,8,保証する、確信させる,cefrj
4745,ballot,noun,B2,4,8,投票、投票用紙,cefrj+ai
4746,cemetery,noun,B2,4,8,墓地,cefrj+ai
4747,cheat,verb,B2,4,8,だます,cefrj
4748,deficit,noun,B2,4,8,赤字、不足額,cefrj
4749,fiber,noun,B2,4,8,繊維 、ファイバー,cefrj
4750,independently,adv,B2,4,8,独立して,cefrj
4751,interactive,adj,B2,4,8,双方向の、対話型の,cefrj+ai
4752,intimate,adj,B2,4,8,親密な,cefrj+ai
4753,laundry,noun,B2,4,8,洗濯、洗濯物,cefrj+ai
4754,politically,adv,B2,4,8,政治的に,cefrj
4755,presumably,adv,B2,4,8,たぶん、思うに,cefrj
4756,pulse,noun,B2,4,8,脈拍,cefrj
4757,temporarily,adv,B2,4,8,一時的に,cefrj+ai
4758,adequate,adj,B2,4,8,適切な、十分な,cefrj
4759,alter,verb,B2,4,8,変える、改める,cefrj
4760,buzz,noun,B2,4,8,ブンブンいう音、ざわめき,cefrj+ai
4761,detect,verb,B2,4,8,探知する、見つけ出す,cefrj
4762,dip,verb,B2,4,8,ちょっと浸す,cefrj+ai
4763,effectiveness,noun,B2,4,8,有効性,cefrj
4764,exceptional,adj,B2,4,8,並外れた、例外的な,cefrj+ai
4765,foul,adj,B2,4,8,不快な、汚い,cefrj+ai
4766,frankly,adv,B2,4,8,率直に,cefrj+ai
4767,ignorant,adj,B2,4,8,無知な、知らない,cefrj+ai
4768,medieval,adj,B2,4,8,中世の,cefrj+ai
4769,mobility,noun,B2,4,8,動きやすさ、移動性,cefrj
4770,sophisticated,adj,B2,4,8,洗練された、高度な,cefrj+ai
4771,stack,noun,B2,4,8,山、積み上げる,cefrj
4772,thesis,noun,B2,4,8,論文、命題,cefrj
4773,withdraw,verb,B2,4,8,引き出す、撤退する,cefrj
4774,withdrawal,noun,B2,4,8,撤退、引き出し,cefrj+ai
4775,audit,noun,B2,4,8,監査,cefrj
4776,bolt,noun,B2,4,8,ボルト、稲妻,cefrj+ai
4777,cope,verb,B2,4,8,うまく対処する,cefrj
4778,creepy,adj,B2,4,8,気味の悪い,cefrj+ai
4779,donate,verb,B2,4,8,寄付する,cefrj+ai
4780,enhance,verb,B2,4,8,高める、向上させる,cefrj
4781,ignorance,noun,B2,4,8,無知,cefrj+ai
4782,immigrant,noun,B2,4,8,移住者、移民,cefrj
4783,likewise,adv,B2,4,8,同様に,cefrj
4784,mathematical,adj,B2,4,8,数学の,cefrj
4785,nut,noun,B2,4,8,木の実、ナット,cefrj+ai
4786,recreation,noun,B2,4,8,娯楽、レクリエーション,cefrj+ai
4787,sketch,verb,B2,4,8,スケッチ,cefrj
4788,spite,noun,B2,4,8,悪意、意地悪,cefrj+ai
4789,analyst,noun,B2,4,8,分析者、専門家,cefrj
4790,arctic,adj,B2,4,8,北極の,cefrj+ai
4791,cease,verb,B2,4,8,やめる、終わる,cefrj+ai
4792,elect,verb,B2,4,8,選出する、選ぶ,cefrj
4793,lobby,noun,B2,4,8,ロビー,cefrj+ai
4794,modest,adj,B2,4,8,控えめな、ほどほどの,cefrj+ai
4795,navigation,noun,B2,4,8,航海、ナビゲーション,cefrj+ai
4796,profitable,adj,B2,4,8,もうかる、有益な,cefrj+ai
4797,reasonably,adv,B2,4,8,合理的に、かなり,cefrj
4798,supplement,noun,B2,4,8,補足、栄養補助剤,cefrj
4799,trunk,noun,B2,4,8,幹、トランク,cefrj+ai
4800,varied,adj,B2,4,8,さまざまな,cefrj+ai
4801,accordingly,adv,B2,4,8,それに応じて、したがって,cefrj+ai
4802,anchor,noun,B2,4,8,いかり,cefrj+ai
4803,arch,noun,B2,4,8,アーチ,cefrj+ai
4804,axis,noun,B2,4,8,軸,cefrj
4805,badge,noun,B2,4,8,バッジ、記章,cefrj+ai
4806,bizarre,adj,B2,4,8,奇妙な,cefrj
4807,complexity,noun,B2,4,8,複雑さ、複雑なもの,cefrj
4808,deliberately,adv,B2,4,8,意図的に,cefrj
4809,dignity,noun,B2,4,8,威厳、尊厳,cefrj+ai
4810,dimension,noun,B2,4,8,寸法、側面,cefrj
4811,equation,noun,B2,4,8,方程式、等式,cefrj
4812,extract,noun,B2,4,8,抽出する、引き抜く,cefrj
4813,flexibility,noun,B2,4,8,柔軟性,cefrj
4814,goat,noun,B2,4,8,ヤギ,cefrj
4815,ideology,noun,B2,4,8,イデオロギー,cefrj
4816,keeper,noun,B2,4,8,番人、管理人,cefrj+ai
4817,mansion,noun,B2,4,8,大邸宅,cefrj+ai
4818,nerves,noun,B2,4,8,神経、緊張,cefrj+ai
4819,resignation,noun,B2,4,8,辞職、辞任,cefrj+ai
4820,rider,noun,B2,4,8,乗り手、騎手,cefrj+ai
4821,ritual,noun,B2,4,8,儀式,cefrj
4822,slam,verb,B2,4,8,バタンと閉める,cefrj+ai
4823,utterly,adv,B2,4,8,まったく、完全に,cefrj+ai
4824,width,noun,B2,4,8,幅,cefrj+ai
4825,aluminum,noun,B2,4,8,アルミニウム,cefrj
4826,evaluate,verb,B2,4,8,評価する、査定する,cefrj
4827,massage,noun,B2,4,8,マッサージ,cefrj+ai
4828,pad,noun,B2,4,8,当て物、メモ帳,cefrj+ai
4829,privately,adv,B2,4,8,内密に、個人的に,cefrj+ai
4830,sail,verb,B2,4,8,航行する、帆,cefrj
4831,seller,noun,B2,4,8,売り手,cefrj+ai
4832,tan,noun,B2,4,8,日焼け,cefrj+ai
4833,transparent,adj,B2,4,8,透明な,cefrj+ai
4834,vitamin,noun,B2,4,8,ビタミン,cefrj
4835,wheat,noun,B2,4,8,小麦,cefrj
4836,whip,verb,B2,4,8,むちで打つ、泡立てる,cefrj+ai
4837,wipe,verb,B2,4,8,拭く、ぬぐう,cefrj
4838,acute,adj,B2,4,8,鋭い、深刻な、急性の,cefrj
4839,considerably,adv,B2,4,8,かなり,cefrj+ai
4840,cottage,noun,B2,4,8,小さな家、いなかの家,cefrj+ai
4841,dash,noun,B2,4,8,突進、ダッシュ,cefrj+ai
4842,disposal,noun,B2,4,8,処分、処理,cefrj+ai
4843,donation,noun,B2,4,8,寄付,cefrj+ai
4844,outlet,noun,B2,4,8,アウトレット,cefrj
4845,publicity,noun,B2,4,8,宣伝、評判,cefrj+ai
4846,vaccine,noun,B2,4,8,ワクチン,cefrj+ai
4847,barn,noun,B2,4,8,納屋,cefrj+ai
4848,cathedral,noun,B2,4,8,大聖堂,cefrj+ai
4849,clause,noun,B2,4,8,条項、節,cefrj
4850,dock,noun,B2,4,8,波止場、ドック,cefrj+ai
4851,entrepreneur,noun,B2,4,8,起業家,cefrj+ai
4852,expectation,noun,B2,4,8,期待、予想,cefrj
4853,expedition,noun,B2,4,8,遠征、探検,cefrj+ai
4854,facilitate,verb,B2,4,8,促進する,cefrj
4855,feat,noun,B2,4,8,偉業,cefrj+ai
4856,infant,noun,B2,4,8,乳児、幼児,cefrj
4857,injection,noun,B2,4,8,注射、注入,cefrj
4858,insult,noun,B2,4,8,侮辱,cefrj+ai
4859,neat,adj,B2,4,8,きちんとした,cefrj
4860,outbreak,noun,B2,4,8,発生、勃発,cefrj+ai
4861,probe,noun,B2,4,8,探査、プローブ、探査する,cefrj
4862,sneak,verb,B2,4,8,こっそり動く、こそこそする,cefrj+ai
4863,spark,noun,B2,4,8,火花,cefrj+ai
4864,colleague,noun,B2,4,8,同僚、同業者,cefrj
4865,dense,adj,B2,4,8,濃い、密集した,cefrj
4866,desperately,adv,B2,4,8,必死に,cefrj+ai
4867,financially,adv,B2,4,8,財政的に、経済的に,cefrj+ai
4868,furious,adj,B2,4,8,激怒した,cefrj+ai
4869,jaw,noun,B2,4,8,あご,cefrj+ai
4870,lawn,noun,B2,4,8,芝生,cefrj+ai
4871,manufacture,noun,B2,4,8,製造する、製品,cefrj
4872,oval,adj,B2,4,8,楕円形の,cefrj+ai
4873,refugee,noun,B2,4,8,難民、亡命者,cefrj
4874,seasonal,adj,B2,4,8,季節の,cefrj+ai
4875,sensible,adj,B2,4,8,賢明な、分別のある,cefrj
4876,twisted,adj,B2,4,8,ねじれた、ゆがんだ,cefrj+ai
4877,berry,noun,B2,4,8,ベリー,cefrj+ai
4878,certification,noun,B2,4,8,認定、資格証明,cefrj+ai
4879,compatible,adj,B2,4,8,互換性のある、相性のよい,cefrj+ai
4880,explosive,adj,B2,4,8,爆発性の,cefrj+ai
4881,frontier,noun,B2,4,8,国境、辺境,cefrj+ai
4882,geographic,adj,B2,4,8,地理の、地理学上の,cefrj+ai
4883,grasp,noun,B2,4,8,握る、把握する、握ること,cefrj
4884,incentive,noun,B2,4,8,動機、励み,cefrj
4885,madness,noun,B2,4,8,狂気,cefrj+ai
4886,merger,noun,B2,4,8,合併,cefrj+ai
4887,resign,verb,B2,4,8,辞任する、辞職する,cefrj
4888,rub,verb,B2,4,8,こする,cefrj
4889,slap,noun,B2,4,8,平手打ち,cefrj+ai
4890,superintendent,noun,B2,4,8,管理者、教育長,cefrj+ai
4891,sweep,verb,B2,4,8,掃く、一掃する,cefrj
4892,therapist,noun,B2,4,8,セラピスト、療法士,cefrj+ai
4893,thereafter,adv,B2,4,8,その後,cefrj+ai
4894,tuition,noun,B2,4,8,授業料、指導,cefrj+ai
4895,tumor,noun,B2,4,8,腫瘍,cefrj
4896,bothered,adj,B2,4,8,気にしている、困っている,cefrj+ai
4897,coincidence,noun,B2,4,8,偶然の一致,cefrj+ai
4898,conscience,noun,B2,4,8,良心,cefrj+ai
4899,dedication,noun,B2,4,8,ひたむきさ、献身,cefrj+ai
4900,employ,verb,B2,4,8,雇う、用いる,cefrj
4901,enforce,verb,B2,4,8,施行する、強制する,cefrj+ai
4902,investor,noun,B2,4,8,投資家,cefrj
4903,nominee,noun,B2,4,8,候補者、指名された人,cefrj+ai
4904,oath,noun,B2,4,8,誓い、宣誓,cefrj+ai
4905,pirate,noun,B2,4,8,海賊,cefrj+ai
4906,revelation,noun,B2,4,8,暴露、意外な発見,cefrj+ai
4907,spa,noun,B2,4,8,温泉、スパ,cefrj+ai
4908,sprint,noun,B2,4,8,短距離走、全力疾走,cefrj+ai
4909,superb,adj,B2,4,8,見事な、最高の,cefrj+ai
4910,trek,noun,B2,4,8,長旅、トレッキング,cefrj+ai
4911,tricky,adj,B2,4,8,巧妙な、扱いにくい,cefrj
4912,underwear,noun,B2,4,8,下着、肌着,cefrj+ai
4913,waist,noun,B2,4,8,腰、ウエスト,cefrj+ai
4914,wit,noun,B2,4,8,機知、ウィット,cefrj+ai
4915,wreck,noun,B2,4,8,残骸、難破船,cefrj+ai
4916,absurd,adj,B2,4,8,ばかげた,cefrj+ai
4917,ballet,noun,B2,4,8,バレエ,cefrj+ai
4918,compassion,noun,B2,4,8,思いやり、同情,cefrj+ai
4919,dramatically,adv,B2,4,8,劇的に、飛躍的に,cefrj
4920,elegant,adj,B2,4,8,上品な、エレガントな,cefrj+ai
4921,execute,verb,B2,4,8,死刑執行する,cefrj
4922,hollow,adj,B2,4,8,空洞の、うつろな,cefrj+ai
4923,lame,adj,B2,4,8,下手な、足の不自由な,cefrj+ai
4924,messenger,noun,B2,4,8,使者、メッセンジャー,cefrj
4925,philosophical,adj,B2,4,8,哲学的な,cefrj
4926,relieved,adj,B2,4,8,ほっとした、安心した,cefrj+ai
4927,supervisor,noun,B2,4,8,上司、監督者,cefrj+ai
4928,terrifying,adj,B2,4,8,恐ろしい,cefrj+ai
4929,wilderness,noun,B2,4,8,荒野、荒れ地,cefrj+ai
4930,gum,noun,B2,4,8,ガム、歯ぐき,cefrj+ai
4931,lance,noun,B2,4,8,やり,cefrj+ai
4932,overtime,adv,B2,4,8,時間外に、残業で,cefrj+ai
4933,postal,adj,B2,4,8,郵便の,cefrj+ai
4934,risky,adj,B2,4,8,危険な、危なっかしい,cefrj+ai
4935,squeeze,verb,B2,4,8,絞る、握りしめる,cefrj+ai
4936,supervision,noun,B2,4,8,監督、管理,cefrj+ai
4937,threaten,verb,B2,4,8,脅かす、脅迫する,cefrj
4938,thrilled,adj,B2,4,8,わくわくした、大喜びの,cefrj+ai
4939,trio,noun,B2,4,8,三人組、三重奏,cefrj+ai
4940,unconscious,adj,B2,4,8,意識不明の、無意識の,cefrj+ai
4941,virtue,noun,B2,4,8,美徳,cefrj
4942,battlefield,noun,B2,4,8,戦場,cefrj+ai
4943,conjunction,noun,B2,4,8,接続詞、結びつき,cefrj+ai
4944,costly,adj,B2,4,8,費用のかかる、高価な,cefrj+ai
4945,desktop,noun,B2,4,8,デスクトップ、机の上,cefrj+ai
4946,discharge,noun,B2,4,8,発砲、排出、解任、排出する、放電する,cefrj
4947,mentor,noun,B2,4,8,メンター,cefrj
4948,merchandise,noun,B2,4,8,商品,cefrj+ai
4949,readily,adv,B2,4,8,容易に,cefrj
4950,revival,noun,B2,4,8,復活、再上演,cefrj+ai
4951,soundtrack,noun,B2,4,8,サウンドトラック,cefrj+ai
4952,sustain,verb,B2,4,8,維持する、耐える,cefrj
4953,triangle,noun,B2,4,8,三角形,cefrj
4954,altitude,noun,B2,4,8,高度,cefrj
4955,competent,adj,B2,4,8,有能な,cefrj
4956,exceed,verb,B2,4,8,超える、上回る,cefrj
4957,fierce,adj,B2,4,8,激しい、どう猛な,cefrj+ai
4958,hail,verb,B2,4,8,呼び止める、称賛する,cefrj+ai
4959,illustration,noun,B2,4,8,挿絵、例証,cefrj
4960,impose,verb,B2,4,8,課す、押しつける,cefrj
4961,mint,noun,B2,4,8,ミント、ハッカ,cefrj+ai
4962,pi,noun,B2,4,8,パイ,cefrj
4963,showcase,noun,B2,4,8,ショーケース、披露の場,cefrj+ai
4964,catalog,noun,B2,4,8,目録、カタログ,cefrj
4965,collector,noun,B2,4,8,収集家,cefrj+ai
4966,exotic,adj,B2,4,8,異国風の、外来の,cefrj+ai
4967,glow,noun,B2,4,8,柔らかな光、輝き,cefrj+ai
4968,hay,noun,B2,4,8,干し草,cefrj+ai
4969,necessity,noun,B2,4,8,必要性、 必需品,cefrj
4970,observer,noun,B2,4,8,観察者、監視者,cefrj
4971,offshore,adj,B2,4,8,沖合の、海外の,cefrj+ai
4972,optional,adj,B2,4,8,選択できる、任意の,cefrj+ai
4973,refuge,noun,B2,4,8,避難所、保護,cefrj+ai
4974,sack,verb,B2,4,8,解雇する、首にする,cefrj+ai
4975,verbal,adj,B2,4,8,言葉による,cefrj
4976,burial,noun,B2,4,8,埋葬,cefrj+ai
4977,drought,noun,B2,4,8,干ばつ,cefrj+ai
4978,hospitality,noun,B2,4,8,おもてなし、歓待,cefrj+ai
4979,misleading,adj,B2,4,8,誤解を招く,cefrj+ai
4980,obsession,noun,B2,4,8,執着、取りつかれること,cefrj+ai
4981,particle,noun,B2,4,8,粒子,cefrj
4982,persistent,adj,B2,4,8,しつこい、粘り強い,cefrj+ai
4983,rack,noun,B2,4,8,棚,cefrj
4984,rejection,noun,B2,4,8,拒絶,cefrj
4985,stern,adj,B2,4,8,厳しい、厳格な,cefrj+ai
4986,stiff,adj,B2,4,8,硬い、こわばった,cefrj+ai
4987,unlock,verb,B2,4,8,鍵を開ける、解除する,cefrj+ai
4988,adverse,adj,B2,4,8,逆の、不利な,cefrj
4989,browser,noun,B2,4,8,ブラウザー,cefrj+ai
4990,cocktail,noun,B2,4,8,カクテル,cefrj+ai
4991,imprisonment,noun,B2,4,8,投獄、懲役,cefrj+ai
4992,midst,noun,B2,4,8,真ん中、最中,cefrj+ai
4993,nursery,noun,B2,4,8,保育園、子ども部屋,cefrj+ai
4994,plague,noun,B2,4,8,疫病、ペスト,cefrj+ai
4995,recruit,verb,B2,4,8,採用する、新人を募る,cefrj
4996,sharply,adv,B2,4,8,鋭く、急激に,cefrj+ai
4997,specialty,noun,B2,4,8,専門、特殊、名物,cefrj
4998,supernatural,adj,B2,4,8,超自然の,cefrj+ai
4999,tomb,noun,B2,4,8,墓,cefrj+ai
5000,adjustment,noun,B2,4,8,調整、適応,cefrj
5001,bomber,noun,B2,4,8,爆撃機、爆弾犯,cefrj+ai
5002,coconut,noun,B2,4,8,ココナッツ,cefrj+ai
5003,confession,noun,B2,4,8,告白、自白,cefrj+ai
5004,corridor,noun,B2,4,8,廊下、通路,cefrj+ai
5005,critically,adv,B2,4,8,批判的に,cefrj
5006,interfere,verb,B2,4,8,干渉する,cefrj
5007,intersection,noun,B2,4,8,交差点,cefrj+ai
5008,metric,adj,B2,4,8,メートル法の,cefrj+ai
5009,pointless,adj,B2,4,8,無意味な,cefrj+ai
5010,proximity,noun,B2,4,8,近いこと、近接,cefrj+ai
5011,qualification,noun,B2,4,8,資格、適性,cefrj
5012,ranger,noun,B2,4,8,森林警備隊員,cefrj+ai
5013,terrace,noun,B2,4,8,テラス,cefrj+ai
5014,undoubtedly,adv,B2,4,8,疑いなく、確かに,cefrj+ai
5015,backyard,noun,B2,4,8,裏庭,cefrj+ai
5016,bully,verb,B2,4,8,いじめる,cefrj+ai
5017,consult,verb,B2,4,8,相談する、調べる,cefrj
5018,dominate,verb,B2,4,8,支配する、優位に立つ,cefrj
5019,economist,noun,B2,4,8,経済学者,cefrj
5020,informal,adj,B2,4,8,非公式の,cefrj
5021,neighboring,adj,B2,4,8,隣の、近隣の,cefrj+ai
5022,optimistic,adj,B2,4,8,楽観的な,cefrj+ai
5023,owl,noun,B2,4,8,フクロウ,cefrj+ai
5024,regulate,verb,B2,4,8,規制する、調整する,cefrj
5025,salon,noun,B2,4,8,美容院、サロン,cefrj+ai
5026,unacceptable,adj,B2,4,8,受け入れられない,cefrj+ai
5027,unaware,adj,B2,4,8,気づかない、知らない,cefrj+ai
5028,uncommon,adj,B2,4,8,珍しい、まれな,cefrj+ai
5029,zip,noun,B2,4,8,ファスナー、チャック,cefrj+ai
5030,carnival,noun,B2,4,8,カーニバル、謝肉祭,cefrj+ai
5031,cooperative,adj,B2,4,8,協力的な,cefrj+ai
5032,coral,noun,B2,4,8,サンゴ,cefrj+ai
5033,correspondent,noun,B2,4,8,特派員、通信員,cefrj+ai
5034,fictional,adj,B2,4,8,架空の、作り話の,cefrj+ai
5035,fulfill,verb,B2,4,8,果たす、満たす,cefrj
5036,instinct,noun,B2,4,8,本能,cefrj
5037,morality,noun,B2,4,8,道徳、倫理,cefrj
5038,mortal,adj,B2,4,8,死ぬ運命の、致命的な,cefrj+ai
5039,prestigious,adj,B2,4,8,名門の、一流の,cefrj+ai
5040,prompt,adj,B2,4,8,迅速な、促す,cefrj
5041,relay,noun,B2,4,8,リレー、中継,cefrj+ai
5042,symbolic,adj,B2,4,8,象徴的な、記号の,cefrj
5043,clarify,verb,B2,4,8,明確にする,cefrj
5044,correspondence,noun,B2,4,8,文通、 通信,cefrj
5045,desirable,adj,B2,4,8,望ましい,cefrj+ai
5046,dismiss,verb,B2,4,8,解雇する、退ける,cefrj
5047,explorer,noun,B2,4,8,探検家,cefrj+ai
5048,governmental,adj,B2,4,8,政府の,cefrj+ai
5049,lengthy,adj,B2,4,8,長い、長ったらしい,cefrj+ai
5050,mock,adj,B2,4,8,模擬の、にせの,cefrj+ai
5051,porch,noun,B2,4,8,玄関ポーチ、ベランダ,cefrj+ai
5052,possessed,adj,B2,4,8,取りつかれた,cefrj+ai
5053,recession,noun,B2,4,8,不景気、景気後退,cefrj+ai
5054,rim,noun,B2,4,8,ふち、へり,cefrj+ai
5055,secondly,adv,B2,4,8,第2に,cefrj
5056,successive,adj,B2,4,8,連続する、相次ぐ,cefrj+ai
5057,tub,noun,B2,4,8,浴槽、おけ,cefrj+ai
5058,undergraduate,noun,B2,4,8,学部生,cefrj
5059,utter,verb,B2,4,8,口に出す、発する,cefrj+ai
5060,bracket,noun,B2,4,8,括弧,cefrj
5061,exile,noun,B2,4,8,亡命、追放,cefrj+ai
5062,outrage,noun,B2,4,8,激しい怒り、暴挙,cefrj+ai
5063,paperwork,noun,B2,4,8,書類仕事、事務,cefrj+ai
5064,promptly,adv,B2,4,8,すぐに、即座に,cefrj+ai
5065,sincere,adj,B2,4,8,誠実な、心からの,cefrj+ai
5066,supplier,noun,B2,4,8,供給者、納入業者,cefrj
5067,swan,noun,B2,4,8,ハクチョウ,cefrj+ai
5068,testify,verb,B2,4,8,証言する,cefrj+ai
5069,tolerate,verb,B2,4,8,我慢する、許容する,cefrj+ai
5070,cone,noun,B2,4,8,円錐,cefrj
5071,decay,verb,B2,4,8,腐敗、減衰、腐敗する、崩壊する,cefrj
5072,exploit,verb,B2,4,8,不当に利用する、搾取する,cefrj
5073,gateway,noun,B2,4,8,入り口、玄関口,cefrj+ai
5074,imagery,noun,B2,4,8,描写、イメージ,cefrj+ai
5075,imply,verb,B2,4,8,ほのめかす、暗示する,cefrj
5076,investigator,noun,B2,4,8,調査員、捜査官,cefrj+ai
5077,naughty,adj,B2,4,8,いたずらな、行儀の悪い,cefrj+ai
5078,obey,verb,B2,4,8,従う,cefrj+ai
5079,overly,adv,B2,4,8,過度に、あまりに,cefrj+ai
5080,pumpkin,noun,B2,4,8,カボチャ,cefrj+ai
5081,ramp,noun,B2,4,8,傾斜路、スロープ,cefrj+ai
5082,sage,noun,B2,4,8,賢人、セージ,cefrj+ai
5083,straightforward,adj,B2,4,8,まっすぐな、率直な、正直な,cefrj
5084,thoughtful,adj,B2,4,8,思いやりのある、考え深い,cefrj+ai
5085,zoom,noun,B2,4,8,ズーム,cefrj+ai
5086,addicted,adj,B2,4,8,中毒の、夢中の,cefrj+ai
5087,athletics,noun,B2,4,8,陸上競技、運動競技,cefrj+ai
5088,broadly,adv,B2,4,8,広く,cefrj
5089,compression,noun,B2,4,8,圧縮,cefrj+ai
5090,confess,verb,B2,4,8,告白する、白状する,cefrj+ai
5091,cube,noun,B2,4,8,立方体,cefrj+ai
5092,decoration,noun,B2,4,8,飾り、装飾,cefrj+ai
5093,deliberate,adj,B2,4,8,意図的な、慎重な,cefrj+ai
5094,dye,noun,B2,4,8,染料、染める,cefrj
5095,globally,adv,B2,4,8,世界的に,cefrj+ai
5096,inadequate,adj,B2,4,8,不十分な、不適切な,cefrj+ai
5097,scent,noun,B2,4,8,香り、におい,cefrj+ai
5098,surge,noun,B2,4,8,急増、押し寄せること,cefrj+ai
5099,worthless,adj,B2,4,8,価値のない,cefrj+ai
5100,yacht,noun,B2,4,8,ヨット,cefrj+ai
5101,advancement,noun,B2,4,8,進歩、昇進,cefrj+ai
5102,alternatively,adv,B2,4,8,あるいは、代わりに,cefrj+ai
5103,assurance,noun,B2,4,8,保証、確信,cefrj+ai
5104,bidding,noun,B2,4,8,入札、命令,cefrj+ai
5105,doom,noun,B2,4,8,破滅、悪い運命,cefrj+ai
5106,exhaust,noun,B2,4,8,疲れ果てさせる、排気,cefrj
5107,flee,verb,B2,4,8,逃げる,cefrj+ai
5108,honorable,adj,B2,4,8,立派な、名誉ある,cefrj+ai
5109,infectious,adj,B2,4,8,伝染性の,cefrj
5110,interpret,verb,B2,4,8,通訳する、解釈する,cefrj
5111,lid,noun,B2,4,8,ふた,cefrj+ai
5112,masterpiece,noun,B2,4,8,傑作,cefrj+ai
5113,melody,noun,B2,4,8,メロディー、旋律,cefrj+ai
5114,narrator,noun,B2,4,8,語り手、ナレーター,cefrj+ai
5115,partisan,noun,B2,4,8,熱烈な支持者、党員,cefrj+ai
5116,reluctant,adj,B2,4,8,気が進まない、嫌がる,cefrj+ai
5117,respiratory,adj,B2,4,8,呼吸器の,cefrj
5118,roommate,noun,B2,4,8,ルームメイト,cefrj+ai
5119,suburb,noun,B2,4,8,郊外,cefrj+ai
5120,sympathetic,adj,B2,4,8,同情的な、共感する,cefrj+ai
5121,altar,noun,B2,4,8,祭壇,cefrj+ai
5122,awe,noun,B2,4,8,畏敬の念、おそれ,cefrj+ai
5123,conductor,noun,B2,4,8,指揮者、車掌,cefrj+ai
5124,confront,verb,B2,4,8,立ち向かう、直面する,cefrj+ai
5125,decisive,adj,B2,4,8,決定的な、決断力のある,cefrj+ai
5126,decorative,adj,B2,4,8,装飾的な、飾りの,cefrj+ai
5127,evolve,verb,B2,4,8,進化する、発展する,cefrj
5128,explode,verb,B2,4,8,爆発する,cefrj+ai
5129,hairy,adj,B2,4,8,毛深い,cefrj+ai
5130,madame,noun,B2,4,8,〜夫人、マダム,cefrj+ai
5131,microwave,noun,B2,4,8,電子レンジ,cefrj+ai
5132,ounce,noun,B2,4,8,オンス,cefrj+ai
5133,peel,noun,B2,4,8,（果物の）皮,cefrj+ai
5134,royalty,noun,B2,4,8,王族、印税,cefrj+ai
5135,sufficiently,adv,B2,4,8,十分に,cefrj
5136,vacant,adj,B2,4,8,空いている、空室の,cefrj+ai
5137,cooperate,verb,B2,4,8,協力する,cefrj+ai
5138,harmless,adj,B2,4,8,無害な,cefrj+ai
5139,hygiene,noun,B2,4,8,衛生,cefrj+ai
5140,neglect,noun,B2,4,8,怠る、放置する,cefrj
5141,patriotic,adj,B2,4,8,愛国的な,cefrj+ai
5142,probable,adj,B2,4,8,ありそうな,cefrj+ai
5143,projection,noun,B2,4,8,投影、投射,cefrj
5144,spokesman,noun,B2,4,8,報道官、代弁者,cefrj+ai
5145,starving,adj,B2,4,8,飢えている、腹ぺこの,cefrj+ai
5146,surroundings,noun,B2,4,8,周囲、環境,cefrj+ai
5147,aboriginal,adj,B2,4,8,先住民の、土着の,cefrj+ai
5148,banker,noun,B2,4,8,銀行家,cefrj+ai
5149,compensate,verb,B2,4,8,補償する,cefrj
5150,distraction,noun,B2,4,8,気を散らすもの、気晴らし,cefrj+ai
5151,exclude,verb,B2,4,8,除外する、排除する,cefrj
5152,penguin,noun,B2,4,8,ペンギン,cefrj+ai
5153,prom,noun,B2,4,8,卒業ダンスパーティー,cefrj+ai
5154,specify,verb,B2,4,8,明記する、特定する,cefrj
5155,stab,verb,B2,4,8,刺す,cefrj+ai
5156,whiskey,noun,B2,4,8,ウイスキー,cefrj+ai
5157,attribute,noun,B2,4,8,〜のせいにする、属性,cefrj
5158,audition,noun,B2,4,8,オーディション,cefrj+ai
5159,chop,verb,B2,4,8,切り刻む、たたき切る,cefrj+ai
5160,conquest,noun,B2,4,8,征服,cefrj+ai
5161,crawl,verb,B2,4,8,はう、はって進む,cefrj+ai
5162,guts,noun,B2,4,8,内臓、根性,cefrj+ai
5163,herb,noun,B2,4,8,ハーブ、薬草,cefrj+ai
5164,immortal,adj,B2,4,8,不死の、不滅の,cefrj+ai
5165,insufficient,adj,B2,4,8,不十分な,cefrj+ai
5166,lick,verb,B2,4,8,なめる,cefrj+ai
5167,literal,adj,B2,4,8,文字どおりの,cefrj+ai
5168,modification,noun,B2,4,8,変更,cefrj
5169,mold,noun,B2,4,8,カビ、型,cefrj+ai
5170,outrageous,adj,B2,4,8,とんでもない、ひどい,cefrj+ai
5171,packet,noun,B2,4,8,小さな包み、小箱,cefrj+ai
5172,peach,noun,B2,4,8,桃,cefrj+ai
5173,polo,noun,B2,4,8,ポロ（競技）,cefrj+ai
5174,presenter,noun,B2,4,8,司会者、発表者,cefrj+ai
5175,relieve,verb,B2,4,8,和らげる、安心させる,cefrj+ai
5176,remarkably,adv,B2,4,8,著しく、驚くほど,cefrj+ai
5177,scar,noun,B2,4,8,傷あと,cefrj+ai
5178,seminar,noun,B2,4,8,セミナー,cefrj
5179,trader,noun,B2,4,8,商人、貿易業者,cefrj+ai
5180,valentine,noun,B2,4,8,バレンタインカード、恋人,cefrj+ai
5181,viewer,noun,B2,4,8,視聴者、見る人,cefrj+ai
5182,worm,noun,B2,4,8,虫、ミミズ,cefrj+ai
5183,cane,noun,B2,4,8,つえ、茎,cefrj+ai
5184,catalyst,noun,B2,4,8,触媒、きっかけ,cefrj+ai
5185,crab,noun,B2,4,8,カニ,cefrj+ai
5186,cruelty,noun,B2,4,8,残酷さ、虐待,cefrj+ai
5187,diploma,noun,B2,4,8,卒業証書、修了証,cefrj+ai
5188,predictable,adj,B2,4,8,予測できる,cefrj+ai
5189,reckon,verb,B2,4,8,考える、計算する,cefrj
5190,restriction,noun,B2,4,8,制限、制約,cefrj
5191,bind,verb,B2,4,8,縛る、束縛する,cefrj
5192,boiling,adj,B2,4,8,沸騰している、とても暑い,cefrj+ai
5193,conception,noun,B2,4,8,概念,cefrj
5194,dwarf,noun,B2,4,8,小人,cefrj+ai
5195,forthcoming,adj,B2,4,8,今度の、近く来る,cefrj+ai
5196,ideally,adv,B2,4,8,理想的には,cefrj+ai
5197,inspirational,adj,B2,4,8,感動を与える、励みになる,cefrj+ai
5198,liner,noun,B2,4,8,定期船、裏地,cefrj+ai
5199,merge,verb,B2,4,8,合併する,cefrj
5200,mortar,noun,B2,4,8,モルタル、しっくい,cefrj+ai
5201,prestige,noun,B2,4,8,名声、威信,cefrj+ai
5202,retailer,noun,B2,4,8,小売業者、小売店,cefrj+ai
5203,telescope,noun,B2,4,8,望遠鏡,cefrj+ai
5204,thickness,noun,B2,4,8,厚さ,cefrj
5205,tray,noun,B2,4,8,お盆、トレー,cefrj+ai
5206,unreasonable,adj,B2,4,8,理不尽な、不当な,cefrj+ai
5207,unsure,adj,B2,4,8,確信がない、自信がない,cefrj+ai
5208,utilize,verb,B2,4,8,利用する,cefrj
5209,violate,verb,B2,4,8,違反する、侵害する,cefrj+ai
5210,anticipation,noun,B2,4,8,期待、予想,cefrj+ai
5211,appropriately,adv,B2,4,8,適切に,cefrj+ai
5212,arrogant,adj,B2,4,8,傲慢な、横柄な,cefrj+ai
5213,boxer,noun,B2,4,8,ボクサー,cefrj+ai
5214,coma,noun,B2,4,8,昏睡（状態）,cefrj+ai
5215,comfortably,adv,B2,4,8,快適に、楽に,cefrj+ai
5216,contempt,noun,B2,4,8,軽蔑,cefrj+ai
5217,disappearance,noun,B2,4,8,消失、失踪,cefrj+ai
5218,emergence,noun,B2,4,8,出現,cefrj
5219,endurance,noun,B2,4,8,忍耐、持久力,cefrj+ai
5220,evacuation,noun,B2,4,8,避難,cefrj+ai
5221,exceptionally,adv,B2,4,8,例外的に、並外れて,cefrj+ai
5222,hedge,noun,B2,4,8,生け垣、防衛,cefrj
5223,ironically,adv,B2,4,8,皮肉にも,cefrj+ai
5224,pneumonia,noun,B2,4,8,肺炎,cefrj+ai
5225,potent,adj,B2,4,8,強力な、効き目のある,cefrj+ai
5226,salty,adj,B2,4,8,塩辛い、しょっぱい,cefrj+ai
5227,torch,noun,B2,4,8,たいまつ、懐中電灯,cefrj+ai
5228,unchanged,adj,B2,4,8,変わらない,cefrj+ai
5229,understandable,adj,B2,4,8,理解できる、無理もない,cefrj+ai
5230,upright,adj,B2,4,8,まっすぐな、正直な,cefrj+ai
5231,vanity,noun,B2,4,8,虚栄心、うぬぼれ,cefrj+ai
5232,anticipate,verb,B2,4,8,予期する、楽しみに待つ,cefrj
5233,bankrupt,verb,B2,4,8,倒産させる、破産させる,cefrj+ai
5234,blink,verb,B2,4,8,まばたきする,cefrj+ai
5235,childish,adj,B2,4,8,子どもっぽい、幼稚な,cefrj+ai
5236,dilemma,noun,B2,4,8,ジレンマ,cefrj
5237,disgrace,noun,B2,4,8,恥、不名誉,cefrj+ai
5238,excel,verb,B2,4,8,優れている、秀でる,cefrj+ai
5239,firstly,adv,B2,4,8,第一に、まず第一に,cefrj
5240,inflammation,noun,B2,4,8,炎症,cefrj+ai
5241,lava,noun,B2,4,8,溶岩,cefrj+ai
5242,metaphor,noun,B2,4,8,隠喩,cefrj
5243,millionaire,noun,B2,4,8,百万長者、大金持ち,cefrj+ai
5244,patriot,noun,B2,4,8,愛国者,cefrj+ai
5245,patron,noun,B2,4,8,後援者、常連客,cefrj+ai
5246,rightly,adv,B2,4,8,正しく、当然,cefrj+ai
5247,shrink,noun,B2,4,8,縮小、精神科医,cefrj+ai
5248,thigh,noun,B2,4,8,太もも,cefrj+ai
5249,undertake,verb,B2,4,8,引き受ける、着手する,cefrj
5250,unsuccessful,adj,B2,4,8,失敗した、うまくいかない,cefrj+ai
5251,caption,noun,B2,4,8,説明文、字幕,cefrj+ai
5252,condemn,verb,B2,4,8,非難する、有罪判決を下す,cefrj+ai
5253,disguise,noun,B2,4,8,変装,cefrj+ai
5254,impulse,noun,B2,4,8,衝撃,cefrj
5255,inflammatory,adj,B2,4,8,扇動的な、炎症性の,cefrj+ai
5256,integrate,verb,B2,4,8,統合する、融合させる,cefrj
5257,knot,noun,B2,4,8,結び目,cefrj+ai
5258,lecturer,noun,B2,4,8,講師,cefrj
5259,microphone,noun,B2,4,8,マイク,cefrj+ai
5260,miniature,adj,B2,4,8,小型の、ミニチュアの,cefrj+ai
5261,perceive,verb,B2,4,8,気づく、認識する,cefrj
5262,prose,noun,B2,4,8,散文,cefrj+ai
5263,realization,noun,B2,4,8,実感、実現,cefrj+ai
5264,rug,noun,B2,4,8,じゅうたん、敷物,cefrj+ai
5265,steer,verb,B2,4,8,操縦する、導く,cefrj+ai
5266,strive,verb,B2,4,8,努力する、励む,cefrj+ai
5267,temptation,noun,B2,4,8,誘惑,cefrj+ai
5268,thrill,noun,B2,4,8,スリル、わくわく感,cefrj+ai
5269,unpopular,adj,B2,4,8,人気のない,cefrj+ai
5270,ample,adj,B2,4,8,十分な、豊富な,cefrj+ai
5271,analogy,noun,B2,4,8,類似、類推,cefrj
5272,backward,adv,B2,4,8,後ろへ,cefrj
5273,digest,noun,B2,4,8,要約、ダイジェスト,cefrj+ai
5274,distract,verb,B2,4,8,気をそらす,cefrj+ai
5275,funk,noun,B2,4,8,ファンク（音楽）,cefrj+ai
5276,greatness,noun,B2,4,8,偉大さ,cefrj+ai
5277,hazardous,adj,B2,4,8,危険な、有害な,cefrj+ai
5278,hourly,adj,B2,4,8,1時間ごとの,cefrj+ai
5279,illustrate,verb,B2,4,8,説明する、挿絵を入れる,cefrj
5280,litter,noun,B2,4,8,ごみ、散らかったもの,cefrj+ai
5281,pedestrian,noun,B2,4,8,歩行者,cefrj+ai
5282,preferably,adv,B2,4,8,できれば、なるべく,cefrj+ai
5283,proudly,adv,B2,4,8,誇らしげに,cefrj+ai
5284,relaxation,noun,B2,4,8,くつろぎ、息抜き,cefrj+ai
5285,winding,adj,B2,4,8,曲がりくねった,cefrj+ai
5286,adore,verb,B2,4,8,熱愛する、大好きである,cefrj+ai
5287,bikini,noun,B2,4,8,ビキニ,cefrj+ai
5288,captive,noun,B2,4,8,捕虜、とりこ,cefrj+ai
5289,compulsory,adj,B2,4,8,必修の、義務的な,cefrj+ai
5290,delegate,noun,B2,4,8,代表者、代議員,cefrj+ai
5291,functionality,noun,B2,4,8,機能性、機能,cefrj+ai
5292,gaze,noun,B2,4,8,見つめる、凝視,cefrj
5293,idle,adj,B2,4,8,暇な、怠けた,cefrj+ai
5294,limb,noun,B2,4,8,肢,cefrj
5295,moody,adj,B2,4,8,気まぐれな、不機嫌な,cefrj+ai
5296,offender,noun,B2,4,8,犯罪者、違反者,cefrj+ai
5297,overlap,noun,B2,4,8,重複、重なる,cefrj
5298,pentagon,noun,B2,4,8,五角形、米国防総省,cefrj+ai
5299,roar,verb,B2,4,9,ほえる、とどろく,cefrj+ai
5300,stain,noun,B2,4,9,染み、汚れ,cefrj
5301,stimulation,noun,B2,4,9,刺激,cefrj+ai
5302,transcript,noun,B2,4,9,書き起こし、成績証明書,cefrj+ai
5303,unwilling,adj,B2,4,9,〜する気がない、不本意な,cefrj+ai
5304,blaze,noun,B2,4,9,炎、火事,cefrj+ai
5305,broadband,noun,B2,4,9,ブロードバンド,cefrj+ai
5306,bumper,noun,B2,4,9,バンパー,cefrj+ai
5307,diplomat,noun,B2,4,9,外交官,cefrj+ai
5308,firearm,noun,B2,4,9,銃器,cefrj+ai
5309,forestry,noun,B2,4,9,林業,cefrj+ai
5310,ghetto,noun,B2,4,9,スラム街、ゲットー,cefrj+ai
5311,grim,adj,B2,4,9,厳しい、恐ろしい,cefrj+ai
5312,lastly,adv,B2,4,9,最後に,cefrj+ai
5313,manipulate,verb,B2,4,9,操作する,cefrj
5314,negatively,adv,B2,4,9,否定的に、悪く,cefrj+ai
5315,retrieve,verb,B2,4,9,取り戻す、検索する,cefrj
5316,trait,noun,B2,4,9,特徴,cefrj
5317,traitor,noun,B2,4,9,裏切り者,cefrj+ai
5318,troop,noun,B2,4,9,軍隊、群れ,cefrj
5319,underestimate,verb,B2,4,9,過小評価する、甘く見る,cefrj+ai
5320,addict,noun,B2,4,9,中毒者、熱中している人,cefrj+ai
5321,exclusion,noun,B2,4,9,除外、排除,cefrj+ai
5322,navigate,verb,B2,4,9,道案内する、航行する,cefrj+ai
5323,pandemic,adj,B2,4,9,世界的に流行する,cefrj+ai
5324,rehearsal,noun,B2,4,9,リハーサル、下稽古,cefrj+ai
5325,reinforce,verb,B2,4,9,強化する、補強する,cefrj
5326,revive,verb,B2,4,9,生き返らせる、復活させる,cefrj+ai
5327,strand,noun,B2,4,9,糸,cefrj
5328,suspend,verb,B2,4,9,一時停止する、つるす,cefrj
5329,advent,noun,B2,4,9,出現、到来,cefrj+ai
5330,astonishing,adj,B2,4,9,驚くべき,cefrj+ai
5331,chaotic,adj,B2,4,9,混乱した、無秩序な,cefrj+ai
5332,coward,noun,B2,4,9,臆病者,cefrj+ai
5333,dove,noun,B2,4,9,ハト,cefrj+ai
5334,enduring,adj,B2,4,9,長続きする、不朽の,cefrj+ai
5335,goodwill,noun,B2,4,9,善意、好意,cefrj+ai
5336,gradual,adj,B2,4,9,徐々の、緩やかな,cefrj+ai
5337,irresponsible,adj,B2,4,9,無責任な,cefrj+ai
5338,mist,noun,B2,4,9,もや、霧,cefrj+ai
5339,rash,adj,B2,4,9,軽率な、無謀な,cefrj+ai
5340,replica,noun,B2,4,9,複製、レプリカ,cefrj+ai
5341,stimulate,verb,B2,4,9,刺激する、元気づける,cefrj
5342,translator,noun,B2,4,9,翻訳者、通訳,cefrj+ai
5343,transmit,verb,B2,4,9,送信する,cefrj
5344,tutor,noun,B2,4,9,家庭教師,cefrj
5345,unsafe,adj,B2,4,9,安全でない、危険な,cefrj+ai
5346,brewery,noun,B2,4,9,ビール工場、醸造所,cefrj+ai
5347,cardboard,noun,B2,4,9,段ボール、厚紙,cefrj+ai
5348,casually,adv,B2,4,9,何気なく、気軽に,cefrj+ai
5349,chew,verb,B2,4,9,かむ,cefrj+ai
5350,circumstance,noun,B2,4,9,状況、事情,cefrj
5351,daytime,noun,B2,4,9,昼間、日中,cefrj+ai
5352,dictator,noun,B2,4,9,独裁者,cefrj+ai
5353,dime,noun,B2,4,9,10セント硬貨,cefrj+ai
5354,disregard,noun,B2,4,9,無視、軽視,cefrj+ai
5355,distributor,noun,B2,4,9,卸売業者、配給会社,cefrj+ai
5356,dreadful,adj,B2,4,9,ひどい、恐ろしい,cefrj+ai
5357,imperative,noun,B2,4,9,義務、命令法,cefrj+ai
5358,ineffective,adj,B2,4,9,効果のない,cefrj+ai
5359,needless,adj,B2,4,9,不必要な,cefrj+ai
5360,novelty,noun,B2,4,9,目新しさ、珍しいもの,cefrj+ai
5361,optimism,noun,B2,4,9,楽観、楽観主義,cefrj+ai
5362,pint,noun,B2,4,9,パイント,cefrj+ai
5363,soaked,adj,B2,4,9,びしょぬれの,cefrj+ai
5364,spur,noun,B2,4,9,拍車、刺激,cefrj+ai
5365,suppress,verb,B2,4,9,抑える、鎮圧する,cefrj+ai
5366,trivial,adj,B2,4,9,ささいな,cefrj
5367,unofficial,adj,B2,4,9,非公式の,cefrj+ai
5368,wed,verb,B2,4,9,結婚する、結合させる,cefrj
5369,artery,noun,B2,4,9,動脈、幹線道路,cefrj+ai
5370,corporal,adj,B2,4,9,体の、肉体の,cefrj+ai
5371,duel,noun,B2,4,9,決闘,cefrj+ai
5372,formidable,adj,B2,4,9,手ごわい、恐るべき,cefrj+ai
5373,hugely,adv,B2,4,9,大いに、非常に,cefrj+ai
5374,inaccurate,adj,B2,4,9,不正確な,cefrj+ai
5375,loneliness,noun,B2,4,9,孤独、寂しさ,cefrj+ai
5376,malaria,noun,B2,4,9,マラリア,cefrj+ai
5377,monastery,noun,B2,4,9,修道院,cefrj+ai
5378,narrowly,adv,B2,4,9,かろうじて、狭く,cefrj+ai
5379,nightclub,noun,B2,4,9,ナイトクラブ,cefrj+ai
5380,numerical,adj,B2,4,9,数値,cefrj
5381,refresh,noun,B2,4,9,更新、リフレッシュ,cefrj+ai
5382,slash,noun,B2,4,9,サッと切る、大幅に削減する、切り傷、削減、スラッシュ,cefrj
5383,adequately,adv,B2,4,9,十分に、適切に,cefrj+ai
5384,amazingly,adv,B2,4,9,驚くほど,cefrj+ai
5385,applicant,noun,B2,4,9,応募者、志願者,cefrj+ai
5386,approximate,adj,B2,4,9,約、大体の、おおよその,cefrj
5387,assemble,verb,B2,4,9,組み立てる、集める,cefrj+ai
5388,breakup,noun,B2,4,9,別れ、解散,cefrj+ai
5389,catering,noun,B2,4,9,仕出し、ケータリング,cefrj+ai
5390,chunk,noun,B2,4,9,大きな塊,cefrj
5391,cocoa,noun,B2,4,9,ココア,cefrj+ai
5392,cozy,adj,B2,4,9,居心地のよい,cefrj+ai
5393,culturally,adv,B2,4,9,文化的に,cefrj+ai
5394,dread,verb,B2,4,9,ひどく恐れる,cefrj+ai
5395,ow,noun,B2,4,9,痛っ（痛みの声）,cefrj+ai
5396,pedal,noun,B2,4,9,ペダル,cefrj+ai
5397,quarantine,noun,B2,4,9,隔離、検疫,cefrj+ai
5398,query,noun,B2,4,9,質問、問い合わせ,cefrj+ai
5399,scarlet,noun,B2,4,9,緋色、深紅色,cefrj+ai
5400,stitch,noun,B2,4,9,ひと針、縫い目,cefrj+ai
5401,vinegar,noun,B2,4,9,酢,cefrj+ai
5402,aggressively,adv,B2,4,9,攻撃的に、積極的に,cefrj+ai
5403,astronomy,noun,B2,4,9,天文学,cefrj+ai
5404,await,verb,B2,4,9,待ち受ける、待つ,cefrj+ai
5405,broadcaster,noun,B2,4,9,放送局、アナウンサー,cefrj+ai
5406,coherent,adj,B2,4,9,まとまった、理解しやすい,cefrj
5407,endorse,verb,B2,4,9,支持する、推奨する,cefrj+ai
5408,funky,adj,B2,4,9,ファンキーな、かっこいい,cefrj+ai
5409,inspect,verb,B2,4,9,検査する、点検する,cefrj+ai
5410,morally,adv,B2,4,9,道徳的に,cefrj+ai
5411,paradox,noun,B2,4,9,逆説、パラドックス,cefrj
5412,peacefully,adv,B2,4,9,平和に、穏やかに,cefrj+ai
5413,plead,verb,B2,4,9,嘆願する、申し立てる,cefrj+ai
5414,reconsider,verb,B2,4,9,考え直す、再検討する,cefrj+ai
5415,refrain,noun,B2,4,9,繰り返し句、サビ,cefrj+ai
5416,rite,noun,B2,4,9,儀式,cefrj+ai
5417,seldom,adv,B2,4,9,めったに〜ない,cefrj+ai
5418,squash,noun,B2,4,9,スカッシュ、カボチャ類,cefrj+ai
5419,statewide,adv,B2,4,9,州全体で,cefrj+ai
5420,subdivision,noun,B2,4,9,細分化、分譲地,cefrj+ai
5421,unavailable,adj,B2,4,9,利用できない、手に入らない,cefrj+ai
5422,assert,verb,B2,4,9,断言する,cefrj
5423,blossom,noun,B2,4,9,（果樹の）花,cefrj+ai
5424,caravan,noun,B2,4,9,隊商、キャンピングカー,cefrj+ai
5425,debit,noun,B2,4,9,借方、引き落とし,cefrj+ai
5426,dim,adj,B2,4,9,薄暗い、ぼんやりした,cefrj+ai
5427,donkey,noun,B2,4,9,ロバ,cefrj+ai
5428,faulty,adj,B2,4,9,欠陥のある,cefrj+ai
5429,generosity,noun,B2,4,9,気前のよさ、寛大さ,cefrj+ai
5430,humane,adj,B2,4,9,人道的な、思いやりのある,cefrj+ai
5431,loosely,adv,B2,4,9,ゆるく、大まかに,cefrj+ai
5432,rectangular,adj,B2,4,9,長方形の,cefrj+ai
5433,unfamiliar,adj,B2,4,9,よく知らない、なじみのない,cefrj+ai
5434,exquisite,adj,B2,4,9,非常に美しい、精巧な,cefrj+ai
5435,handicap,noun,B2,4,9,ハンディキャップ、不利な条件,cefrj+ai
5436,infringement,noun,B2,4,9,侵害、違反,cefrj+ai
5437,irritating,adj,B2,4,9,いらいらさせる,cefrj+ai
5438,linen,noun,B2,4,9,リネン、亜麻布,cefrj+ai
5439,moonlight,noun,B2,4,9,月光,cefrj+ai
5440,overthrow,verb,B2,4,9,打倒する、転覆させる,cefrj+ai
5441,pavement,noun,B2,4,9,歩道、舗装道路,cefrj+ai
5442,pudding,noun,B2,4,9,プリン、プディング,cefrj+ai
5443,rusty,adj,B2,4,9,さびた、なまった,cefrj+ai
5444,soak,noun,B2,4,9,浸すこと、ずぶぬれ,cefrj+ai
5445,spectacle,noun,B2,4,9,光景、見もの,cefrj+ai
5446,thrilling,adj,B2,4,9,わくわくする、スリル満点の,cefrj+ai
5447,unrest,noun,B2,4,9,不安、騒乱,cefrj+ai
5448,weary,adj,B2,4,9,疲れた、うんざりした,cefrj+ai
5449,accusation,noun,B2,4,9,非難、告発,cefrj+ai
5450,agony,noun,B2,4,9,激しい苦痛,cefrj+ai
5451,bourbon,noun,B2,4,9,バーボン,cefrj+ai
5452,breathtaking,adj,B2,4,9,息をのむような,cefrj+ai
5453,cellar,noun,B2,4,9,地下室、ワイン貯蔵室,cefrj+ai
5454,colon,noun,B2,4,9,コロン、結腸,cefrj+ai
5455,evidently,adv,B2,4,9,明らかに,cefrj+ai
5456,exhausting,adj,B2,4,9,疲れさせる、骨の折れる,cefrj+ai
5457,fascinated,adj,B2,4,9,魅了された,cefrj+ai
5458,flaw,noun,B2,4,9,欠点、傷,cefrj+ai
5459,flawless,adj,B2,4,9,完璧な、欠点のない,cefrj+ai
5460,muddy,adj,B2,4,9,泥だらけの,cefrj+ai
5461,shaken,adj,B2,4,9,動揺した,cefrj+ai
5462,strait,noun,B2,4,9,海峡,cefrj+ai
5463,bravery,noun,B2,4,9,勇気、勇敢さ,cefrj+ai
5464,browse,verb,B2,4,9,見て回る、閲覧する,cefrj+ai
5465,disrupt,verb,B2,4,9,混乱させる、妨げる,cefrj+ai
5466,duplicate,noun,B2,4,9,複製、写し,cefrj+ai
5467,economical,adj,B2,4,9,経済的な、節約になる,cefrj+ai
5468,grin,noun,B2,4,9,にやりと笑う、薄笑い,cefrj
5469,heap,noun,B2,4,9,山、積み重ね,cefrj+ai
5470,inventor,noun,B2,4,9,発明者、発明家,cefrj+ai
5471,leopard,noun,B2,4,9,ヒョウ,cefrj+ai
5472,madam,noun,B2,4,9,奥様（呼びかけ）,cefrj+ai
5473,muse,verb,B2,4,9,思いにふける、熟考する,cefrj+ai
5474,patriotism,noun,B2,4,9,愛国心,cefrj+ai
5475,redundant,adj,B2,4,9,余分な、解雇された,cefrj+ai
5476,rib,noun,B2,4,9,あばら骨、肋骨,cefrj+ai
5477,sloppy,adj,B2,4,9,だらしない、いいかげんな,cefrj+ai
5478,vibration,noun,B2,4,9,振動,cefrj+ai
5479,wartime,noun,B2,4,9,戦時,cefrj+ai
5480,catastrophic,adj,B2,4,9,壊滅的な、悲惨な,cefrj+ai
5481,competence,noun,B2,4,9,能力,cefrj
5482,conveniently,adv,B2,4,9,便利に、都合よく,cefrj+ai
5483,cyclist,noun,B2,4,9,自転車に乗る人,cefrj+ai
5484,dorm,noun,B2,4,9,寮（口語）,cefrj+ai
5485,foreman,noun,B2,4,9,現場監督、陪審長,cefrj+ai
5486,needy,adj,B2,4,9,貧しい、困窮した,cefrj+ai
5487,priceless,adj,B2,4,9,非常に貴重な,cefrj+ai
5488,reflective,adj,B2,4,9,反射する、思慮深い,cefrj+ai
5489,tolerant,adj,B2,4,9,寛容な,cefrj+ai
5490,tuberculosis,noun,B2,4,9,結核,cefrj+ai
5491,willingly,adv,B2,4,9,進んで、喜んで,cefrj+ai
5492,youthful,adj,B2,4,9,若々しい,cefrj+ai
5493,ambiguous,adj,B2,4,9,あいまいな,cefrj+ai
5494,comprehension,noun,B2,4,9,理解,cefrj
5495,concession,noun,B2,4,9,譲歩、許可,cefrj+ai
5496,heartbreaking,adj,B2,4,9,胸が張り裂けるような,cefrj+ai
5497,mastery,noun,B2,4,9,習得、熟達,cefrj+ai
5498,offend,verb,B2,4,9,怒らせる、気分を害する,cefrj+ai
5499,organizer,noun,B2,4,9,主催者、まとめ役,cefrj+ai
5500,sandstone,noun,B2,4,9,砂岩,cefrj+ai
5501,sanitation,noun,B2,4,9,公衆衛生、下水設備,cefrj+ai
5502,satisfactory,adj,B2,4,9,満足な、十分な,cefrj+ai
5503,scooter,noun,B2,4,9,スクーター,cefrj+ai
5504,unauthorized,adj,B2,4,9,無許可の、無断の,cefrj+ai
5505,abruptly,adv,B2,4,9,突然、不意に,cefrj+ai
5506,belongings,noun,B2,4,9,持ち物、所有物,cefrj+ai
5507,bun,noun,B2,4,9,丸いパン,cefrj+ai
5508,calmly,adv,B2,4,9,落ち着いて、冷静に,cefrj+ai
5509,catastrophe,noun,B2,4,9,大災害、大惨事,cefrj+ai
5510,chemotherapy,noun,B2,4,9,化学療法,cefrj
5511,commute,verb,B2,4,9,通勤する、通学する,cefrj+ai
5512,endeavor,noun,B2,4,9,努力、試み,cefrj+ai
5513,follower,noun,B2,4,9,信奉者、フォロワー,cefrj+ai
5514,implication,noun,B2,4,9,含意、影響,cefrj
5515,irrational,adj,B2,4,9,不合理な、理性のない,cefrj+ai
5516,lucrative,adj,B2,4,9,もうかる、利益の多い,cefrj+ai
5517,mango,noun,B2,4,9,マンゴー,cefrj+ai
5518,outskirts,noun,B2,4,9,町はずれ、周辺部,cefrj+ai
5519,programmer,noun,B2,4,9,プログラマー,cefrj+ai
5520,rhyme,verb,B2,4,9,韻を踏む,cefrj+ai
5521,sparkling,adj,B2,4,9,きらめく、炭酸入りの,cefrj+ai
5522,tame,adj,B2,4,9,飼いならされた、おとなしい,cefrj+ai
5523,vow,noun,B2,4,9,誓い,cefrj+ai
5524,walnut,noun,B2,4,9,クルミ,cefrj+ai
5525,witty,adj,B2,4,9,機知に富んだ,cefrj+ai
5526,blur,verb,B2,4,9,ぼやけさせる、かすむ,cefrj+ai
5527,bureaucracy,noun,B2,4,9,官僚制、お役所仕事,cefrj+ai
5528,chimney,noun,B2,4,9,煙突,cefrj+ai
5529,compassionate,adj,B2,4,9,情け深い、慈悲深い,cefrj+ai
5530,crater,noun,B2,4,9,噴火口、クレーター,cefrj+ai
5531,desperation,noun,B2,4,9,必死、絶望,cefrj+ai
5532,diarrhea,noun,B2,4,9,下痢,cefrj+ai
5533,distortion,noun,B2,4,9,ゆがみ、歪曲,cefrj+ai
5534,educator,noun,B2,4,9,教育者,cefrj+ai
5535,gangster,noun,B2,4,9,ギャング、暴力団員,cefrj+ai
5536,giveaway,noun,B2,4,9,景品、無料配布,cefrj+ai
5537,hesitation,noun,B2,4,9,ためらい,cefrj+ai
5538,humiliation,noun,B2,4,9,屈辱、恥,cefrj+ai
5539,lush,adj,B2,4,9,青々と茂った,cefrj+ai
5540,luxurious,adj,B2,4,9,豪華な、ぜいたくな,cefrj+ai
5541,outsider,noun,B2,4,9,部外者、よそ者,cefrj+ai
5542,penetrate,verb,B2,4,9,貫通する、しみ込む,cefrj+ai
5543,plum,noun,B2,4,9,プラム、スモモ,cefrj+ai
5544,prevail,verb,B2,4,9,広まる、打ち勝つ,cefrj+ai
5545,rag,noun,B2,4,9,ぼろきれ、雑巾,cefrj+ai
5546,slang,noun,B2,4,9,俗語、スラング,cefrj+ai
5547,uneven,adj,B2,4,9,平らでない、むらのある,cefrj+ai
5548,waterproof,adj,B2,4,9,防水の,cefrj+ai
5549,admittedly,adv,B2,4,9,確かに、認めるが,cefrj+ai
5550,articulate,verb,B2,4,9,考えをはっきり言う,cefrj
5551,clap,verb,B2,4,9,拍手する、手をたたく,cefrj+ai
5552,consolation,noun,B2,4,9,慰め,cefrj+ai
5553,descriptive,adj,B2,4,9,描写的な、記述的な,cefrj+ai
5554,downfall,noun,B2,4,9,没落、転落,cefrj+ai
5555,ethic,noun,B2,4,9,倫理、道徳,cefrj+ai
5556,fireplace,noun,B2,4,9,暖炉,cefrj+ai
5557,icy,adj,B2,4,9,氷のような、凍った,cefrj+ai
5558,indulge,verb,B2,4,9,ふける、甘やかす,cefrj+ai
5559,interpreter,noun,B2,4,9,通訳者,cefrj+ai
5560,pastoral,adj,B2,4,9,田園の、牧歌的な,cefrj+ai
5561,prominence,noun,B2,4,9,目立つこと、名声,cefrj+ai
5562,prosecute,verb,B2,4,9,起訴する,cefrj+ai
5563,radically,adv,B2,4,9,根本的に、徹底的に,cefrj+ai
5564,unrealistic,adj,B2,4,9,非現実的な,cefrj+ai
5565,yummy,adj,B2,4,9,おいしい,cefrj+ai
5566,bad-tempered,adj,B2,4,9,怒りっぽい、不機嫌な,cefrj+ai
5567,booklet,noun,B2,4,9,小冊子,cefrj+ai
5568,conversely,adv,B2,4,9,逆に,cefrj+ai
5569,devote,verb,B2,4,9,ささげる、専念する,cefrj
5570,evacuate,verb,B2,4,9,避難させる、避難する,cefrj+ai
5571,fragrance,noun,B2,4,9,芳香、香水,cefrj+ai
5572,overlook,verb,B2,4,9,見落とす、見渡す,cefrj+ai
5573,persist,verb,B2,4,9,続く、固執する,cefrj+ai
5574,salsa,noun,B2,4,9,サルサ,cefrj+ai
5575,simultaneous,adj,B2,4,9,同時の,cefrj+ai
5576,timeless,adj,B2,4,9,時代を超えた,cefrj+ai
5577,unreliable,adj,B2,4,9,当てにならない,cefrj+ai
5578,vomit,noun,B2,4,9,嘔吐、吐いたもの,cefrj+ai
5579,weave,noun,B2,4,9,織る,cefrj
5580,conceal,verb,B2,4,9,隠す,cefrj+ai
5581,curl,noun,B2,4,9,巻き毛、カール,cefrj+ai
5582,denim,noun,B2,4,9,デニム,cefrj+ai
5583,doubtful,adj,B2,4,9,疑わしい,cefrj+ai
5584,erect,adj,B2,4,9,直立した,cefrj+ai
5585,eruption,noun,B2,4,9,噴火,cefrj+ai
5586,finely,adv,B2,4,9,細かく、見事に,cefrj+ai
5587,haunting,adj,B2,4,9,忘れられない、心に残る,cefrj+ai
5588,inherit,verb,B2,4,9,受け継ぐ、相続する,cefrj+ai
5589,listener,noun,B2,4,9,聞き手、聴取者,cefrj
5590,mediocre,adj,B2,4,9,平凡な、二流の,cefrj+ai
5591,piracy,noun,B2,4,9,海賊行為、著作権侵害,cefrj+ai
5592,sexism,noun,B2,4,9,性差別,cefrj+ai
5593,starvation,noun,B2,4,9,飢え、餓死,cefrj+ai
5594,starve,verb,B2,4,9,飢える,cefrj+ai
5595,stool,noun,B2,4,9,腰掛け、スツール,cefrj+ai
5596,tread,verb,B2,4,9,踏む、歩く,cefrj+ai
5597,tyranny,noun,B2,4,9,暴政、専制,cefrj+ai
5598,accessibility,noun,B2,4,9,利用しやすさ、近づきやすさ,cefrj+ai
5599,cheeky,adj,B2,4,9,生意気な,cefrj+ai
5600,coastline,noun,B2,4,9,海岸線,cefrj+ai
5601,cuff,noun,B2,4,9,袖口,cefrj+ai
5602,descend,verb,B2,4,9,下りる、下る,cefrj+ai
5603,discriminate,verb,B2,4,9,差別する、区別する,cefrj+ai
5604,diversion,noun,B2,4,9,迂回路、気晴らし,cefrj+ai
5605,doorway,noun,B2,4,9,戸口、出入り口,cefrj+ai
5606,getaway,noun,B2,4,9,逃走、小旅行,cefrj+ai
5607,influenza,noun,B2,4,9,インフルエンザ,cefrj+ai
5608,persistence,noun,B2,4,9,粘り強さ、しつこさ,cefrj+ai
5609,prohibit,verb,B2,4,9,禁止する,cefrj+ai
5610,quotation,noun,B2,4,9,引用、相場、見積書,cefrj
5611,repression,noun,B2,4,9,抑圧、弾圧,cefrj+ai
5612,usher,verb,B2,4,9,案内する,cefrj+ai
5613,allegation,noun,B2,4,9,申し立て、疑惑,cefrj+ai
5614,bartender,noun,B2,4,9,バーテンダー,cefrj+ai
5615,correspond,verb,B2,4,9,一致する、文通する,cefrj
5616,despise,verb,B2,4,9,軽蔑する,cefrj+ai
5617,equip,verb,B2,4,9,備えつける、装備する,cefrj+ai
5618,glamorous,adj,B2,4,9,魅力的な、華やかな,cefrj+ai
5619,inexperienced,adj,B2,4,9,経験の浅い、未熟な,cefrj+ai
5620,irritated,adj,B2,4,9,いらいらした,cefrj+ai
5621,kangaroo,noun,B2,4,9,カンガルー,cefrj+ai
5622,knowingly,adv,B2,4,9,故意に、知ったうえで,cefrj+ai
5623,microscope,noun,B2,4,9,顕微鏡,cefrj+ai
5624,multiply,verb,B2,4,9,掛け合わせる、増殖する,cefrj
5625,nuisance,noun,B2,4,9,迷惑、厄介なもの,cefrj+ai
5626,obedience,noun,B2,4,9,服従、従順,cefrj+ai
5627,outing,noun,B2,4,9,遠足、外出,cefrj+ai
5628,picturesque,adj,B2,4,9,絵のように美しい,cefrj+ai
5629,preventive,adj,B2,4,9,予防の,cefrj+ai
5630,tug,noun,B2,4,9,ぐいと引くこと,cefrj+ai
5631,wink,noun,B2,4,9,ウインク,cefrj+ai
5632,barley,noun,B2,4,9,大麦,cefrj+ai
5633,brag,noun,B2,4,9,自慢、自慢話,cefrj+ai
5634,catchy,adj,B2,4,9,覚えやすい、耳に残る,cefrj+ai
5635,coincide,verb,B2,4,9,同時に起こる、一致する,cefrj+ai
5636,commemorate,verb,B2,4,9,記念する、祝う,cefrj+ai
5637,crocodile,noun,B2,4,9,ワニ,cefrj+ai
5638,eagerly,adv,B2,4,9,熱心に,cefrj+ai
5639,exhaustion,noun,B2,4,9,極度の疲労,cefrj+ai
5640,flap,verb,B2,4,9,はためく、羽ばたく,cefrj+ai
5641,gardener,noun,B2,4,9,庭師,cefrj+ai
5642,glee,noun,B2,4,9,大喜び、歓喜,cefrj+ai
5643,gunshot,noun,B2,4,9,銃声、銃撃,cefrj+ai
5644,mimic,noun,B2,4,9,物まねをする人,cefrj+ai
5645,peg,noun,B2,4,9,留めくぎ、洗濯ばさみ,cefrj+ai
5646,refinery,noun,B2,4,9,精製所,cefrj+ai
5647,weaken,verb,B2,4,9,弱める、弱まる,cefrj+ai
5648,abolish,verb,B2,4,9,廃止する,cefrj+ai
5649,accumulate,verb,B2,4,9,蓄積する,cefrj
5650,admirable,adj,B2,4,9,立派な、称賛に値する,cefrj+ai
5651,adventurous,adj,B2,4,9,冒険好きな,cefrj+ai
5652,concede,verb,B2,4,9,認める、譲歩する,cefrj+ai
5653,contradictory,adj,B2,4,9,矛盾した,cefrj
5654,converse,noun,B2,4,9,逆、反対,cefrj+ai
5655,dearly,adv,B2,4,9,心から、深く,cefrj+ai
5656,disposition,noun,B2,4,9,気質、性質,cefrj+ai
5657,fascination,noun,B2,4,9,魅了、魅力,cefrj+ai
5658,innate,adj,B2,4,9,生まれつきの,cefrj
5659,paralysis,noun,B2,4,9,まひ,cefrj+ai
5660,patiently,adv,B2,4,9,辛抱強く,cefrj+ai
5661,paw,noun,B2,4,9,（動物の）足,cefrj+ai
5662,postpone,verb,B2,4,9,延期する,cefrj+ai
5663,repetition,noun,B2,4,9,繰り返し、反復,cefrj+ai
5664,righteousness,noun,B2,4,9,正義、正しさ,cefrj+ai
5665,sparrow,noun,B2,4,9,スズメ,cefrj+ai
5666,stew,noun,B2,4,9,シチュー,cefrj+ai
5667,unnatural,adj,B2,4,9,不自然な,cefrj+ai
5668,unstoppable,adj,B2,4,9,止められない,cefrj+ai
5669,urgently,adv,B2,4,9,至急、緊急に,cefrj+ai
5670,aspire,verb,B2,4,9,熱望する、目指す,cefrj+ai
5671,cascade,noun,B2,4,9,小さな滝、連続,cefrj+ai
5672,hush,verb,B2,4,9,黙らせる、静める,cefrj+ai
5673,imitation,noun,B2,4,9,模倣、まね,cefrj+ai
5674,irresistible,adj,B2,4,9,抵抗できない、たまらない,cefrj+ai
5675,landslide,noun,B2,4,9,地滑り、圧勝,cefrj+ai
5676,leash,noun,B2,4,9,（犬の）引き綱、リード,cefrj+ai
5677,nobility,noun,B2,4,9,気高さ、貴族,cefrj+ai
5678,ox,noun,B2,4,9,雄牛,cefrj+ai
5679,reggae,noun,B2,4,9,レゲエ,cefrj+ai
5680,turbulent,adj,B2,4,9,乱流,cefrj
5681,unbearable,adj,B2,4,9,耐えられない,cefrj+ai
5682,brilliantly,adv,B2,4,9,見事に、輝かしく,cefrj+ai
5683,deduction,noun,B2,4,9,控除、推論,cefrj+ai
5684,detachment,noun,B2,4,9,距離を置くこと、分離,cefrj+ai
5685,disconnect,verb,B2,4,9,切断する、接続を切る,cefrj+ai
5686,endlessly,adv,B2,4,9,果てしなく、延々と,cefrj+ai
5687,humiliating,adj,B2,4,9,屈辱的な,cefrj+ai
5688,immoral,adj,B2,4,9,不道徳な,cefrj+ai
5689,roam,noun,B2,4,9,放浪、ぶらつくこと,cefrj+ai
5690,statesman,noun,B2,4,9,政治家,cefrj+ai
5691,stink,verb,B2,4,9,悪臭を放つ,cefrj+ai
5692,vigorous,adj,B2,4,9,活発な、精力的な,cefrj+ai
5693,wrongly,adv,B2,4,9,誤って、不当に,cefrj+ai
5694,alcoholism,noun,B2,4,9,アルコール依存症,cefrj+ai
5695,amplifier,noun,B2,4,9,アンプ、増幅器,cefrj+ai
5696,contradiction,noun,B2,4,9,矛盾、否定,cefrj
5697,enroll,verb,B2,4,9,入学する、登録する,cefrj+ai
5698,gasp,noun,B2,4,9,息をのむこと、あえぎ,cefrj+ai
5699,prosper,verb,B2,4,9,繁栄する、栄える,cefrj+ai
5700,scientifically,adv,B2,4,9,科学的に,cefrj+ai
5701,shaky,adj,B2,4,9,震える、不安定な,cefrj+ai
5702,artificially,adv,B2,4,9,人工的に,cefrj+ai
5703,blindness,noun,B2,4,9,目が見えないこと、無知,cefrj+ai
5704,burglary,noun,B2,4,9,空き巣、住居侵入,cefrj+ai
5705,clumsy,adj,B2,4,9,不器用な,cefrj+ai
5706,daft,adj,B2,4,9,ばかげた、愚かな,cefrj+ai
5707,environmentally,adv,B2,4,9,環境面で,cefrj+ai
5708,everlasting,adj,B2,4,9,永遠の,cefrj+ai
5709,indifferent,adj,B2,4,9,無関心な,cefrj+ai
5710,invariably,adv,B2,4,9,いつも、必ず,cefrj+ai
5711,preferable,adj,B2,4,9,〜より好ましい,cefrj+ai
5712,rubble,noun,B2,4,9,がれき,cefrj+ai
5713,sniff,verb,B2,4,9,匂いを嗅ぐ,cefrj
5714,solvent,noun,B2,4,9,溶剤,cefrj
5715,trolley,noun,B2,4,9,カート、路面電車,cefrj+ai
5716,expressive,adj,B2,4,9,表現力豊かな,cefrj+ai
5717,karaoke,noun,B2,4,9,カラオケ,cefrj+ai
5718,nutshell,noun,B2,4,9,木の実の殻,cefrj+ai
5719,obsessive,adj,B2,4,9,執着しすぎる,cefrj+ai
5720,overboard,adv,B2,4,9,船外に,cefrj+ai
5721,reinforcement,noun,B2,4,9,強化、補強,cefrj+ai
5722,repertoire,noun,B2,4,9,レパートリー,cefrj
5723,soaking,adj,B2,4,9,ずぶぬれの,cefrj+ai
5724,stereotype,noun,B2,4,9,固定観念、固定観念で見る,cefrj
5725,stride,verb,B2,4,9,大またで歩く,cefrj+ai
5726,sulfur,noun,B2,4,9,硫黄,cefrj+ai
5727,trainee,noun,B2,4,9,研修生、見習い,cefrj+ai
5728,upbringing,noun,B2,4,9,しつけ、育ち,cefrj+ai
5729,anchorage,noun,B2,4,9,停泊地,cefrj+ai
5730,ballad,noun,B2,4,9,バラード、物語詩,cefrj+ai
5731,betray,verb,B2,4,9,裏切る,cefrj+ai
5732,biotechnology,noun,B2,4,9,バイオテクノロジー,cefrj+ai
5733,corona,noun,B2,4,9,コロナ、光冠,cefrj+ai
5734,cowardly,adj,B2,4,9,臆病な,cefrj+ai
5735,defy,verb,B2,4,9,逆らう、無視する,cefrj+ai
5736,densely,adv,B2,4,9,密集して,cefrj+ai
5737,divert,verb,B2,4,9,そらす、迂回させる,cefrj+ai
5738,elegance,noun,B2,4,9,優雅さ、上品さ,cefrj+ai
5739,extraordinarily,adv,B2,4,9,並外れて、非常に,cefrj+ai
5740,hemp,noun,B2,4,9,麻、大麻,cefrj+ai
5741,intrusion,noun,B2,4,9,侵入、邪魔,cefrj+ai
5742,irritation,noun,B2,4,9,いらだち、ひりひり,cefrj+ai
5743,ozone,noun,B2,4,9,オゾン,cefrj+ai
5744,prehistoric,adj,B2,4,9,先史時代の,cefrj+ai
5745,standby,adj,B2,4,9,予備の、待機の,cefrj+ai
5746,truthful,adj,B2,4,9,正直な、うそのない,cefrj+ai
5747,carve,verb,B2,4,9,彫る、切り分ける,cefrj+ai
5748,cherished,adj,B2,4,9,大切にしている,cefrj+ai
5749,coarse,adj,B2,4,9,粗い、下品な,cefrj+ai
5750,compute,verb,B2,4,9,計算する、算定する,cefrj
5751,confidently,adv,B2,4,9,自信をもって,cefrj+ai
5752,helper,noun,B2,4,9,手伝う人、助手,cefrj+ai
5753,immortality,noun,B2,4,9,不死、不滅,cefrj+ai
5754,mustache,noun,B2,4,9,口ひげ,cefrj+ai
5755,obituary,noun,B2,4,9,死亡記事,cefrj+ai
5756,tremendously,adv,B2,4,9,ものすごく,cefrj+ai
5757,verbally,adv,B2,4,9,口頭で、言葉で,cefrj+ai
5758,windshield,noun,B2,4,9,フロントガラス,cefrj+ai
5759,authoritative,adj,B2,4,9,信頼できる、権威のある,cefrj+ai
5760,barren,adj,B2,4,9,不毛の、作物のできない,cefrj+ai
5761,conceive,verb,B2,4,9,思い付く、妊娠する,cefrj
5762,gorge,noun,B2,4,9,峡谷,cefrj+ai
5763,housewife,noun,B2,4,9,主婦,cefrj+ai
5764,posh,adj,B2,4,9,高級な、上流階級の,cefrj+ai
5765,retina,noun,B2,4,9,網膜,cefrj+ai
5766,stylist,noun,B2,4,9,スタイリスト、美容師,cefrj+ai
5767,traverse,noun,B2,4,9,横断、横切ること,cefrj+ai
5768,vocalist,noun,B2,4,9,ボーカル、歌手,cefrj+ai
5769,zebra,noun,B2,4,9,シマウマ,cefrj+ai
5770,checkpoint,noun,B2,4,9,検問所,cefrj+ai
5771,cornerstone,noun,B2,4,9,土台、礎石,cefrj+ai
5772,correctness,noun,B2,4,9,正しさ、正確さ,cefrj+ai
5773,gloomy,adj,B2,4,9,薄暗い、憂うつな,cefrj+ai
5774,hospice,noun,B2,4,9,ホスピス,cefrj+ai
5775,peep,noun,B2,4,9,のぞき見、ピーピー鳴く声,cefrj+ai
5776,pickle,noun,B2,4,9,ピクルス、漬物,cefrj+ai
5777,playwright,noun,B2,4,9,劇作家,cefrj+ai
5778,prescribe,verb,B2,4,9,処方する、規定する,cefrj+ai
5779,reprint,noun,B2,4,9,増刷、再版,cefrj+ai
5780,rhythmic,adj,B2,4,9,リズミカルな,cefrj+ai
5781,scramble,verb,B2,4,9,よじ登る、奪い合う,cefrj+ai
5782,soar,verb,B2,4,9,舞い上がる、急上昇する,cefrj+ai
5783,thinker,noun,B2,4,9,思想家、考える人,cefrj+ai
5784,troublesome,adj,B2,4,9,やっかいな、面倒な,cefrj+ai
5785,vanish,verb,B2,4,9,消える、消滅する,cefrj+ai
5786,vigorously,adv,B2,4,9,精力的に、激しく,cefrj+ai
5787,visibly,adv,B2,4,9,目に見えて、明らかに,cefrj+ai
5788,adversity,noun,B2,4,9,逆境,cefrj+ai
5789,authorize,verb,B2,4,9,許可する、権限を与える,cefrj+ai
5790,botany,noun,B2,4,9,植物学,cefrj+ai
5791,compile,verb,B2,4,9,まとめる、編集する,cefrj+ai
5792,deceive,verb,B2,4,9,欺く,cefrj
5793,disciple,noun,B2,4,9,弟子,cefrj+ai
5794,elemental,adj,B2,4,9,基本的な、自然の力の,cefrj+ai
5795,guerrilla,noun,B2,4,9,ゲリラ,cefrj+ai
5796,impartial,adj,B2,4,9,公平な、偏らない,cefrj+ai
5797,inquire,verb,B2,4,9,尋ねる、問い合わせる,cefrj+ai
5798,misfortune,noun,B2,4,9,不運、不幸,cefrj+ai
5799,ambiguity,noun,B2,4,9,あいまいさ,cefrj+ai
5800,anguish,noun,B2,4,9,苦悩,cefrj+ai
5801,birthplace,noun,B2,4,9,出生地、発祥の地,cefrj+ai
5802,brochure,noun,B2,4,9,パンフレット,cefrj+ai
5803,ecstatic,adj,B2,4,9,有頂天の,cefrj+ai
5804,eyebrow,noun,B2,4,9,まゆ,cefrj+ai
5805,haste,noun,B2,4,9,急ぎ、性急,cefrj+ai
5806,interpersonal,adj,B2,4,9,対人関係の,cefrj+ai
5807,intruder,noun,B2,4,9,侵入者,cefrj+ai
5808,microscopic,adj,B2,4,9,極めて小さい、微視的な,cefrj+ai
5809,originate,verb,B2,4,9,始まる、生じる,cefrj+ai
5810,predictive,adj,B2,4,9,予測の,cefrj+ai
5811,relic,noun,B2,4,9,遺物、遺跡,cefrj+ai
5812,sanitary,adj,B2,4,9,衛生的な、衛生の,cefrj+ai
5813,setback,noun,B2,4,9,挫折、つまずき,cefrj+ai
5814,tack,verb,B2,4,9,びょうで留める,cefrj+ai
5815,transient,adj,B2,4,9,一時的な、はかない,cefrj+ai
5816,ammonia,noun,B2,4,9,アンモニア,cefrj+ai
5817,decorate,verb,B2,4,9,飾る,cefrj+ai
5818,discredit,verb,B2,4,9,信用を落とす,cefrj+ai
5819,glare,noun,B2,4,9,まぶしい光、にらみ,cefrj+ai
5820,infect,verb,B2,4,9,感染する,cefrj
5821,interruption,noun,B2,4,9,中断、妨害,cefrj+ai
5822,itch,verb,B2,4,9,かゆくなる、むずむずする,cefrj+ai
5823,modernization,noun,B2,4,9,近代化,cefrj+ai
5824,plumber,noun,B2,4,9,配管工,cefrj+ai
5825,rebellious,adj,B2,4,9,反抗的な,cefrj+ai
5826,tyrant,noun,B2,4,9,暴君,cefrj+ai
5827,unattractive,adj,B2,4,9,魅力のない,cefrj+ai
5828,affectionate,adj,B2,4,9,愛情深い、優しい,cefrj+ai
5829,clerical,adj,B2,4,9,事務の、聖職者の,cefrj+ai
5830,contradict,verb,B2,4,9,矛盾する、否定する,cefrj
5831,improperly,adv,B2,4,9,不適切に,cefrj+ai
5832,lighten,verb,B2,4,9,軽くする、明るくする,cefrj+ai
5833,pancake,noun,B2,4,9,パンケーキ,cefrj+ai
5834,ponder,verb,B2,4,9,じっくり考える,cefrj+ai
5835,psychologically,adv,B2,4,9,心理的に,cefrj+ai
5836,rattle,noun,B2,4,9,ガラガラ（おもちゃ）,cefrj+ai
5837,wasp,noun,B2,4,9,スズメバチ,cefrj+ai
5838,ax,noun,B2,4,9,おの,cefrj+ai
5839,benevolent,adj,B2,4,9,慈悲深い、善意の,cefrj+ai
5840,bestseller,noun,B2,4,9,ベストセラー,cefrj+ai
5841,deceptive,adj,B2,4,9,人を欺く、見かけと違う,cefrj+ai
5842,deem,verb,B2,4,9,〜だとみなす、考える,cefrj+ai
5843,folly,noun,B2,4,9,愚かさ、愚行,cefrj+ai
5844,indispensable,adj,B2,4,9,不可欠な、欠かせない,cefrj+ai
5845,originality,noun,B2,4,9,独創性,cefrj+ai
5846,pebble,noun,B2,4,9,小石,cefrj+ai
5847,perseverance,noun,B2,4,9,忍耐、根気,cefrj+ai
5848,pharmacist,noun,B2,4,9,薬剤師,cefrj+ai
5849,picky,adj,B2,4,9,えり好みする、好き嫌いの多い,cefrj+ai
5850,relativity,noun,B2,4,9,相対性,cefrj+ai
5851,sincerity,noun,B2,4,9,誠実さ,cefrj+ai
5852,worldly,adj,B2,4,9,世俗的な、世慣れた,cefrj+ai
5853,blooming,adj,B2,4,9,花盛りの、咲いている,cefrj+ai
5854,excursion,noun,B2,4,9,小旅行、見学旅行,cefrj+ai
5855,grieve,verb,B2,4,9,深く悲しむ,cefrj+ai
5856,inhabit,verb,B2,4,9,住む、生息する,cefrj+ai
5857,invoke,verb,B2,4,9,引き合いに出す、呼び起こす,cefrj+ai
5858,passionately,adv,B2,4,9,情熱的に,cefrj+ai
5859,persuasion,noun,B2,4,9,説得,cefrj+ai
5860,scarcely,adv,B2,4,9,ほとんど〜ない,cefrj+ai
5861,temperate,adj,B2,4,9,温暖な、穏やかな,cefrj+ai
5862,untreated,adj,B2,4,9,治療されていない、未処理の,cefrj+ai
5863,blindly,adv,B2,4,9,やみくもに、盲目的に,cefrj+ai
5864,dissatisfaction,noun,B2,4,9,不満,cefrj+ai
5865,elective,adj,B2,4,9,選択の、選挙による,cefrj+ai
5866,ornament,noun,B2,4,9,装飾品、置物,cefrj+ai
5867,outpatient,noun,B2,4,9,外来患者,cefrj+ai
5868,supervise,verb,B2,4,9,監督する,cefrj+ai
5869,syllable,noun,B2,4,9,音節,cefrj
5870,crease,noun,B2,4,9,しわ、折り目,cefrj+ai
5871,dissatisfied,adj,B2,4,9,不満な,cefrj+ai
5872,instruct,verb,B2,4,9,指示する、教える,cefrj+ai
5873,linger,verb,B2,4,9,なかなか去らない、残る,cefrj+ai
5874,lousy,adj,B2,4,9,ひどい、最低の,cefrj+ai
5875,pajamas,noun,B2,4,9,パジャマ,cefrj+ai
5876,quarrel,noun,B2,4,9,口げんか、口論,cefrj+ai
5877,scuba,noun,B2,4,9,スキューバ,cefrj+ai
5878,spreadsheet,noun,B2,4,9,表計算ソフト,cefrj+ai
5879,aspiration,noun,B2,4,9,熱望、志,cefrj+ai
5880,attentive,adj,B2,4,9,注意深い、気配りのある,cefrj+ai
5881,beak,noun,B2,4,9,くちばし,cefrj+ai
5882,broaden,verb,B2,4,9,広げる、幅広くする,cefrj+ai
5883,exaggeration,noun,B2,4,9,誇張、大げさ,cefrj+ai
5884,hastily,adv,B2,4,9,急いで、あわてて,cefrj+ai
5885,incur,verb,B2,4,9,（損害などを）招く、負う,cefrj+ai
5886,orchid,noun,B2,4,9,ラン（植物）,cefrj+ai
5887,overtake,verb,B2,4,9,追い越す,cefrj+ai
5888,selfless,adj,B2,4,9,私心のない,cefrj+ai
5889,shrug,verb,B2,4,9,肩をすくめる,cefrj+ai
5890,teaspoon,noun,B2,4,9,ティースプーン、小さじ,cefrj+ai
5891,bitterly,adv,B2,4,9,激しく、苦々しく,cefrj+ai
5892,cello,noun,B2,4,9,チェロ,cefrj+ai
5893,complexion,noun,B2,4,9,顔色、肌の色,cefrj+ai
5894,generously,adv,B2,4,9,気前よく,cefrj+ai
5895,housekeeper,noun,B2,4,9,家政婦,cefrj+ai
5896,improbable,adj,B2,4,9,ありそうもない,cefrj+ai
5897,disapproval,noun,B2,4,9,不賛成、非難,cefrj+ai
5898,electronically,adv,B2,4,9,電子的に,cefrj+ai
5899,impractical,adj,B2,4,9,実用的でない,cefrj+ai
5900,predicament,noun,B2,4,9,苦境、窮地,cefrj+ai
5901,puzzled,adj,B2,4,9,困惑した、当惑した,cefrj+ai
5902,recollection,noun,B2,4,9,記憶、思い出,cefrj+ai
5903,rosy,adj,B2,4,9,バラ色の、明るい,cefrj+ai
5904,shabby,adj,B2,4,9,みすぼらしい,cefrj+ai
5905,adversely,adv,B2,4,9,不利に、悪く,cefrj+ai
5906,astonished,adj,B2,4,9,びっくりした,cefrj+ai
5907,impulsive,adj,B2,4,9,衝動的な,cefrj+ai
5908,incense,noun,B2,4,9,香、お香,cefrj+ai
5909,nervously,adv,B2,4,9,神経質に、おどおどと,cefrj+ai
5910,polio,noun,B2,4,9,ポリオ、小児まひ,cefrj+ai
5911,serene,adj,B2,4,9,落ち着いた、穏やかな,cefrj+ai
5912,sob,verb,B2,4,9,すすり泣く,cefrj+ai
5913,straighten,verb,B2,4,9,まっすぐにする,cefrj+ai
5914,unsuitable,adj,B2,4,9,不適当な、ふさわしくない,cefrj+ai
5915,culmination,noun,B2,4,9,頂点、最高潮,cefrj+ai
5916,decomposition,noun,B2,4,9,分解、腐敗,cefrj+ai
5917,electrician,noun,B2,4,9,電気技師,cefrj+ai
5918,eternally,adv,B2,4,9,永遠に,cefrj+ai
5919,forcefully,adv,B2,4,9,力強く、強引に,cefrj+ai
5920,godly,adj,B2,4,9,信心深い,cefrj+ai
5921,hover,verb,B2,4,9,空中に止まる、うろうろする,cefrj+ai
5922,maestro,noun,B2,4,9,巨匠、名指揮者,cefrj+ai
5923,microscopy,noun,B2,4,9,顕微鏡検査,cefrj+ai
5924,orchestral,adj,B2,4,9,オーケストラの,cefrj+ai
5925,worldview,noun,B2,4,9,世界観,cefrj+ai
5926,attractiveness,noun,B2,4,9,魅力,cefrj+ai
5927,bony,adj,B2,4,9,骨ばった、やせこけた,cefrj+ai
5928,dependable,adj,B2,4,9,頼りになる,cefrj+ai
5929,enthusiastically,adv,B2,4,9,熱狂的に、張り切って,cefrj+ai
5930,guideline,noun,B2,4,9,指針、ガイドライン,cefrj
5931,inference,noun,B2,4,9,推論,cefrj
5932,judo,noun,B2,4,9,柔道,cefrj+ai
5933,pessimistic,adj,B2,4,9,悲観的な,cefrj+ai
5934,sag,noun,B2,4,9,たるみ、下落,cefrj+ai
5935,tabloid,adj,B2,4,9,タブロイド判の、大衆紙の,cefrj+ai
5936,widen,verb,B2,4,9,幅を広げる、広くなる,cefrj+ai
5937,appreciative,adj,B2,4,9,感謝している、目が高い,cefrj+ai
5938,eastward,adv,B2,4,9,東へ,cefrj+ai
5939,kneel,verb,B2,4,9,ひざまずく,cefrj+ai
5940,quantify,verb,B2,4,9,数量化する,cefrj+ai
5941,revolve,verb,B2,4,9,回転する,cefrj+ai
5942,stepfather,noun,B2,4,9,継父,cefrj+ai
5943,tenderness,noun,B2,4,9,優しさ,cefrj+ai
5944,tickle,verb,B2,4,9,くすぐる,cefrj+ai
5945,unload,verb,B2,4,9,荷を降ろす,cefrj+ai
5946,dreamy,adj,B2,4,9,夢のような、夢見がちな,cefrj+ai
5947,lifeless,adj,B2,4,9,生気のない、死んだ,cefrj+ai
5948,subtitle,noun,B2,4,9,字幕、副題,cefrj+ai
5949,alphabetical,adj,B2,4,9,アルファベット順の,cefrj+ai
5950,clam,noun,B2,4,9,ハマグリ、二枚貝,cefrj+ai
5951,craftsman,noun,B2,4,9,職人,cefrj+ai
5952,misconception,noun,B2,4,9,誤解,cefrj+ai
5953,momentarily,adv,B2,4,9,一瞬、すぐに,cefrj+ai
5954,narcissistic,adj,B2,4,9,自己陶酔的な,cefrj+ai
5955,northward,adv,B2,4,9,北へ,cefrj+ai
5956,overturn,verb,B2,4,9,ひっくり返す、覆す,cefrj+ai
5957,reverence,noun,B2,4,9,尊敬、畏敬,cefrj+ai
5958,shatter,verb,B2,4,9,粉々にする、打ち砕く,cefrj+ai
5959,signify,verb,B2,4,9,意味する、示す,cefrj+ai
5960,thermometer,noun,B2,4,9,温度計、体温計,cefrj+ai
5961,achievable,adj,B2,4,9,達成できる,cefrj+ai
5962,aristocracy,noun,B2,4,9,貴族階級,cefrj+ai
5963,cardigan,noun,B2,4,9,カーディガン,cefrj+ai
5964,eloquent,adj,B2,4,9,雄弁な,cefrj+ai
5965,generalization,noun,B2,4,9,一般化、一般概念,cefrj
5966,indebted,adj,B2,4,9,恩を受けている、借金がある,cefrj+ai
5967,mover,noun,B2,4,9,引っ越し業者,cefrj+ai
5968,outback,noun,B2,4,9,（オーストラリアの）奥地,cefrj+ai
5969,pave,verb,B2,4,9,舗装する,cefrj+ai
5970,skateboard,noun,B2,4,9,スケートボード,cefrj+ai
5971,tonne,noun,B2,4,9,トン,cefrj+ai
5972,tramp,noun,B2,4,9,放浪者、重い足音,cefrj+ai
5973,transistor,noun,B2,4,9,トランジスター,cefrj+ai
5974,deforestation,noun,B2,4,9,森林破壊,cefrj+ai
5975,distressing,adj,B2,4,9,痛ましい、苦痛を与える,cefrj+ai
5976,fondly,adv,B2,4,9,懐かしく、愛情をこめて,cefrj+ai
5977,germ,noun,B2,4,9,細菌、ばい菌,cefrj+ai
5978,legislator,noun,B2,4,9,議員、立法者,cefrj+ai
5979,amaze,verb,B2,4,9,驚嘆させる、仰天させる,cefrj
5980,carefree,adj,B2,4,9,のんきな、気楽な,cefrj+ai
5981,exaggerate,noun,B2,4,9,誇張する、大げさに言う,cefrj+ai
5982,furiously,adv,B2,4,9,激怒して、猛烈に,cefrj+ai
5983,motorbike,noun,B2,4,9,オートバイ,cefrj+ai
5984,obedient,adj,B2,4,9,従順な、素直な,cefrj+ai
5985,paramedic,adj,B2,4,9,救急救命士,cefrj+ai
5986,redo,verb,B2,4,9,やり直す,cefrj+ai
5987,rejoin,verb,B2,4,9,再び加わる、復帰する,cefrj+ai
5988,barometer,noun,B2,4,9,気圧計、指標,cefrj+ai
5989,bruise,noun,B2,4,9,あざ、打撲,cefrj+ai
5990,delicacy,noun,B2,4,9,ごちそう、繊細さ,cefrj+ai
5991,demolish,verb,B2,4,9,取り壊す,cefrj+ai
5992,foresee,verb,B2,4,9,予見する、見越す,cefrj+ai
5993,frantically,adv,B2,4,9,必死に、半狂乱で,cefrj+ai
5994,snowball,noun,B2,4,9,雪玉,cefrj+ai
5995,tulip,noun,B2,4,9,チューリップ,cefrj+ai
5996,unbeatable,adj,B2,4,9,無敵の、負けない,cefrj+ai
5997,absentee,noun,B2,4,9,欠席者、不在者,cefrj+ai
5998,conceivable,adj,B2,4,9,考えられる,cefrj+ai
5999,dishonesty,noun,B2,4,9,不正直、不誠実,cefrj+ai
6000,doubly,adv,B2,4,9,2倍に、二重に,cefrj+ai
6001,footnote,noun,B2,4,9,脚注,cefrj
6002,hone,noun,B2,4,9,砥石（といし）,cefrj+ai
6003,skim,verb,B2,4,9,ざっと読む、すくい取る,cefrj+ai
6004,twinkle,noun,B2,4,9,きらめき,cefrj+ai
6005,unforeseen,adj,B2,4,9,予期しない、思いがけない,cefrj+ai
6006,weakly,adv,B2,4,9,弱々しく,cefrj+ai
6007,amplify,verb,B2,4,9,増幅する、拡大する,cefrj+ai
6008,bloodstream,noun,B2,4,9,血流,cefrj+ai
6009,bustling,adj,B2,4,9,にぎやかな、活気のある,cefrj+ai
6010,duplication,noun,B2,4,9,複製、重複,cefrj+ai
6011,infer,verb,B2,4,9,推測する、推論する,cefrj+ai
6012,socialize,verb,B2,4,9,社交化,cefrj
6013,stepmother,noun,B2,4,9,継母,cefrj+ai
6014,theorist,noun,B2,4,9,理論家,cefrj
6015,attainment,noun,B2,4,9,達成、到達,cefrj+ai
6016,disorderly,adj,B2,4,9,無秩序な、乱れた,cefrj+ai
6017,misunderstand,verb,B2,4,9,誤解する,cefrj+ai
6018,proponent,noun,B2,4,9,支持者、提唱者,cefrj+ai
6019,unhappiness,noun,B2,4,9,不幸、不満,cefrj+ai
6020,unimaginable,adj,B2,4,9,想像できない,cefrj+ai
6021,warship,noun,B2,4,9,軍艦,cefrj+ai
6022,animate,verb,B2,4,9,活気づける、動画にする,cefrj+ai
6023,displeasure,noun,B2,4,9,不快、不満,cefrj+ai
6024,lark,noun,B2,4,9,ヒバリ,cefrj+ai
6025,powerfully,adv,B2,4,9,力強く,cefrj+ai
6026,refute,verb,B2,4,9,反論する、論破する,cefrj+ai
6027,dowry,noun,B2,4,9,持参金,cefrj+ai
6028,inseparable,adj,B2,4,9,切り離せない、離れられない,cefrj+ai
6029,intravenous,adj,B2,4,9,静脈内の、点滴の,cefrj+ai
6030,juror,noun,B2,4,9,陪審員,cefrj+ai
6031,millimeter,noun,B2,4,9,ミリリットル,cefrj
6032,pluck,verb,B2,4,9,摘む、引き抜く,cefrj+ai
6033,resonant,adj,B2,4,9,よく響く,cefrj+ai
6034,skillful,adj,B2,4,9,熟練した、上手な,cefrj+ai
6035,suitably,adv,B2,4,9,適切に、ふさわしく,cefrj+ai
6036,synonym,noun,B2,4,9,同義語,cefrj+ai
6037,tanned,adj,B2,4,9,日焼けした,cefrj+ai
6038,transfusion,noun,B2,4,9,輸血,cefrj+ai
6039,adaptable,adj,B2,4,9,適応力のある,cefrj+ai
6040,amuse,verb,B2,4,9,楽しませる、笑わせる,cefrj+ai
6041,archaeologist,noun,B2,4,9,考古学者,cefrj+ai
6042,artistry,noun,B2,4,9,芸術的手腕,cefrj+ai
6043,atypical,adj,B2,4,9,典型的でない,cefrj+ai
6044,breezy,adj,B2,4,9,風通しのよい、快活な,cefrj+ai
6045,disapprove,verb,B2,4,9,反対する、認めない,cefrj+ai
6046,dormitory,noun,B2,4,9,寄宿舎、寮,cefrj+ai
6047,figurative,adj,B2,4,9,比喩的な,cefrj+ai
6048,leaflet,noun,B2,4,9,ちらし,cefrj+ai
6049,pallet,noun,B2,4,9,パレット（荷台）,cefrj+ai
6050,predictor,noun,B2,4,9,予測の手がかり,cefrj+ai
6051,spokeswoman,noun,B2,4,9,女性の報道官,cefrj+ai
6052,stockpile,noun,B2,4,9,備蓄,cefrj+ai
6053,wondrous,adj,B2,4,9,驚くべき、すばらしい,cefrj+ai
6054,affectionately,adv,B2,4,9,優しく、愛情をこめて,cefrj+ai
6055,frugal,adj,B2,4,9,倹約的な、質素な,cefrj+ai
6056,hijack,noun,B2,4,9,乗っ取り、ハイジャック,cefrj+ai
6057,shipwreck,noun,B2,4,9,難破、難破船,cefrj+ai
6058,attainable,adj,B2,4,9,到達できる、手の届く,cefrj+ai
6059,creatively,adv,B2,4,9,創造的に,cefrj+ai
6060,dissident,noun,B2,4,9,反体制派の人,cefrj+ai
6061,jeopardize,verb,B2,4,9,危険にさらす,cefrj+ai
6062,schoolgirl,noun,B2,4,9,女子生徒,cefrj+ai
6063,subtract,verb,B2,4,9,減算する,cefrj
6064,tactile,adj,B2,4,9,触覚の,cefrj+ai
6065,coherence,noun,B2,4,9,一貫性、まとまり,cefrj+ai
6066,cursor,noun,B2,4,9,カーソル,cefrj+ai
6067,frigate,noun,B2,4,9,フリゲート艦,cefrj+ai
6068,indulgent,adj,B2,4,9,甘い、寛大な,cefrj+ai
6069,inert,adj,B2,4,9,動かない、不活性の,cefrj+ai
6070,prefect,noun,B2,4,9,監督生、知事,cefrj+ai
6071,soybean,noun,B2,4,9,大豆,cefrj+ai
6072,unwise,adj,B2,4,9,賢明でない、愚かな,cefrj+ai
6073,certify,verb,B2,4,9,証明する、認定する,cefrj+ai
6074,dropout,noun,B2,4,9,中退者,cefrj+ai
6075,harrow,noun,B2,4,9,まぐわ（農具）,cefrj+ai
6076,humiliate,verb,B2,4,9,恥をかかせる、屈辱を与える,cefrj+ai
6077,momentary,adj,B2,4,9,一瞬の、つかの間の,cefrj+ai
6078,silverware,noun,B2,4,9,銀食器,cefrj+ai
6079,suspiciously,adv,B2,4,9,疑わしげに、怪しく,cefrj+ai
6080,tiresome,adj,B2,4,9,退屈な、うんざりする,cefrj+ai
6081,unmistakable,adj,B2,4,9,間違えようのない、明白な,cefrj+ai
6082,abnormally,adv,B2,4,9,異常に,cefrj+ai
6083,circuitry,noun,B2,4,9,電気回路,cefrj+ai
6084,compress,noun,B2,4,9,湿布,cefrj+ai
6085,emphatically,adv,B2,4,9,きっぱりと、強調して,cefrj+ai
6086,humanist,noun,B2,4,9,人文主義者、人道主義者,cefrj+ai
6087,lawmaker,noun,B2,4,9,立法者、議員,cefrj+ai
6088,mogul,noun,B2,4,9,大物、有力者,cefrj+ai
6089,motorist,noun,B2,4,9,自動車の運転者,cefrj+ai
6090,nomad,noun,B2,4,9,遊牧民,cefrj+ai
6091,purposeful,adj,B2,4,9,目的のある、断固とした,cefrj+ai
6092,southward,adv,B2,4,9,南へ、南方に,cefrj+ai
6093,yawn,noun,B2,4,9,あくび,cefrj+ai
6094,beagle,noun,B2,4,9,ビーグル犬,cefrj+ai
6095,flutter,noun,B2,4,9,はためき、どきどき,cefrj+ai
6096,hatching,noun,B2,4,9,ふ化,cefrj+ai
6097,islander,noun,B2,4,9,島民,cefrj+ai
6098,stimulant,noun,B2,4,9,興奮剤、刺激物,cefrj+ai
6099,sympathize,verb,B2,4,9,同情する、共感する,cefrj+ai
6100,thirdly,adv,B2,4,9,第三に,cefrj+ai
6101,vibrate,verb,B2,4,9,振動する、震える,cefrj+ai
6102,worsen,verb,B2,4,9,悪化する,cefrj+ai
6103,delicately,adv,B2,4,9,繊細に、そっと,cefrj+ai
6104,fearsome,adj,B2,4,9,恐ろしい,cefrj+ai
6105,flax,noun,B2,4,9,亜麻,cefrj+ai
6106,glorify,verb,B2,4,9,賛美する、美化する,cefrj+ai
6107,heartwarming,adj,B2,4,9,心温まる,cefrj+ai
6108,leisurely,adv,B2,4,9,ゆっくりと、のんびりと,cefrj+ai
6109,respiration,noun,B2,4,9,呼吸,cefrj+ai
6110,standstill,noun,B2,4,9,停止、行き詰まり,cefrj+ai
6111,tremor,noun,B2,4,9,震え、小さな地震,cefrj+ai
6112,unsatisfactory,adj,B2,4,9,不満足な、不十分な,cefrj+ai
6113,bookmark,noun,B2,4,9,しおり、ブックマーク,cefrj+ai
6114,impossibility,noun,B2,4,9,不可能（なこと）,cefrj+ai
6115,penicillin,noun,B2,4,9,ペニシリン,cefrj+ai
6116,desolation,noun,B2,4,9,荒廃、わびしさ,cefrj+ai
6117,incurable,adj,B2,4,9,治らない、不治の,cefrj+ai
6118,modernize,verb,B2,4,9,近代化する,cefrj+ai
6119,nourishment,noun,B2,4,9,栄養、食物,cefrj+ai
6120,petrified,adj,B2,4,9,恐怖ですくんだ、石化した,cefrj+ai
6121,showbiz,noun,B2,4,9,芸能界,cefrj+ai
6122,stingy,adj,B2,4,9,けちな,cefrj+ai
6123,toil,verb,B2,4,9,骨折って働く,cefrj+ai
6124,trusty,adj,B2,4,9,頼りになる,cefrj+ai
6125,vigor,noun,B2,4,9,活力、精力,cefrj+ai
6126,fantastically,adv,B2,4,9,すばらしく、途方もなく,cefrj+ai
6127,fluency,noun,B2,4,9,流暢さ,cefrj+ai
6128,kerosene,noun,B2,4,9,灯油,cefrj+ai
6129,nobleman,noun,B2,4,9,貴族,cefrj+ai
6130,optimist,noun,B2,4,9,楽観的な人、楽天家,cefrj+ai
6131,outwardly,adv,B2,4,9,外見上は、表面上は,cefrj+ai
6132,adorn,verb,B2,4,9,美しく飾る,cefrj+ai
6133,eyelid,noun,B2,4,9,まぶた,cefrj+ai
6134,inanimate,adj,B2,4,9,生命のない,cefrj+ai
6135,inflate,verb,B2,4,9,ふくらませる、つり上げる,cefrj+ai
6136,legislate,verb,B2,4,9,法律を制定する,cefrj+ai
6137,mutton,noun,B2,4,9,羊肉、マトン,cefrj+ai
6138,stanza,noun,B2,4,9,（詩の）連、節,cefrj+ai
6139,amazement,noun,B2,4,9,びっくり、驚き,cefrj+ai
6140,disorganized,adj,B2,4,9,まとまりのない、乱雑な,cefrj+ai
6141,handout,noun,B2,4,9,配布資料,cefrj
6142,instill,verb,B2,4,9,教え込む、植えつける,cefrj+ai
6143,uncomfortably,adv,B2,4,9,心地悪く、気まずく,cefrj+ai
6144,barbershop,noun,B2,4,9,理髪店、床屋,cefrj+ai
6145,clog,verb,B2,4,9,詰まらせる、ふさぐ,cefrj+ai
6146,cyberspace,noun,B2,4,9,サイバー空間,cefrj+ai
6147,detach,verb,B2,4,9,取り外す、引き離す,cefrj+ai
6148,infringe,verb,B2,4,9,侵害する、違反する,cefrj+ai
6149,lowland,noun,B2,4,9,低地,cefrj+ai
6150,sliver,noun,B2,4,9,薄い切れ端、破片,cefrj+ai
6151,softness,noun,B2,4,9,柔らかさ,cefrj+ai
6152,unhelpful,adj,B2,4,9,役に立たない、助けにならない,cefrj+ai
6153,unkind,adj,B2,4,9,不親切な、意地悪な,cefrj+ai
6154,bestow,verb,B2,4,9,授ける、与える,cefrj+ai
6155,bustle,verb,B2,4,9,せわしく動き回る,cefrj+ai
6156,cheerfully,adv,B2,4,9,元気よく、快活に,cefrj+ai
6157,graphically,adv,B2,4,9,生々しく、図で,cefrj+ai
6158,ointment,noun,B2,4,9,軟膏,cefrj+ai
6159,shoplifting,noun,B2,4,9,万引き,cefrj+ai
6160,simplification,noun,B2,4,9,単純化、簡略化,cefrj+ai
6161,subculture,noun,B2,4,9,サブカルチャー,cefrj+ai
6162,bossy,adj,B2,4,9,偉そうな、威張る,cefrj+ai
6163,deduce,verb,B2,4,9,推論する、推測する,cefrj+ai
6164,displace,verb,B2,4,9,取って代わる、追い出す,cefrj+ai
6165,elegantly,adv,B2,4,9,上品に、優雅に,cefrj+ai
6166,erupt,verb,B2,4,9,噴火する、爆発する,cefrj+ai
6167,gleam,noun,B2,4,9,かすかな光、きらめき,cefrj+ai
6168,sociable,adj,B2,4,9,社交的な、人付き合いのよい,cefrj+ai
6169,yearn,verb,B2,4,9,あこがれる、切望する,cefrj+ai
6170,foolishly,adv,B2,4,9,愚かにも,cefrj+ai
6171,hospitable,adj,B2,4,9,もてなしのよい,cefrj+ai
6172,practicality,noun,B2,4,9,実用性,cefrj+ai
6173,radiate,verb,B2,4,9,放射する、発散する,cefrj+ai
6174,scrooge,noun,B2,4,9,けちな人、守銭奴,cefrj+ai
6175,sonnet,noun,B2,4,9,ソネット、十四行詩,cefrj+ai
6176,taunt,noun,B2,4,9,あざけり、嘲笑,cefrj+ai
6177,undressed,adj,B2,4,9,服を着ていない、裸の,cefrj+ai
6178,workman,noun,B2,4,9,職人、作業員,cefrj+ai
6179,cruelly,adv,B2,4,9,残酷に,cefrj+ai
6180,communicative,adj,B2,4,9,コミュニケーションのための、情報伝達の,cefrj
6181,disqualify,verb,B2,4,9,失格にする,cefrj+ai
6182,immerse,verb,B2,4,9,浸す、没頭させる,cefrj+ai
6183,mausoleum,noun,B2,4,9,霊廟、壮大な墓,cefrj+ai
6184,typhoid,noun,B2,4,9,腸チフス,cefrj+ai
6185,gulp,noun,B2,4,9,ごくりと飲むこと、一飲み,cefrj+ai
6186,hyperbole,noun,B2,4,9,誇張、誇張法,cefrj+ai
6187,politeness,noun,B2,4,9,礼儀正しさ,cefrj+ai
6188,subcontinent,noun,B2,4,9,亜大陸,cefrj+ai
6189,unjustly,adv,B2,4,9,不当に,cefrj+ai
6190,confine,verb,B2,4,9,閉じ込める,cefrj
6191,murmur,noun,B2,4,9,ささやき、さざめき,cefrj+ai
6192,stubbornly,adv,B2,4,9,頑固に,cefrj+ai
6193,tiredness,noun,B2,4,9,疲れ、疲労,cefrj+ai
6194,generalize,verb,B2,4,9,一般化する,cefrj
6195,mumble,noun,B2,4,9,もごもご言う声,cefrj+ai
6196,ungodly,adj,B2,4,9,不信心な、とんでもない,cefrj+ai
6197,antivirus,noun,B2,4,9,ウイルス対策ソフト,cefrj+ai
6198,arouse,verb,B2,4,9,呼び起こす、目覚めさせる,cefrj+ai
6199,countryman,noun,B2,4,9,同国人、同郷の人,cefrj+ai
6200,dandelion,noun,B2,4,9,タンポポ,cefrj+ai
6201,indescribable,adj,B2,4,9,言葉にできない,cefrj+ai
6202,landlady,noun,B2,4,9,女主人、女家主,cefrj+ai
6203,nourish,verb,B2,4,9,栄養を与える、育てる,cefrj+ai
6204,obsess,verb,B2,4,9,取りつく、とりこにする,cefrj+ai
6205,orator,noun,B2,4,9,演説者、雄弁家,cefrj+ai
6206,thoughtless,adj,B2,4,9,思慮のない、軽率な,cefrj+ai
6207,villager,noun,B2,4,9,村人,cefrj+ai
6208,antibacterial,adj,B2,4,9,抗菌の,cefrj+ai
6209,laborer,noun,B2,4,9,労働者,cefrj+ai
6210,innocently,adv,B2,4,9,無邪気に,cefrj+ai
6211,polity,noun,B2,4,9,政治形態、国家,cefrj+ai
6212,regrettably,adv,B2,4,9,残念ながら,cefrj+ai
6213,shopkeeper,noun,B2,4,9,店主,cefrj+ai
6214,shortness,noun,B2,4,9,短さ、不足,cefrj+ai
6215,subside,verb,B2,4,9,静まる、おさまる,cefrj+ai
6216,cannonball,noun,B2,4,9,砲弾,cefrj+ai
6217,imprison,verb,B2,4,9,投獄する,cefrj+ai
6218,leek,noun,B2,4,9,ネギ、リーキ,cefrj+ai
6219,papaya,noun,B2,4,9,パパイヤ,cefrj+ai
6220,prawn,noun,B2,4,9,エビ,cefrj+ai
6221,astonishment,noun,B2,4,9,驚嘆、仰天,cefrj+ai
6222,precede,verb,B2,4,9,先行する,cefrj
6223,publicize,verb,B2,4,9,公表する、宣伝する,cefrj+ai
6224,undersea,adj,B2,4,9,海底の、海中の,cefrj+ai
6225,burdensome,adj,B2,4,9,負担の大きい、厄介な,cefrj+ai
6226,impressionist,noun,B2,4,9,印象派の画家,cefrj+ai
6227,predicate,verb,B2,4,9,基づかせる、断言する,cefrj+ai
6228,revolutionize,verb,B2,4,9,大改革する、一変させる,cefrj+ai
6229,rhinoceros,noun,B2,4,9,サイ,cefrj+ai
6230,eyelash,noun,B2,4,9,まつげ,cefrj+ai
6231,salesperson,noun,B2,4,9,販売員、店員,cefrj+ai
6232,skillfully,adv,B2,4,9,巧みに、上手に,cefrj+ai
6233,contaminate,verb,B2,4,9,汚染する,cefrj+ai
6234,eloquence,noun,B2,4,9,雄弁,cefrj+ai
6235,gaudy,adj,B2,4,9,けばけばしい、派手な,cefrj+ai
6236,overestimate,verb,B2,4,9,過大評価する,cefrj+ai
6237,punctual,adj,B2,4,9,時間を守る,cefrj+ai
6238,trample,noun,B2,4,9,踏みつけ,cefrj+ai
6239,tropic,adj,B2,4,9,熱帯の,cefrj+ai
6240,categorization,noun,B2,4,9,分類,cefrj+ai
6241,conceit,noun,B2,4,9,うぬぼれ,cefrj+ai
6242,exclaim,verb,B2,4,9,（驚いて）叫ぶ,cefrj+ai
6243,falter,verb,B2,4,9,ためらう、弱まる,cefrj+ai
6244,personification,noun,B2,4,9,擬人化,cefrj+ai
6245,playmate,noun,B2,4,9,遊び友達,cefrj+ai
6246,repress,verb,B2,4,9,抑える、抑圧する,cefrj+ai
6247,stagger,noun,B2,4,9,よろめき,cefrj+ai
6248,steely,adj,B2,4,9,鋼のような、冷徹な,cefrj+ai
6249,citywide,adj,B2,4,9,市全体の,cefrj+ai
6250,cornet,noun,B2,4,9,コルネット,cefrj+ai
6251,intrude,verb,B2,4,9,侵入する、立ち入る,cefrj+ai
6252,jeweler,noun,B2,4,9,宝石商,cefrj+ai
6253,lengthen,verb,B2,4,9,長くする、延ばす,cefrj+ai
6254,ecologically,adv,B2,4,9,生態学的に、環境面で,cefrj+ai
6255,firmness,noun,B2,4,9,堅さ、断固とした態度,cefrj+ai
6256,radium,noun,B2,4,9,ラジウム,cefrj+ai
6257,reorganize,verb,B2,4,9,再編成する,cefrj+ai
6258,bellow,verb,B2,4,9,怒鳴る、大声で叫ぶ,cefrj+ai
6259,familiarize,verb,B2,4,9,慣れさせる、なじませる,cefrj+ai
6260,newsworthy,adj,B2,4,9,ニュース価値のある,cefrj+ai
6261,benevolence,noun,B2,4,9,慈悲、善意,cefrj+ai
6262,scythe,noun,B2,4,9,大鎌,cefrj+ai
6263,tenderly,adv,B2,4,9,優しく,cefrj+ai
6264,unease,noun,B2,4,9,不安,cefrj+ai
6265,magnify,verb,B2,4,9,拡大する,cefrj+ai
6266,mutter,noun,B2,4,9,ぶつぶつ言う声,cefrj+ai
6267,nostril,noun,B2,4,9,鼻の穴,cefrj+ai
6268,overcoat,noun,B2,4,9,オーバー、外套,cefrj+ai
6269,splatter,noun,B2,4,9,はね、飛び散り,cefrj+ai
6270,apostrophe,noun,B2,4,9,アポストロフィ,cefrj+ai
6271,permanence,noun,B2,4,9,永続性,cefrj+ai
6272,snore,noun,B2,4,9,いびき,cefrj+ai
6273,transitive,adj,B2,4,9,他動詞の,cefrj+ai
6274,carpool,noun,B2,4,9,相乗り、カープール,cefrj+ai
6275,bombard,noun,B2,4,9,砲撃,cefrj+ai
6276,cybercrime,noun,B2,4,9,サイバー犯罪,cefrj+ai
6277,impatiently,adv,B2,4,9,いらいらして、待ちきれずに,cefrj+ai
6278,penalize,verb,B2,4,9,罰する、不利にする,cefrj+ai
6279,unconcerned,adj,B2,4,9,無関心な、平気な,cefrj+ai
6280,countrywide,adj,B2,4,9,全国的な,cefrj+ai
6281,fingernail,noun,B2,4,9,手の指のつめ,cefrj+ai
6282,mournful,adj,B2,4,9,悲しげな,cefrj+ai
6283,punctuality,noun,B2,4,9,時間厳守,cefrj+ai
6284,scribble,noun,B2,4,9,走り書き、落書き,cefrj+ai
6285,bulimia,noun,B2,4,9,過食症,cefrj+ai
6286,conferencing,noun,B2,4,9,（オンライン）会議,cefrj+ai
6287,iceman,noun,B2,4,9,氷売り,cefrj+ai
6288,outdo,verb,B2,4,9,〜に勝る、上回る,cefrj+ai
6289,outlive,verb,B2,4,9,〜より長生きする,cefrj+ai
6290,tightrope,noun,B2,4,9,綱渡りの綱,cefrj+ai
6291,unselfish,adj,B2,4,9,自分勝手でない、思いやりのある,cefrj+ai
6292,cellist,noun,B2,4,9,チェロ奏者,cefrj+ai
6293,entitle,verb,B2,4,9,資格を与える、題を付ける,cefrj
6294,overshadow,verb,B2,4,9,影を落とす、かすませる,cefrj+ai
6295,homeward,adj,B2,4,9,家路の、帰途の,cefrj+ai
6296,sneer,noun,B2,4,9,冷笑、あざ笑い,cefrj+ai
6297,stopover,noun,B2,4,9,途中下車、途中滞在,cefrj+ai
6298,ageless,adj,B2,4,9,年を取らない、不朽の,cefrj+ai
6299,recollect,verb,B2,4,9,思い出す,cefrj+ai
6300,ruinous,adj,B2,4,9,破滅的な,cefrj+ai
6301,skyward,adv,B2,4,9,空へ、上空に,cefrj+ai
6302,startle,verb,B2,4,9,びっくりさせる、ぎくっとさせる,cefrj+ai
6303,subplot,noun,B2,4,9,脇筋、サブプロット,cefrj+ai
6304,tablecloth,noun,B2,4,9,テーブルクロス,cefrj+ai
6305,bothersome,adj,B2,4,9,面倒な、うるさい,cefrj+ai
6306,oversize,adj,B2,4,9,特大の、大きすぎる,cefrj+ai
6307,perspiration,noun,B2,4,9,汗、発汗,cefrj+ai
6308,ecologist,noun,B2,4,9,生態学者、環境保護論者,cefrj+ai
6309,gravitation,noun,B2,4,9,引力、万有引力,cefrj+ai
6310,jealously,adv,B2,4,9,嫉妬して、用心深く,cefrj+ai
6311,outgrow,verb,B2,4,9,成長して合わなくなる,cefrj+ai
6312,pessimist,noun,B2,4,9,悲観的な人、悲観論者,cefrj+ai
6313,timeliness,noun,B2,4,9,タイミングのよさ,cefrj+ai
6314,bathhouse,noun,B2,4,9,銭湯、浴場,cefrj+ai
6315,engulf,verb,B2,4,9,飲み込む、巻き込む,cefrj+ai
6316,essayist,noun,B2,4,9,随筆家、エッセイスト,cefrj+ai
6317,gravestone,noun,B2,4,9,墓石,cefrj+ai
6318,pedantic,adj,B2,4,9,学者ぶった、理屈っぽい,cefrj+ai
6319,spellbound,adj,B2,4,9,魅了された、うっとりした,cefrj+ai
6320,waistcoat,noun,B2,4,9,チョッキ、ベスト,cefrj+ai
6321,diphtheria,noun,B2,4,9,ジフテリア,cefrj+ai
6322,downsize,verb,B2,4,9,縮小する、人員を減らす,cefrj+ai
6323,handicraft,noun,B2,4,9,手工芸、手芸品,cefrj+ai
6324,overhear,verb,B2,4,9,ふと耳にする、立ち聞きする,cefrj+ai
6325,sunbeam,noun,B2,4,9,日光、陽光,cefrj+ai
6326,filial,adj,B2,4,9,子としての、親孝行の,cefrj+ai
6327,hyphen,noun,B2,4,9,ハイフン,cefrj+ai
6328,impressionism,noun,B2,4,9,印象派、印象主義,cefrj+ai
6329,tiptoe,verb,B2,4,9,つま先で歩く,cefrj+ai
6330,workaholic,adj,B2,4,9,仕事中毒の,cefrj+ai
6331,anchorman,noun,B2,4,9,総合司会者、アンカーマン,cefrj+ai
6332,bewilderment,noun,B2,4,9,当惑、戸惑い,cefrj+ai
6333,fume,noun,B2,4,9,煙、ガス,cefrj+ai
6334,microbe,noun,B2,4,9,細菌、病原菌,cefrj+ai
6335,offhand,adv,B2,4,9,即座に、準備なしに,cefrj+ai
6336,permeate,verb,B2,4,9,浸透する、行き渡る,cefrj+ai
6337,solidity,noun,B2,4,9,堅固さ、確かさ,cefrj+ai
6338,thickly,adv,B2,4,9,厚く、濃く,cefrj+ai
6339,unmistakably,adv,B2,4,9,間違いなく、明らかに,cefrj+ai
6340,drapery,noun,B2,4,9,掛け布、カーテン,cefrj+ai
6341,gymnastic,adj,B2,4,9,体操の,cefrj+ai
6342,impolite,adj,B2,4,9,失礼な、無作法な,cefrj+ai
6343,paintbrush,noun,B2,4,9,絵筆,cefrj+ai
6344,rainstorm,noun,B2,4,9,暴風雨,cefrj+ai
6345,repaint,noun,B2,4,9,塗り直し,cefrj+ai
6346,exalt,verb,B2,4,9,ほめたたえる、高める,cefrj+ai
6347,humbug,noun,B2,4,9,ごまかし、ペテン,cefrj+ai
6348,indignity,noun,B2,4,9,侮辱、屈辱,cefrj+ai
6349,olympiad,noun,B2,4,9,オリンピック大会、国際競技会,cefrj+ai
6350,drinkable,adj,B2,4,9,飲める、飲用の,cefrj+ai
6351,stopwatch,noun,B2,4,9,ストップウォッチ,cefrj+ai
6352,toenail,noun,B2,4,9,足の指のつめ,cefrj+ai
6353,truthfulness,noun,B2,4,9,正直さ、誠実さ,cefrj+ai
6354,workbench,noun,B2,4,9,作業台,cefrj+ai
6355,ravage,noun,B2,4,9,破壊、荒廃,cefrj+ai
6356,uncharacteristic,adj,B2,4,9,らしくない,cefrj+ai
6357,bookish,adj,B2,4,9,本好きの、堅苦しい,cefrj+ai
6358,gaiety,noun,B2,4,9,陽気さ、華やかさ,cefrj+ai
6359,neurosis,noun,B2,4,9,神経症、ノイローゼ,cefrj+ai
6360,rafter,noun,B2,4,9,たるき（屋根の骨組み）,cefrj+ai
6361,malady,noun,B2,4,9,病気、弊害,cefrj+ai
6362,pillowcase,noun,B2,4,9,枕カバー,cefrj+ai
6363,subjunctive,noun,B2,4,9,仮定法,cefrj+ai
6364,stonework,noun,B2,4,9,石造物、石細工,cefrj+ai
6365,furor,noun,B2,4,9,大騒ぎ、激しい怒り,cefrj+ai
6366,irresistibly,adv,B2,4,9,抗しがたく、どうしても,cefrj+ai
6367,newscaster,noun,B2,4,9,ニュースキャスター,cefrj+ai
6368,attentively,adv,B2,4,9,注意深く、熱心に,cefrj+ai
6369,beautify,verb,B2,4,9,美しくする,cefrj+ai
6370,droop,noun,B2,4,9,垂れ下がり、うなだれ,cefrj+ai
6371,nought,noun,B2,4,9,ゼロ、無,cefrj+ai
6372,outshine,verb,B2,4,9,〜より輝く、見劣りさせる,cefrj+ai
6373,paratrooper,noun,B2,4,9,落下傘兵,cefrj+ai
6374,untie,verb,B2,4,9,ほどく,cefrj+ai
6375,walkabout,noun,B2,4,9,放浪の旅、気ままな散策,cefrj+ai
6376,aircrew,noun,B2,4,9,航空機の乗組員,cefrj+ai
6377,antiaircraft,adj,B2,4,9,対空の、防空の,cefrj+ai
6378,mistreat,verb,B2,4,9,虐待する、ひどく扱う,cefrj+ai
6379,stammer,verb,B2,4,9,どもる、口ごもる,cefrj+ai
6380,blurt,noun,B2,4,9,口走ること,cefrj+ai
6381,idolize,verb,B2,4,9,崇拝する、偶像化する,cefrj+ai
6382,semicolon,noun,B2,4,9,セミコロン,cefrj+ai
6383,astonish,verb,B2,4,9,仰天させる、驚嘆させる,cefrj+ai
6384,centigrade,noun,B2,4,9,摂氏,cefrj+ai
6385,flexibly,adv,B2,4,9,柔軟に,cefrj+ai
6386,quotable,adj,B2,4,9,引用に値する,cefrj+ai
6387,seesaw,noun,B2,4,9,シーソー,cefrj+ai
6388,skylark,noun,B2,4,9,ヒバリ,cefrj+ai
6389,popularize,verb,B2,4,9,普及させる、大衆化する,cefrj+ai
6390,birdcage,noun,B2,4,9,鳥かご,cefrj+ai
6391,humanize,verb,B2,4,9,人間らしくする,cefrj+ai
6392,soliloquy,noun,B2,4,9,独白、独り言,cefrj+ai
6393,anticancer,noun,B2,4,9,抗がん剤,cefrj+ai
6394,indent,verb,B2,4,9,字下げする,cefrj+ai
6395,unfashionable,adj,B2,4,9,流行遅れの,cefrj+ai
6396,disillusion,verb,B2,4,9,幻滅させる,cefrj+ai
6397,inborn,adj,B2,4,9,生まれつきの,cefrj+ai
6398,paperless,adj,B2,4,9,ペーパーレスの、紙を使わない,cefrj+ai
6399,skateboarder,noun,B2,4,9,スケートボードをする人,cefrj+ai
6400,breakable,adj,B2,4,9,壊れやすい,cefrj+ai
6401,aubergine,noun,B2,4,9,ナス,cefrj+ai
6402,mutable,adj,B2,4,9,変わりやすい,cefrj+ai
6403,cubism,noun,B2,4,9,キュビズム、立体派,cefrj+ai
6404,prance,noun,B2,4,9,跳ね回ること,cefrj+ai
6405,overstep,verb,B2,4,9,踏み越える、超える,cefrj+ai
6406,tortoiseshell,noun,B2,4,9,べっこう,cefrj+ai
6407,unashamedly,adv,B2,4,9,恥ずかしげもなく、堂々と,cefrj+ai
6408,crystallize,verb,B2,4,9,結晶化する、具体化する,cefrj+ai
6409,handrail,noun,B2,4,9,手すり,cefrj+ai
6410,masseur,noun,B2,4,9,マッサージ師,cefrj+ai
6411,dignify,verb,B2,4,9,威厳をつける、立派に見せる,cefrj+ai
6412,unimaginably,adv,B2,4,9,想像できないほど,cefrj+ai
6413,shoplifter,noun,B2,4,9,万引き犯,cefrj+ai
6414,uneasily,adv,B2,4,9,不安そうに、落ち着かずに,cefrj+ai
6415,intransitive,adj,B2,4,9,自動詞の,cefrj+ai
6416,micrometer,noun,B2,4,9,マイクロメートル,cefrj+ai
6417,microorganism,noun,B2,4,9,微生物,cefrj+ai
6418,referent,adj,B2,4,9,指示対象の,cefrj+ai
6419,cheerfulness,noun,B2,4,9,明るさ、快活さ,cefrj+ai
6420,microcomputer,noun,B2,4,9,マイクロコンピューター,cefrj+ai
6421,pawnbroker,noun,B2,4,9,質屋の主人,cefrj+ai
6422,saleswoman,noun,B2,4,9,女性販売員,cefrj+ai
6423,speeder,noun,B2,4,9,スピード違反者,cefrj+ai
6424,keystroke,noun,B2,4,9,キー入力、打鍵,cefrj+ai
6425,unenthusiastic,adj,B2,4,9,乗り気でない、熱意のない,cefrj+ai
6426,quarrelsome,adj,B2,4,9,けんか好きな,cefrj+ai
6427,clearness,noun,B2,4,9,明瞭さ、透明さ,cefrj+ai
6428,personify,verb,B2,4,9,擬人化する、体現する,cefrj+ai
6429,pawnshop,noun,B2,4,9,質店、質屋,cefrj+ai
6430,smokestack,noun,B2,4,9,煙突,cefrj+ai
6431,dispensable,adj,B2,4,9,なくてもよい,cefrj+ai
6432,impermanent,adj,B2,4,9,永続しない、一時的な,cefrj+ai
6433,salesmanship,noun,B2,4,9,販売術、売り込みの腕,cefrj+ai
6434,untalented,adj,B2,4,9,才能のない,cefrj+ai
6435,exultant,adj,B2,4,9,大喜びの、勝ち誇った,cefrj+ai
6436,dehumanize,verb,B2,4,9,人間性を奪う,cefrj+ai
6437,invariable,adj,B2,4,9,不変の、変わらない,cefrj+ai
6438,agonize,verb,B2,4,9,苦悩する、思い悩む,cefrj+ai
6439,determiner,noun,B2,4,9,限定詞,cefrj+ai
6440,respectably,adv,B2,4,9,立派に、ちゃんと,cefrj+ai
6441,shoplift,verb,B2,4,9,万引きする,cefrj+ai
6442,doorkeeper,noun,B2,4,9,門番、守衛,cefrj+ai
6443,admiringly,adv,B2,4,9,感心して、ほれぼれと,cefrj+ai
6444,mistrustful,adj,B2,4,9,疑い深い、信用しない,cefrj+ai
6445,prejudge,verb,B2,4,9,早まって判断する,cefrj+ai
6446,wordlessly,adv,B2,4,9,無言で,cefrj+ai
6447,collocation,noun,B2,4,9,連語、コロケーション,cefrj+ai
6448,ferryboat,noun,B2,4,9,フェリー、渡し船,cefrj+ai
6449,burgle,verb,B2,4,9,押し入って盗む,cefrj+ai
6450,scholasticism,noun,B2,4,9,スコラ哲学,cefrj+ai
6451,tech,noun,AC,5,10,科学技術,nawl
6452,enforcement,noun,AC,5,10,施行,nawl
6453,crystal,noun,AC,5,10,結晶,nawl
6454,forum,noun,AC,5,10,フォーラム、講演会、座談会,nawl
6455,sin,noun,AC,5,10,罪,nawl
6456,communist,adj,AC,5,10,共産主義者,nawl
6457,domain,noun,AC,5,10,領域、ドメイン,nawl
6458,collective,adj,AC,5,10,収集された、 集団の,nawl
6459,alien,noun,AC,5,10,外国人、宇宙人,nawl
6460,carrier,noun,AC,5,10,運送業、航空会社、電話会社,nawl
6461,clay,noun,AC,5,10,粘土,nawl
6462,loop,noun,AC,5,10,輪,nawl
6463,auction,verb,AC,5,10,競売で売る,nawl
6464,spectrum,noun,AC,5,10,スペクトル,nawl
6465,dominant,adj,AC,5,10,支配的な,nawl
6466,integration,noun,AC,5,10,統合,nawl
6467,unity,noun,AC,5,10,単一性、統一,nawl
6468,criteria,noun,AC,5,10,基準,nawl
6469,gravity,noun,AC,5,10,重力,nawl
6470,transaction,noun,AC,5,10,取引,nawl
6471,chronic,adj,AC,5,10,慢性的な,nawl
6472,diagnosis,noun,AC,5,10,診断,nawl
6473,bacteria,noun,AC,5,10,細菌,nawl
6474,bulk,noun,AC,5,10,体積、 容積、 多量,nawl
6475,commentary,noun,AC,5,10,論評、注釈、記録,nawl
6476,ethics,noun,AC,5,10,倫理学、道徳,nawl
6477,partially,adv,AC,5,10,部分的に、不公平に,nawl
6478,scenario,noun,AC,5,10,シナリオ,nawl
6479,sustainable,adj,AC,5,10,持続可能な,nawl
6480,grid,noun,AC,5,10,格子、送電網,nawl
6481,magnetic,adj,AC,5,10,磁気の,nawl
6482,indigenous,adj,AC,5,10,固有の、土着の,nawl
6483,infinite,adj,AC,5,10,無限の,nawl
6484,ion,noun,AC,5,10,イオン,nawl
6485,par,noun,AC,5,10,等価、平均、額面価格,nawl
6486,portfolio,noun,AC,5,10,ポートフォリオ,nawl
6487,productivity,noun,AC,5,10,多産、生産性,nawl
6488,protocol,noun,AC,5,10,外交儀礼、議定書、協定,nawl
6489,vertical,adj,AC,5,10,垂直の,nawl
6490,duration,noun,AC,5,10,持続、継続期間,nawl
6491,immune,adj,AC,5,10,免疫,nawl
6492,intensity,noun,AC,5,10,激しさ、強度,nawl
6493,statistical,adj,AC,5,10,統計的,nawl
6494,trauma,noun,AC,5,10,外傷、トラウマ,nawl
6495,cheers,noun,AC,5,10,乾杯,nawl
6496,goodness,noun,AC,5,10,よいこと,nawl
6497,valve,noun,AC,5,10,弁、バルブ,nawl
6498,adjacent,adj,AC,5,10,隣接した,nawl
6499,colony,noun,AC,5,10,植民地,nawl
6500,delta,noun,AC,5,10,デルタ,nawl
6501,entity,noun,AC,5,10,実体,nawl
6502,interface,noun,AC,5,10,接点,nawl
6503,linear,adj,AC,5,10,線形の,nawl
6504,artwork,noun,AC,5,10,作品,nawl
6505,cognitive,adj,AC,5,10,認知の,nawl
6506,locally,adj,AC,5,10,局所的に、地元で,nawl
6507,minimal,adj,AC,5,10,最小の,nawl
6508,molecular,adj,AC,5,10,分子の,nawl
6509,overview,noun,AC,5,10,概観,nawl
6510,array,noun,AC,5,10,配列,nawl
6511,monetary,adj,AC,5,10,金銭的な,nawl
6512,purely,adv,AC,5,10,純粋に,nawl
6513,comparable,adj,AC,5,10,比較できる、同等な,nawl
6514,historically,adv,AC,5,10,歴史的に,nawl
6515,layout,noun,AC,5,10,レイアウト、設計,nawl
6516,rotation,noun,AC,5,10,回転,nawl
6517,ethical,adj,AC,5,10,倫理的な,nawl
6518,matrix,noun,AC,5,10,マトリックス、基質,nawl
6519,momentum,noun,AC,5,10,勢い、運動量,nawl
6520,nest,noun,AC,5,10,巣,nawl
6521,optical,adj,AC,5,10,光学の,nawl
6522,quantum,noun,AC,5,10,量子,nawl
6523,compact,adj,AC,5,10,小型の、圧縮する,nawl
6524,detection,noun,AC,5,10,発見、検出,nawl
6525,elaborate,adj,AC,5,10,手の込んだ,nawl
6526,expertise,noun,AC,5,10,専門知識,nawl
6527,halfway,adv,AC,5,10,中間で、途中で,nawl
6528,realm,noun,AC,5,10,領域,nawl
6529,tolerance,noun,AC,5,10,耐性,nawl
6530,orientation,noun,AC,5,10,適応、オリエンテーション、方向性、位置,nawl
6531,stance,noun,AC,5,10,姿勢,nawl
6532,static,adj,AC,5,10,静的な,nawl
6533,surgical,adj,AC,5,10,外科の,nawl
6534,comply,verb,AC,5,10,従う,nawl
6535,thermal,adj,AC,5,10,熱の,nawl
6536,dimensional,adj,AC,5,10,次元の,nawl
6537,kidney,noun,AC,5,10,腎臓,nawl
6538,thereby,adv,AC,5,10,それによって,nawl
6539,threshold,noun,AC,5,10,しきい値,nawl
6540,aesthetic,adj,AC,5,10,美的な,nawl
6541,algorithm,noun,AC,5,10,アルゴリズム,nawl
6542,consultation,noun,AC,5,10,相談、協議,nawl
6543,fusion,noun,AC,5,10,融合,nawl
6544,gauge,noun,AC,5,10,計測器、測定する,nawl
6545,gut,noun,AC,5,10,腸,nawl
6546,inclusion,noun,AC,5,10,包含,nawl
6547,machinery,noun,AC,5,10,機械,nawl
6548,mercury,noun,AC,5,10,水銀,nawl
6549,namely,adv,AC,5,10,すなわち、つまり,nawl
6550,adaptation,noun,AC,5,10,適応,nawl
6551,insert,verb,AC,5,10,挿入する,nawl
6552,crude,adj,AC,5,10,原油、自然の、粗雑な,nawl
6553,magnitude,noun,AC,5,10,大きさ,nawl
6554,cylinder,noun,AC,5,10,シリンダー,nawl
6555,fossil,noun,AC,5,10,化石,nawl
6556,rehabilitation,noun,AC,5,10,修復、リハビリ,nawl
6557,resistant,adj,AC,5,10,抵抗する、耐性のある,nawl
6558,vector,noun,AC,5,10,ベクトル,nawl
6559,cord,noun,AC,5,10,ひも、コード,nawl
6560,hydrogen,noun,AC,5,10,水素,nawl
6561,irrelevant,adj,AC,5,10,無関係の,nawl
6562,prey,noun,AC,5,10,捕食,nawl
6563,capitalism,noun,AC,5,10,資本主義,nawl
6564,configuration,noun,AC,5,10,形状,nawl
6565,randomly,adv,AC,5,10,無作為に,nawl
6566,sexuality,noun,AC,5,10,性的特質,nawl
6567,circulation,noun,AC,5,10,循環,nawl
6568,explicit,adj,AC,5,10,明示的な,nawl
6569,explicitly,adv,AC,5,10,明示的に,nawl
6570,fraction,noun,AC,5,10,一部、少量、分数,nawl
6571,integral,adj,AC,5,10,不可欠な,nawl
6572,polar,adj,AC,5,10,極の,nawl
6573,viable,adj,AC,5,10,実行可能な,nawl
6574,binary,adj,AC,5,10,２つの、２進法の,nawl
6575,rhetoric,noun,AC,5,10,言葉遣い、修辞学,nawl
6576,sensitivity,noun,AC,5,10,感受性、感度,nawl
6577,synthetic,adj,AC,5,10,合成的な,nawl
6578,aggregate,noun,AC,5,10,(...の)総計,nawl
6579,composite,adj,AC,5,10,合成物、複合の,nawl
6580,illusion,noun,AC,5,10,幻想,nawl
6581,optimal,adj,AC,5,10,最適な,nawl
6582,profound,adj,AC,5,10,深遠な,nawl
6583,simulation,noun,AC,5,10,シミュレーション,nawl
6584,swap,verb,AC,5,10,交換する,nawl
6585,bundle,noun,AC,5,10,束、束ねる,nawl
6586,elimination,noun,AC,5,10,除去,nawl
6587,norm,noun,AC,5,10,規範、基準,nawl
6588,overhead,adj,AC,5,10,間接費,nawl
6589,donor,noun,AC,5,10,寄贈者,nawl
6590,indicator,noun,AC,5,10,測定器、指針,nawl
6591,inequality,noun,AC,5,10,不平等,nawl
6592,manuscript,noun,AC,5,10,原稿,nawl
6593,reliability,noun,AC,5,10,信頼性,nawl
6594,velocity,noun,AC,5,10,速度,nawl
6595,likelihood,noun,AC,5,10,可能性,nawl
6596,coordination,noun,AC,5,10,調整,nawl
6597,elevation,noun,AC,5,10,高度,nawl
6598,horizontal,adj,AC,5,10,水平の,nawl
6599,individually,adv,AC,5,10,個別に,nawl
6600,inevitably,adv,AC,5,10,必然的に,nawl
6601,mortality,noun,AC,5,10,死亡率,nawl
6602,progression,noun,AC,5,10,発達、進歩,nawl
6603,reservoir,noun,AC,5,10,貯水池,nawl
6604,shuttle,noun,AC,5,10,シャトル、往復する,nawl
6605,transparency,noun,AC,5,10,透明,nawl
6606,liable,adj,AC,5,10,法的責任がある,nawl
6607,credibility,noun,AC,5,10,信頼性,nawl
6608,node,noun,AC,5,10,こぶ、結節,nawl
6609,selective,adj,AC,5,10,選択的な,nawl
6610,marker,noun,AC,5,10,標識、マーカー,nawl
6611,problematic,adj,AC,5,10,問題のある,nawl
6612,processor,noun,AC,5,10,処理装置、加工機、加工業者,nawl
6613,psychiatric,adj,AC,5,10,精神科の,nawl
6614,sodium,noun,AC,5,10,ナトリウム,nawl
6615,surplus,adj,AC,5,10,余剰、黒字,nawl
6616,unstable,adj,AC,5,10,不安定な,nawl
6617,autonomy,noun,AC,5,10,自治権、自立性,nawl
6618,behavioral,adj,AC,5,10,行動の,nawl
6619,commodity,noun,AC,5,10,商品、日用品,nawl
6620,correlation,noun,AC,5,10,相互関係,nawl
6621,fatigue,noun,AC,5,10,疲労,nawl
6622,fringe,noun,AC,5,10,縁、縞（しま）,nawl
6623,radius,noun,AC,5,10,半径,nawl
6624,scroll,noun,AC,5,10,スクロール,nawl
6625,arbitrary,adj,AC,5,10,任意の、 気ままな,nawl
6626,manipulation,noun,AC,5,10,操作,nawl
6627,niche,noun,AC,5,10,ニッチ,nawl
6628,obscure,adj,AC,5,10,あいまいな,nawl
6629,proposition,noun,AC,5,10,提案、命題,nawl
6630,monopoly,adv,AC,5,10,独占,nawl
6631,sperm,noun,AC,5,10,精子,nawl
6632,synthesis,noun,AC,5,10,合成,nawl
6633,urine,noun,AC,5,10,尿,nawl
6634,critique,noun,AC,5,10,批評,nawl
6635,diagnostic,adj,AC,5,10,診断の,nawl
6636,differential,adj,AC,5,10,区別を示す,nawl
6637,discourse,noun,AC,5,10,談話,nawl
6638,dominance,noun,AC,5,10,支配,nawl
6639,economically,adv,AC,5,10,経済的に,nawl
6640,justification,noun,AC,5,10,正当化,nawl
6641,nationalism,noun,AC,5,10,国家主義,nawl
6642,reactor,noun,AC,5,10,原子炉,nawl
6643,calcium,noun,AC,5,10,カルシウム,nawl
6644,coordinate,verb,AC,5,10,調整する、 まとめる,nawl
6645,drift,noun,AC,5,10,漂流、漂う,nawl
6646,enzyme,noun,AC,5,10,酵素,nawl
6647,evolutionary,adj,AC,5,10,進化の,nawl
6648,hormone,noun,AC,5,10,ホルモン,nawl
6649,infinity,noun,AC,5,10,無限,nawl
6650,membrane,noun,AC,5,10,膜,nawl
6651,methodology,noun,AC,5,10,方法論,nawl
6652,stimulus,noun,AC,5,10,刺激,nawl
6653,hawk,noun,AC,5,10,タカ,nawl
6654,inferior,adj,AC,5,10,劣る、目下の者,nawl
6655,epidemic,adj,AC,5,10,流行性の、伝染病,nawl
6656,predominantly,adv,AC,5,10,圧倒的に,nawl
6657,capitalist,noun,AC,5,10,資本家、 資本主義者,nawl
6658,receptor,noun,AC,5,10,受容体,nawl
6659,reproduction,noun,AC,5,10,再生、生殖作用,nawl
6660,subjective,adj,AC,5,10,主観的な,nawl
6661,bodily,adv,AC,5,10,身体の,nawl
6662,developmental,adj,AC,5,10,発達上の,nawl
6663,fertility,noun,AC,5,10,肥沃、繁殖力,nawl
6664,hierarchy,noun,AC,5,10,階層、ヒエラルキー,nawl
6665,metabolism,noun,AC,5,10,代謝,nawl
6666,render,verb,AC,5,10,〜の状態にする、与える,nawl
6667,variant,noun,AC,5,10,変異,nawl
6668,algebra,noun,AC,5,10,代数学,nawl
6669,continuity,noun,AC,5,10,継続性,nawl
6670,fundamentally,adv,AC,5,10,根本的に,nawl
6671,incumbent,noun,AC,5,10,現職,nawl
6672,maternal,adj,AC,5,10,母性の,nawl
6673,occurrence,noun,AC,5,10,発生、出来事,nawl
6674,offspring,noun,AC,5,10,子孫,nawl
6675,pathway,noun,AC,5,10,経路,nawl
6676,scripture,noun,AC,5,10,聖書,nawl
6677,vegetation,noun,AC,5,10,植生,nawl
6678,activate,verb,AC,5,10,始動する,nawl
6679,neural,adj,AC,5,10,神経の,nawl
6680,nitrogen,noun,AC,5,10,窒素,nawl
6681,phenomenal,adj,AC,5,10,驚異的な,nawl
6682,photographic,adj,AC,5,10,写真の,nawl
6683,spatial,adj,AC,5,10,空間的な,nawl
6684,transplant,noun,AC,5,10,移植、移植する,nawl
6685,cue,noun,AC,5,10,合図、合図を送る,nawl
6686,finite,adj,AC,5,10,有限の,nawl
6687,lateral,adj,AC,5,10,横の、側面,nawl
6688,specification,noun,AC,5,10,仕様,nawl
6689,allocation,noun,AC,5,10,割り当て,nawl
6690,initiate,verb,AC,5,10,始める,nawl
6691,whereby,adv,AC,5,10,それによって～する,nawl
6692,acceleration,noun,AC,5,10,加速,nawl
6693,bacterial,adj,AC,5,10,細菌の,nawl
6694,null,adj,AC,5,10,無効の,nawl
6695,quantitative,adj,AC,5,10,量的な,nawl
6696,onset,noun,AC,5,10,開始,nawl
6697,plantation,noun,AC,5,10,農園,nawl
6698,specimen,noun,AC,5,10,見本、標本,nawl
6699,sponsorship,noun,AC,5,10,資金援助,nawl
6700,directive,noun,AC,5,10,指令、指示の,nawl
6701,friction,noun,AC,5,10,摩擦,nawl
6702,induction,noun,AC,5,10,誘導,nawl
6703,instability,noun,AC,5,10,不安定,nawl
6704,linguistic,adj,AC,5,10,言語の,nawl
6705,lump,noun,AC,5,10,かたまり、しこり,nawl
6706,marginal,adj,AC,5,10,縁の、余白の,nawl
6707,predator,noun,AC,5,10,捕食者,nawl
6708,spontaneous,adj,AC,5,10,自発的な,nawl
6709,theorem,noun,AC,5,10,定理,nawl
6710,tract,noun,AC,5,10,器官系、土地,nawl
6711,dissertation,noun,AC,5,10,論文,nawl
6712,domination,noun,AC,5,10,支配,nawl
6713,emission,noun,AC,5,10,放出、排出量,nawl
6714,fin,noun,AC,5,10,魚のひれ,nawl
6715,fracture,noun,AC,5,10,骨折、骨折する、砕く,nawl
6716,validity,noun,AC,5,10,妥当性,nawl
6717,irrigation,noun,AC,5,10,かんがい,nawl
6718,realism,noun,AC,5,10,現実主義,nawl
6719,defect,noun,AC,5,10,欠陥,nawl
6720,sensory,adj,AC,5,10,感覚の,nawl
6721,terminology,noun,AC,5,10,用語,nawl
6722,mole,noun,AC,5,10,ほくろ,nawl
6723,partition,noun,AC,5,10,分割,nawl
6724,statistically,adv,AC,5,10,統計的に,nawl
6725,susceptible,adj,AC,5,10,影響を受けやすい,nawl
6726,yeast,noun,AC,5,10,イースト,nawl
6727,absorption,noun,AC,5,10,吸収,nawl
6728,accelerate,verb,AC,5,10,加速する,nawl
6729,dependence,noun,AC,5,10,依存,nawl
6730,erase,verb,AC,5,10,消す,nawl
6731,peripheral,adj,AC,5,10,周辺の,nawl
6732,prevalence,noun,AC,5,10,流行,nawl
6733,anthropology,noun,AC,5,10,人類学,nawl
6734,derivative,adj,AC,5,10,派生物、派生語、派生した,nawl
6735,intervene,verb,AC,5,10,介入する,nawl
6736,undermine,verb,AC,5,10,弱体化させる,nawl
6737,corpus,noun,AC,5,10,集成、コーパス、体,nawl
6738,incidence,noun,AC,5,10,発生率,nawl
6739,lever,noun,AC,5,10,レバー,nawl
6740,mutation,noun,AC,5,10,突然変異,nawl
6741,pest,noun,AC,5,10,害虫,nawl
6742,plausible,adj,AC,5,10,もっともらしい,nawl
6743,precipitation,noun,AC,5,10,降水量,nawl
6744,substrate,verb,AC,5,10,基板,nawl
6745,displacement,noun,AC,5,10,移動、置換,nawl
6746,maximize,verb,AC,5,10,最大化する,nawl
6747,periodic,adj,AC,5,10,定期的な,nawl
6748,portray,verb,AC,5,10,描く,nawl
6749,practitioner,noun,AC,5,10,（専門職・技術などの）開業者、（特に）開業医,nawl
6750,temporal,adj,AC,5,10,一時的な,nawl
6751,conceptual,adj,AC,5,10,概念の,nawl
6752,differentiate,verb,AC,5,10,区別する、差別化する,nawl
6753,empirical,adj,AC,5,10,実証的な、経験による,nawl
6754,peasant,noun,AC,5,10,小作人,nawl
6755,presume,verb,AC,5,10,推定する,nawl
6756,adaptive,adj,AC,5,10,適応性のある,nawl
6757,onwards,adv,AC,5,10,前方へ,nawl
6758,paradigm,noun,AC,5,10,パラダイム,nawl
6759,trajectory,noun,AC,5,10,弾道,nawl
6760,calculus,noun,AC,5,10,結石、微積分（数学）,nawl
6761,equilibrium,noun,AC,5,10,平衡,nawl
6762,interestingly,adv,AC,5,10,興味深いことに,nawl
6763,nominal,adj,AC,5,10,名ばかりの,nawl
6764,accumulation,noun,AC,5,10,蓄積,nawl
6765,conditional,adj,AC,5,10,条件付きの,nawl
6766,cortex,noun,AC,5,10,皮質,nawl
6767,elastic,adj,AC,5,10,弾性の,nawl
6768,abdominal,adj,AC,5,10,腹部の,nawl
6769,adolescent,noun,AC,5,10,青春期の若者,nawl
6770,dictate,verb,AC,5,10,書き取らせる、口述する,nawl
6771,potassium,noun,AC,5,10,カリウム,nawl
6772,rotate,verb,AC,5,10,回転する,nawl
6773,archaeology,noun,AC,5,10,考古学,nawl
6774,circa,noun,AC,5,10,約（年号に使われる）,nawl
6775,flux,noun,AC,5,10,流れ,nawl
6776,parameter,noun,AC,5,10,パラメーター,nawl
6777,discrete,adj,AC,5,10,別々の,nawl
6778,induce,verb,AC,5,10,誘発する,nawl
6779,multinational,adj,AC,5,10,多国籍の、多国籍企業,nawl
6780,portrayal,adj,AC,5,10,描写,nawl
6781,replicate,verb,AC,5,10,複製する,nawl
6782,dialect,noun,AC,5,10,方言,nawl
6783,optimum,adj,AC,5,10,最適な,nawl
6784,physiological,adj,AC,5,10,生理学的な,nawl
6785,reactive,adj,AC,5,10,反応の,nawl
6786,transcription,noun,AC,5,10,転写,nawl
6787,characterization,noun,AC,5,10,特徴付けること,nawl
6788,fungus,noun,AC,5,10,菌,nawl
6789,marrow,noun,AC,5,10,骨髄,nawl
6790,planner,noun,AC,5,10,手帳、ノート,nawl
6791,residue,noun,AC,5,10,剰余、残留物,nawl
6792,subset,noun,AC,5,10,少派,nawl
6793,syntax,noun,AC,5,10,構文,nawl
6794,watershed,verb,AC,5,10,流域,nawl
6795,hepatitis,noun,AC,5,10,肝炎,nawl
6796,initiation,noun,AC,5,10,開始,nawl
6797,residual,adj,AC,5,10,残りの、残余,nawl
6798,appendix,noun,AC,5,10,付録、追加,nawl
6799,antibiotic,adj,AC,5,10,抗生物質、抗生物質の,nawl
6800,primer,noun,AC,5,10,入門書,nawl
6801,regression,noun,AC,5,10,退行,nawl
6802,differentiation,noun,AC,5,10,差別化、分化,nawl
6803,pragmatic,adj,AC,5,10,実用的な,nawl
6804,slab,noun,AC,5,10,厚板、厚切り,nawl
6805,chromosome,noun,AC,5,10,染色体,nawl
6806,formulation,noun,AC,5,10,形成、策定,nawl
6807,gradient,noun,AC,5,10,勾配,nawl
6808,biodiversity,noun,AC,5,10,生物多様性,nawl
6809,connector,noun,AC,5,10,コネクタ,nawl
6810,notation,noun,AC,5,10,表記法,nawl
6811,antibody,noun,AC,5,10,抗体,nawl
6812,convergence,noun,AC,5,10,収束,nawl
6813,estimation,noun,AC,5,10,推定,nawl
6814,globalization,noun,AC,5,10,世界化,nawl
6815,stabilize,verb,AC,5,10,安定させる,nawl
6816,implicit,adj,AC,5,10,暗黙の,nawl
6817,qualitative,adj,AC,5,10,質的な,nawl
6818,variance,noun,AC,5,10,分散,nawl
6819,wavelength,noun,AC,5,10,波長,nawl
6820,orient,verb,AC,5,10,適応させる、正しい方向に置く,nawl
6821,simulate,verb,AC,5,10,ふりをする、シミュレーションをする,nawl
6822,soluble,adj,AC,5,10,水溶性,nawl
6823,antiquity,noun,AC,5,10,古代、古代に作られたもの,nawl
6824,linguistics,noun,AC,5,10,言語学,nawl
6825,migrate,verb,AC,5,10,移動する、 移住する,nawl
6826,phosphate,noun,AC,5,10,リン酸塩,nawl
6827,proton,noun,AC,5,10,陽子,nawl
6828,replication,noun,AC,5,10,レプリケーション,nawl
6829,sediment,noun,AC,5,10,堆積物,nawl
6830,artifact,noun,AC,5,10,工芸品、人工遺物,nawl
6831,coronary,adj,AC,5,10,冠状動脈,nawl
6832,depict,verb,AC,5,10,描写する,nawl
6833,diagnose,verb,AC,5,10,診断する,nawl
6834,morphology,noun,AC,5,10,形態,nawl
6835,novice,noun,AC,5,10,初心者,nawl
6836,substitution,noun,AC,5,10,代用、置換,nawl
6837,deviation,noun,AC,5,10,逸脱、偏差,nawl
6838,diffusion,noun,AC,5,10,拡散,nawl
6839,fetal,adj,AC,5,10,胎児,nawl
6840,motif,noun,AC,5,10,モチーフ,nawl
6841,semantic,adj,AC,5,10,意味の,nawl
6842,chloride,noun,AC,5,10,塩化物,nawl
6843,coefficient,adj,AC,5,10,係数,nawl
6844,enormously,adv,AC,5,10,非常に,nawl
6845,inhibition,noun,AC,5,10,抑制、阻害,nawl
6846,elevate,verb,AC,5,10,高くあげる,nawl
6847,variability,noun,AC,5,10,変動,nawl
6848,conserve,verb,AC,5,10,保存する、節約する,nawl
6849,contour,noun,AC,5,10,輪郭,nawl
6850,longitudinal,adj,AC,5,10,縦方向の,nawl
6851,censor,noun,AC,5,10,検閲官、検閲する,nawl
6852,biologist,noun,AC,5,10,生物学者,nawl
6853,computation,noun,AC,5,10,計算,nawl
6854,grammatical,adj,AC,5,10,文法の,nawl
6855,acidic,adj,AC,5,10,酸性の,nawl
6856,indifference,noun,AC,5,10,無関心,nawl
6857,inhibit,verb,AC,5,10,抑制する,nawl
6858,syllabus,noun,AC,5,10,概要,nawl
6859,exponential,adj,AC,5,10,指数の,nawl
6860,approximation,noun,AC,5,10,近似,nawl
6861,allocate,verb,AC,5,10,割り当てる,nawl
6862,complication,noun,AC,5,10,合併症,nawl
6863,epidemiology,noun,AC,5,10,疫学,nawl
6864,denote,verb,AC,5,10,示す,nawl
6865,amplitude,noun,AC,5,10,振幅,nawl
6866,degrade,verb,AC,5,10,低下する、分解する,nawl
6867,postgraduate,noun,AC,5,10,大学院生,nawl
6868,nonlinear,adj,AC,5,10,非線形の,nawl
6869,uplift,noun,AC,5,10,元気付ける,nawl
6870,helix,noun,AC,5,10,螺旋,nawl
6871,inversion,noun,AC,5,10,反転,nawl
6872,emit,verb,AC,5,10,出す、発する,nawl
6873,pesticide,noun,AC,5,10,農薬,nawl
6874,converge,verb,AC,5,10,集中する,nawl
6875,deflection,noun,AC,5,10,たわみ,nawl
6876,reconstruct,verb,AC,5,10,再構築する,nawl
6877,affirm,verb,AC,5,10,確認する,nawl
6878,correlate,verb,AC,5,10,相関がある,nawl
6879,dilute,verb,AC,5,10,希薄な、薄くする,nawl
6880,facet,noun,AC,5,10,宝石などの小面,nawl
6881,locus,noun,AC,5,10,軌跡,nawl
6882,circulate,verb,AC,5,10,循環する,nawl
6883,equivalence,noun,AC,5,10,同価値,nawl
6884,cyclic,adj,AC,5,10,循環の、環式の,nawl
6885,neuron,noun,AC,5,10,ニューロン,nawl
6886,incline,noun,AC,5,10,傾く、傾斜,nawl
6887,morphological,adj,AC,5,10,形態素,nawl
6888,denominator,noun,AC,5,10,分母,nawl
6889,mediate,verb,AC,5,10,仲介する,nawl
6890,elasticity,noun,AC,5,10,弾力性,nawl
6891,rationality,noun,AC,5,10,合理性,nawl
6892,industrialization,noun,AC,5,10,工業化,nawl
6893,aerosol,noun,AC,5,10,エアロゾル,nawl
6894,axiom,noun,AC,5,10,公理,nawl
6895,dissection,noun,AC,5,10,切開,nawl
6896,conduction,noun,AC,5,10,伝導,nawl
6897,lexical,adj,AC,5,10,語彙の,nawl
6898,oscillation,noun,AC,5,10,振動,nawl
6899,encode,verb,AC,5,10,暗号化する,nawl
6900,connotation,noun,AC,5,10,含蓄,nawl
6901,embed,verb,AC,5,10,埋め込む,nawl
6902,entrant,noun,AC,5,10,参加者,nawl
6903,demonstrator,noun,AC,5,10,証明者,nawl
6904,capillary,noun,AC,5,10,毛細血管,nawl
6905,splice,noun,AC,5,10,接合,nawl
6906,volition,noun,AC,5,10,意志選択行為,nawl
6907,constrain,verb,AC,5,10,強制する、 抑制する,nawl
6908,syntactic,adj,AC,5,10,構文,nawl
6909,unintelligible,adj,AC,5,10,理解できない,nawl
6910,descriptor,noun,AC,5,10,記述語、記述子,nawl
6911,herbicide,noun,AC,5,10,除草剤,nawl
6912,precipitate,verb,AC,5,10,沈殿物,nawl
6913,invert,verb,AC,5,10,反転する,nawl
6914,phonological,adj,AC,5,10,音韻的な,nawl
6915,secrete,verb,AC,5,10,隠す、分泌する,nawl
6916,standardize,verb,AC,5,10,標準化する,nawl
6917,utterance,noun,AC,5,10,発話,nawl
6918,congruent,adj,AC,5,10,合同の,nawl
6919,transcribe,verb,AC,5,10,～を書き写す,nawl
6920,confound,verb,AC,5,10,情況などを混乱させる,nawl
6921,parenthesis,noun,AC,5,10,括弧,nawl
6922,solute,adj,AC,5,10,溶質,nawl
6923,headquarter,noun,AC,5,10,本社,nawl
6924,factorial,adj,AC,5,10,要因の、階乗の,nawl
6925,oxidize,verb,AC,5,10,酸化,nawl
